contigName	contigLen	totalAvgDepth	ERR13958310.sorted.bam	ERR13958310.sorted.bam-var
k141_75028	1566	10.6476	10.6476	17.369
k141_28137	2567	9.59702	9.59702	11.9402
k141_46896	1858	6.91159	6.91159	7.91194
k141_56277	1504	5.90916	5.9099	8.32441
k141_65653	2938	6.68077	6.68077	12.0301
k141_75033	1931	7.84784	7.84784	11.4223
k141_18767	2245	6.26301	6.26301	10.8997
k141_56278	2648	7.08487	7.08487	6.84343
k141_103169	3472	7.8224	7.8224	10.2293
k141_18768	2443	10.4645	10.4645	16.9373
k141_93796	3306	7.12009	7.12009	11.5998
k141_37535	1753	8.51965	8.51965	28.4346
k141_56284	1769	11.1384	11.1384	18.123
k141_28153	1537	5.15429	5.15429	9.23437
k141_9396	2747	7.0824	7.0824	12.7774
k141_75042	1944	8.18729	8.18785	8.87547
k141_18770	3955	7.6092	7.6092	13.1435
k141_37538	2768	6.88732	6.88732	6.01361
k141_46910	1851	5.43034	5.43034	5.49003
k141_15	3098	10.9752	10.9752	22.8589
k141_18771	1672	6.68463	6.68463	9.247
k141_103176	3091	19.4138	19.4138	78.2563
k141_75043	2489	6.06798	6.06798	8.80334
k141_84430	1632	6.49123	6.49123	7.84628
k141_16	2716	6.88504	6.88504	9.58478
k141_65667	1607	5.81743	5.81743	4.66855
k141_28159	1721	4.36474	4.36537	4.29575
k141_103177	3039	8.07061	8.07061	21.4301
k141_65668	1862	6.76285	6.76285	6.672
k141_9404	1620	10.049	10.049	13.1794
k141_46914	2454	5.66623	5.66623	6.99892
k141_56290	4630	16.7969	16.7969	34.6947
k141_93804	5783	10.0288	10.0288	18.9899
k141_18	1869	8.94532	8.94532	18.8864
k141_75046	2677	8.33518	8.33518	10.2143
k141_37544	3084	11.5184	11.5184	30.0548
k141_56291	1893	5.87665	5.87665	8.42388
k141_46917	1938	4.7377	4.7377	2.65696
k141_18774	6012	10.1952	10.1952	18.0292
k141_75048	1877	7.9421	7.9421	10.2748
k141_65670	3651	15.6364	15.6364	36.4232
k141_28162	4139	8.20582	8.20582	10.687
k141_20	2628	19.3628	19.3628	168.894
k141_103187	1898	5.67277	5.67277	7.96837
k141_93809	1795	6.64012	6.64012	14.8387
k141_18777	2540	6.00837	6.00837	8.27531
k141_28167	1530	4.52464	4.52464	3.39391
k141_65675	2875	11.7563	11.7563	30.5529
k141_24	1947	10.5715	10.5715	42.6003
k141_75055	2753	10.4871	10.4871	19.6889
k141_46926	1673	6.6415	6.6415	4.01595
k141_25	1526	7.23328	7.23328	14.3099
k141_103193	1525	17.9585	17.9585	48.9249
k141_18783	2246	9.85592	9.85592	18.5453
k141_18784	1757	7.2066	7.2066	12.118
k141_56306	1767	14.6914	14.6914	18.8821
k141_29	1928	189.138	189.138	14630.6
k141_37561	4760	11.736	11.736	27.0029
k141_9421	5259	7.57565	7.57565	13.4099
k141_84442	9337	13.1674	13.1674	28.2535
k141_103199	2250	11.001	11.001	7.06621
k141_75067	2149	6.78189	6.78189	13.3088
k141_33	2093	6.97478	6.97478	15.3028
k141_18789	2113	5.99745	5.99745	14.6642
k141_56307	5997	10.4799	10.4801	22.312
k141_93819	7117	10.9693	10.9693	16.5475
k141_9423	4586	19.6152	19.6152	40.6084
k141_46938	4631	12.7735	12.7735	28.3027
k141_18790	3748	8.4119	8.4119	18.8127
k141_56310	1614	6.53825	6.53825	12.3485
k141_28178	9349	11.0592	11.0594	19.3444
k141_9425	1782	10.636	10.636	22.4855
k141_34	5034	9.36876	9.36896	14.4439
k141_56312	1986	8.13943	8.13943	10.2716
k141_65683	12971	10.9672	10.9672	25.5114
k141_28182	1701	7.11863	7.11863	17.9795
k141_103217	1833	5.83244	5.83244	8.29652
k141_46945	2998	6.29108	6.29108	12.5523
k141_75081	3312	9.46869	9.46869	19.7011
k141_41	1954	5.1541	5.1541	3.24524
k141_93823	7487	10.2986	10.2986	18.1217
k141_65686	1703	6.56793	6.56793	17.2817
k141_84454	7949	7.80523	7.80523	15.1946
k141_46947	1753	12.3119	12.3119	53.9274
k141_75083	1863	12.6334	12.6334	17.4122
k141_37585	1915	10.6822	10.6822	12.7645
k141_18795	6525	10.1407	10.1407	17.5068
k141_46948	1509	11.4113	11.4113	11.0582
k141_65687	2571	9.63982	9.63982	10.1801
k141_56326	1780	5.89325	5.89325	4.73509
k141_43	3115	8.67352	8.67352	11.7902
k141_84460	1513	7.73147	7.73147	7.63124
k141_103221	5268	9.62544	9.62544	21.5941
k141_46950	2005	11.2868	11.2868	22.5011
k141_75087	3341	8.13131	8.13131	24.1723
k141_56328	2578	13.4271	13.4271	434.969
k141_65690	3574	8.76694	8.76723	20.4359
k141_45	1619	7.5017	7.5017	6.41363
k141_37592	1524	15.6092	15.6092	27.8552
k141_84462	2542	7.74164	7.74164	13.7433
k141_56329	2278	8.42669	8.42669	11.5328
k141_103224	2831	6.06266	6.06304	7.64341
k141_93830	7486	9.88918	9.88918	15.3406
k141_37595	1803	13.6044	13.6044	31.0371
k141_56332	1606	14.3839	14.3839	66.1021
k141_18807	1739	10.1315	10.1322	15.6753
k141_52	1745	5.80063	5.80063	9.8335
k141_46956	2886	41.3754	41.3754	624.298
k141_84467	3695	10.7506	10.7506	15.4711
k141_56333	2887	7.86335	7.86335	10.5062
k141_65699	3076	10.5379	10.5379	29.3447
k141_18813	2124	5.95491	5.95491	10.0604
k141_56	1945	5.77604	5.77604	12.4392
k141_46961	2005	6.45013	6.45013	8.17847
k141_37601	4460	6.33828	6.33828	8.70338
k141_65701	1543	8.46016	8.46016	10.0977
k141_103231	5608	10.6189	10.6189	16.4397
k141_18816	2472	9.13997	9.13997	19.1881
k141_84472	3327	8.46805	8.46805	17.1848
k141_57	2805	7.40942	7.40942	9.88165
k141_37606	2012	41.6778	41.6778	216.471
k141_56345	2103	6.36252	6.36252	12.5099
k141_46963	5577	7.21117	7.21117	13.9376
k141_18820	3788	6.90544	6.90544	19.4648
k141_46964	1862	8.54907	8.54907	11.5113
k141_84475	4778	12.2258	12.2258	25.7773
k141_28184	26513	19.4731	19.4731	47.8886
k141_93835	16494	13.2955	13.2955	23.4903
k141_84476	1947	7.10128	7.10128	6.79708
k141_103232	9776	9.19104	9.19104	13.5731
k141_37610	1741	9.40352	9.40352	22.0258
k141_28187	1942	9.08984	9.08984	14.8031
k141_71	2628	7.5113	7.5113	10.967
k141_37611	2377	28.6273	28.6273	301.597
k141_65721	1599	7.88544	7.88544	9.76174
k141_28188	1846	3.55189	3.55189	2.39496
k141_37612	1901	14.4015	14.4015	39.3239
k141_65722	2100	6.44718	6.44718	12.7953
k141_93845	2282	9.23593	9.23593	18.1203
k141_77	3413	6.38002	6.38002	9.06937
k141_28194	1568	6.11213	6.11213	7.6678
k141_65725	2474	7.94923	7.94923	14.898
k141_78	2158	5.25249	5.25249	8.78178
k141_103252	1629	7.53212	7.53212	11.0014
k141_28198	1631	5.89737	5.89737	7.20977
k141_93853	1961	6.63887	6.63887	9.52254
k141_65729	1645	7.55585	7.55585	7.22966
k141_37620	4742	6.58406	6.58406	8.23602
k141_79	3917	10.3977	10.3977	12.9916
k141_93856	1889	10.7522	10.7522	21.58
k141_65731	3001	7.95966	7.95966	12.6422
k141_84479	13820	10.5472	10.5472	18.7559
k141_93858	2056	6.13641	6.13641	5.91314
k141_103265	1627	12.6852	12.6852	18.972
k141_37629	2154	24.3658	24.3658	191.935
k141_28202	7341	20.3639	20.3639	56.4567
k141_84485	1759	5.98633	5.98633	12.5992
k141_65734	4169	7.83429	7.83429	17.0287
k141_82	6898	10.2768	10.2768	21.1381
k141_37632	1889	10.816	10.816	16.1376
k141_83	1708	8.7837	8.7837	14.5408
k141_93860	4642	10.8593	10.8595	19.2053
k141_93862	1525	7.92655	7.92655	6.78719
k141_84488	2394	8.66845	8.66845	17.5538
k141_28210	1983	8.06601	8.06601	14.7833
k141_37642	1651	6.10393	6.10393	6.99187
k141_84489	1989	7.66667	7.66667	25.1114
k141_103276	3840	8.80217	8.80244	28.3773
k141_86	2647	24.8518	24.8518	165.362
k141_93867	1917	7.0034	7.0034	14.1789
k141_75093	47618	13.3843	13.3843	29.7383
k141_37644	2752	109.663	109.663	4753.41
k141_28213	4063	10.0923	10.0923	23.2891
k141_56356	31709	35.1842	35.1842	92.8149
k141_75098	1569	7.63777	7.63777	13.3244
k141_9426	66570	23.5299	23.5299	64.0729
k141_93870	5203	9.57194	9.57194	17.9905
k141_103277	8144	10.6205	10.6205	21.0644
k141_75099	2698	6.36225	6.36225	11.1882
k141_56357	3167	12.1952	12.1952	28.7981
k141_37645	5189	7.54257	7.54257	15.1515
k141_84505	1734	6.9779	6.9779	13.7462
k141_94	3725	7.88308	7.88308	21.5834
k141_93874	1552	10.8916	10.8916	13.8997
k141_37648	2316	5.90397	5.90397	12.1819
k141_56359	4465	8.22966	8.22966	16.7386
k141_37649	1924	7.81623	7.81623	11.2646
k141_75109	1635	6.13401	6.13401	17.5568
k141_28215	10330	10.4546	10.4546	21.1862
k141_9432	4219	10.1851	10.1851	20.7816
k141_9434	1915	6.40963	6.40963	16.5764
k141_65741	21187	16.1156	16.1156	42.2965
k141_103286	4231	7.39402	7.39402	6.80544
k141_28223	1763	8.61314	8.61314	16.9222
k141_93885	2145	8.94737	8.94737	21.7862
k141_75116	2566	9.00786	9.00786	14.8855
k141_65743	2456	16.1847	16.1847	28.2339
k141_28225	1999	35.7642	35.7642	332.771
k141_56367	4906	10.2336	10.2336	20.3578
k141_103291	2118	6.06301	6.06301	14.1456
k141_9438	5848	8.88505	8.88522	12.5344
k141_99	14093	15.5647	15.5647	36.079
k141_46968	55571	18.8067	18.8067	45.3632
k141_65746	1852	5.44477	5.44477	9.72151
k141_56371	1644	4.06091	4.06091	5.33794
k141_9444	2240	8.33014	8.33014	19.9045
k141_84524	9964	10.0001	10.0001	18.3633
k141_46971	2040	9.82804	9.82804	14.7438
k141_105	1809	6	6	9.21472
k141_93890	6082	7.53051	7.53051	10.9779
k141_65747	4699	8.60761	8.60761	13.9796
k141_103295	7584	16.7635	16.7637	34.8594
k141_9450	2073	5.9766	5.9766	7.28407
k141_109	2632	41.6503	41.6503	85.5654
k141_56383	2675	7.97743	7.97743	9.22339
k141_84531	2976	8.68401	8.68401	13.4241
k141_84534	1906	5.54157	5.54157	9.74927
k141_9455	2125	6.50127	6.50127	5.39602
k141_28226	17465	12.1168	12.1168	21.4457
k141_93901	3841	6.91845	6.91845	19.4725
k141_103297	6698	8.97236	8.97236	11.3263
k141_28228	2710	8.02852	8.02852	14.8537
k141_56387	5247	8.35334	8.35334	15.0056
k141_84541	2484	6.14781	6.14781	2.57952
k141_93908	2043	5.02219	5.02219	7.09152
k141_103299	3532	9.57244	9.57274	11.2368
k141_110	11071	10.0845	10.0845	19.1804
k141_37662	22146	15.9892	15.9892	38.0781
k141_56388	3356	7.27261	7.27261	11.6904
k141_9465	2861	7.8709	7.8709	7.33382
k141_75117	27336	18.6066	18.6066	48.1503
k141_93912	3098	5.94132	5.94132	7.21171
k141_46995	4179	9.6004	9.6004	16.6147
k141_28233	2483	8.13759	8.13759	8.55432
k141_37666	1903	8.1312	8.1312	16.9062
k141_9467	3779	8.33563	8.33563	9.90553
k141_75119	1831	6.77573	6.77573	14.4453
k141_117	2037	6.77848	6.77848	16.1556
k141_56396	1851	4.94885	4.94885	5.39796
k141_28236	3163	6.99834	6.99834	12.6804
k141_18822	79874	23.7109	23.7109	54.8853
k141_9472	1578	5.95238	5.95238	8.2794
k141_37672	2409	51.3506	51.3506	296.149
k141_75125	3653	8.45761	8.45761	9.86102
k141_84547	11058	10.8991	10.8991	22.9627
k141_47001	4892	7.86356	7.86356	15.0691
k141_56398	3627	8.16652	8.16652	24.0642
k141_18825	2818	8.56522	8.56559	19.5348
k141_93930	1749	6.26892	6.26892	7.99775
k141_28245	2092	5.9171	5.9171	8.35834
k141_103317	3276	16.7281	16.7281	65.4375
k141_75128	2594	6.91367	6.91367	11.9471
k141_37680	1720	5.4465	5.4465	5.35755
k141_84551	1975	11.7622	11.7622	19.7219
k141_28249	1671	8.63708	8.63708	14.0038
k141_56400	4459	10.3233	10.3233	13.2107
k141_103322	2867	6.12661	6.12661	8.71081
k141_127	7284	9.24867	9.24867	13.1619
k141_56402	1793	5.54352	5.54352	4.87923
k141_93939	3754	13.4273	13.4273	25.4844
k141_18831	4304	9.28238	9.28238	11.3311
k141_93940	1577	6.52348	6.52348	12.617
k141_37691	2268	42.7908	42.7908	215.605
k141_103327	1556	8.89758	8.89758	9.19087
k141_28253	4956	7.53329	7.53329	12.8998
k141_65752	39475	18.6041	18.6041	42.8403
k141_37694	2253	41.0989	41.0989	281.433
k141_18835	3824	9.76837	9.76837	16.6704
k141_37697	1512	5.25624	5.25624	5.47211
k141_9475	17945	11.1921	11.1921	21.5643
k141_18836	2088	8.56192	8.56192	11.378
k141_129	8877	32.187	32.1871	182.221
k141_93952	1533	6.8872	6.8872	12.0958
k141_47005	14906	13.7493	13.7493	31.6062
k141_56412	2535	6.58826	6.58826	9.44958
k141_37698	1744	9.4862	9.4862	15.9159
k141_103328	7988	57.9971	57.9971	7273.48
k141_18840	1646	5.2754	5.2754	4.92337
k141_37700	2024	8.91089	8.91089	12.7678
k141_93954	3111	11.6765	11.6765	15.4811
k141_47010	1835	4.37211	4.37211	2.55919
k141_28255	8868	11.3667	11.3667	31.1067
k141_103330	2167	9.29152	9.29152	12.4854
k141_9476	4888	14.6596	14.6596	26.9259
k141_18842	2475	9.83527	9.83527	14.068
k141_103331	2088	6.0547	6.0547	12.7304
k141_28257	3483	7.22832	7.22832	18.7638
k141_9480	2076	9.33229	9.33229	9.57368
k141_141	1793	5.81376	5.81376	6.68518
k141_75160	1718	8.44707	8.44707	24.4566
k141_103337	1538	5.70029	5.70029	6.34413
k141_142	2454	5.48828	5.48828	7.25556
k141_37709	4717	12.9361	12.9361	26.7939
k141_84552	21340	16.025	16.025	31.4545
k141_75162	3291	11.1897	11.1897	19.1244
k141_18850	2962	13.3044	13.3044	106.604
k141_37711	1801	42.2726	42.2726	1425.55
k141_93956	9101	13.9924	13.9924	20.7729
k141_37715	1514	29.4428	29.4428	141.582
k141_84561	1533	6.14461	6.14461	4.43782
k141_149	1585	5.86969	5.86969	5.13852
k141_56417	14381	18.5274	18.5274	60.4015
k141_103343	3437	6.88652	6.88652	11.9332
k141_65754	21489	10.9391	10.9391	26.1838
k141_9495	1551	6.19986	6.19986	7.78146
k141_56418	1797	4.55313	4.55373	2.43802
k141_75171	2122	4.40822	4.40822	3.79921
k141_18854	6064	9.67467	9.67467	16.7362
k141_84567	1526	7.28706	7.28706	9.68409
k141_28258	13960	18.637	18.637	41.83
k141_152	3528	9.9177	9.9177	16.8306
k141_103347	3836	10.643	10.643	20.577
k141_65761	1846	5.65389	5.65389	5.57159
k141_9501	2693	7.20291	7.20291	11.5874
k141_18855	3659	8.61357	8.61357	15.8592
k141_56421	2537	5.55341	5.55341	9.28835
k141_75175	1635	6.20202	6.20202	7.42688
k141_155	1625	5.50441	5.50508	5.89734
k141_103349	2382	6.04615	6.04615	6.6617
k141_65766	1888	6.81358	6.81358	5.62559
k141_9504	2472	10.6641	10.6641	39.5188
k141_103351	2210	11.8437	11.8437	23.0742
k141_75177	4263	17.2657	17.2657	120.971
k141_84577	2618	5.6094	5.6094	5.19961
k141_28266	3282	10.8011	10.8011	22.8532
k141_84578	2342	6.58257	6.58257	11.5084
k141_18863	1894	5.16227	5.16227	11.2284
k141_93984	1528	5.44412	5.44412	9.19266
k141_28268	1561	5.48831	5.48831	5.86418
k141_56427	3659	9.48048	9.48048	18.4826
k141_103358	1547	4.29492	4.29563	5.01641
k141_65769	2498	8.75554	8.75554	13.4017
k141_75179	4746	10.0348	10.0348	14.7514
k141_65770	1566	10.0311	10.0318	15.8046
k141_37732	6116	11.2828	11.2828	30.6512
k141_75181	1547	7.04366	7.04366	12.5533
k141_156	8825	23.356	23.356	176.965
k141_93986	2924	8.56525	8.56525	16.82
k141_9511	2960	6.89609	6.89609	7.10845
k141_37735	1803	7.60496	7.60496	23.307
k141_65772	2655	10.1301	10.1301	26.3248
k141_56431	3273	6.99167	6.99167	8.23064
k141_28272	3906	14.6542	14.6542	39.1959
k141_84588	2167	4.38175	4.38175	6.06152
k141_18874	1928	5.93982	5.93982	5.15728
k141_56432	2304	23.4824	23.4824	47.6558
k141_75185	4321	7.4819	7.4819	13.434
k141_160	5358	16.8882	16.8882	32.6273
k141_37741	1978	6.43709	6.43709	6.09185
k141_9519	1510	4.78088	4.78088	4.26986
k141_56437	1719	6.44168	6.44168	9.52616
k141_103364	9641	12.4527	12.4527	39.6724
k141_84590	5309	10.5751	10.5751	28.0001
k141_162	1622	6.31658	6.31658	17.2662
k141_9520	2781	13.8932	13.8932	30.4864
k141_18875	5444	9.6292	9.6292	22.8264
k141_93997	3205	50.1146	50.1146	260.159
k141_84591	2259	7.57089	7.57089	8.77928
k141_103366	3021	10.782	10.782	44.2675
k141_18877	1512	5.30764	5.30764	8.3381
k141_164	3993	9.93391	9.93391	20.2709
k141_28279	7840	15.5451	15.5451	33.2742
k141_65785	4608	23.3914	23.3914	171.551
k141_9521	4606	9.49888	9.49888	23.4536
k141_56446	3100	16.5427	16.5427	55.6289
k141_94002	2057	141.212	141.212	2303.48
k141_18881	1749	6.39212	6.39212	8.58518
k141_103372	3417	10.8711	10.8711	13.9914
k141_75208	1710	6.84231	6.84231	6.19968
k141_9527	2135	19.3839	19.3839	66.8644
k141_65790	4121	6.95593	6.95593	9.14483
k141_56447	4074	44.8897	44.8897	184.99
k141_28286	3489	9.89188	9.89188	15.0157
k141_37749	9738	15.4631	15.4631	31.8763
k141_18883	5261	9.17727	9.17727	16.4681
k141_18884	1699	8.08715	8.08715	16.2257
k141_75215	1691	16.1265	16.1265	37.0898
k141_65793	1799	9.43299	9.43299	15.4265
k141_56449	2150	16.3975	16.3975	32.941
k141_18885	1645	4.28562	4.28562	6.41702
k141_65796	1524	4.87336	4.87336	6.75015
k141_56452	1642	11.116	11.116	34.8712
k141_18888	1621	4.41332	4.414	5.97888
k141_94011	4496	8.75702	8.75702	15.3181
k141_103383	5359	133.466	133.466	5655.35
k141_9541	4978	7.79722	7.79722	10.1899
k141_94014	1534	5.48266	5.48266	6.66637
k141_103384	2053	7.17814	7.17814	7.58706
k141_9542	2474	11.898	11.898	29.8963
k141_56455	4896	17.9682	17.9682	39.966
k141_18891	6175	6.83485	6.83485	8.62699
k141_37753	11457	13.0587	13.0587	24.3938
k141_75228	3481	8.55359	8.55359	16.7043
k141_9546	2081	16.5572	16.5577	88.8842
k141_65804	8088	10.4515	10.4515	25.8774
k141_28306	3232	6.75373	6.75373	11.0043
k141_56457	4782	15.7591	15.7591	53.7584
k141_65805	2088	7.87926	7.87926	7.63641
k141_84595	25880	13.1474	13.1474	24.174
k141_37764	3485	14.6933	14.6933	66.6677
k141_47016	68592	16.5694	16.5694	37.8817
k141_56460	2801	11.923	11.923	14.7873
k141_94023	8348	9.45462	9.45462	19.7559
k141_167	27279	48.1314	48.1314	185.715
k141_9552	2644	11.8264	11.8264	31.6316
k141_47017	2027	6.48055	6.48055	4.63038
k141_169	1565	17.2926	17.2926	105.942
k141_9555	1977	10.208	10.208	15.0179
k141_28315	3610	7.74017	7.74017	14.4709
k141_65812	4541	24.5962	24.5962	51.891
k141_84598	1795	7.11429	7.11429	6.63162
k141_75246	2783	63.496	63.496	1442.12
k141_171	1745	7.24075	7.24075	9.98961
k141_18892	15239	10.9968	10.9968	23.2602
k141_47024	1767	5.41002	5.41002	4.80762
k141_103402	8388	10.232	10.232	17.2746
k141_28317	2082	36.3753	36.3753	104.99
k141_65817	1518	9.08187	9.08187	21.5163
k141_47025	1588	10.6356	10.6356	30.5046
k141_37774	2457	8.81101	8.81101	9.93743
k141_75252	1599	7.75431	7.75431	15.0349
k141_18895	3139	6.85045	6.85045	11.1459
k141_28318	3296	7.80579	7.80579	10.9782
k141_103405	3759	9.52147	9.52147	20.6231
k141_9560	5720	9.80898	9.80898	15.5102
k141_65824	1797	7.49848	7.49848	10.1772
k141_75254	1638	9.96169	9.96237	9.08394
k141_94039	1761	4.94972	4.94972	6.62431
k141_37780	1944	10.6026	10.6026	47.0818
k141_181	3820	10.779	10.779	21.4027
k141_84608	2940	7.08674	7.08674	9.2137
k141_28322	2014	6.26288	6.26288	10.5288
k141_103407	1857	6.37258	6.37258	18.629
k141_47028	6666	10.1694	10.1694	19.1022
k141_84609	1733	8.75426	8.75426	20.1917
k141_75255	3834	17.2763	17.2763	33.7656
k141_37781	3395	8.01325	8.01325	8.2474
k141_84611	1702	7.95554	7.95554	10.3816
k141_56480	2808	6.79571	6.79571	9.7028
k141_47033	3052	7.28842	7.28842	10.8845
k141_18897	10193	8.72807	8.72807	13.6862
k141_28330	1887	6.37997	6.37997	13.5065
k141_37788	1901	7.93604	7.93604	10.8095
k141_28331	1596	5.34924	5.34924	6.3894
k141_84617	1507	7.00368	7.00368	5.02873
k141_84618	1607	5.59231	5.59231	7.47782
k141_18901	1933	13.0555	13.0555	25.9021
k141_194	2289	6.42263	6.42263	9.36667
k141_75257	9630	11.1614	11.1614	26.8877
k141_28335	1914	7.25397	7.25397	14.008
k141_84620	3501	6.09251	6.09251	11.9908
k141_37800	2765	6.20956	6.20956	8.28121
k141_94063	2657	5.76506	5.76506	6.06405
k141_37802	2784	9.25475	9.25475	12.5037
k141_84624	3519	10.4779	10.4779	55.4225
k141_56495	4211	111.099	111.099	657.697
k141_28340	4231	11.0174	11.0174	22.6912
k141_47042	8715	9.85709	9.85709	18.327
k141_94067	3991	8.85863	8.85863	8.47299
k141_9603	3988	11.105	11.105	25.1451
k141_18918	2202	9.81628	9.81628	15.0598
k141_56502	2510	9.52966	9.52966	13.6762
k141_84632	1874	10.4165	10.4165	21.83
k141_94070	3107	8.25736	8.25736	13.4096
k141_47047	2025	9.7584	9.7584	20.0574
k141_65834	19898	13.8526	13.8526	86.8336
k141_9605	3752	11.6918	11.6918	14.4799
k141_94071	1652	6.30293	6.30293	19.7651
k141_84636	1714	5.54604	5.54604	6.78927
k141_47048	2038	7.26377	7.26377	6.30559
k141_75259	15248	10.5403	10.5403	21.0302
k141_47051	1556	6.41821	6.41821	12.2891
k141_56507	1574	6.88624	6.88624	5.82127
k141_94078	2438	6.04895	6.04895	11.612
k141_84637	4730	7.45917	7.45917	13.7341
k141_47056	1626	6.8042	6.8042	5.07835
k141_94079	1854	6.22477	6.22477	6.40212
k141_75265	1893	6.78485	6.78485	6.88192
k141_65843	3073	7	7	10.2444
k141_18935	4581	8.35026	8.35026	13.0261
k141_94083	2722	8.37792	8.37792	13.9684
k141_84643	4366	8.21679	8.21679	15.1742
k141_47065	1692	6.63294	6.63294	9.48104
k141_37823	10106	40.3227	40.3228	592.175
k141_18938	2361	5.05246	5.05246	10.8154
k141_9627	3343	6.92703	6.92703	17.5264
k141_28371	3689	8.28539	8.28539	16.5017
k141_18939	2047	9.13284	9.13284	21.1336
k141_94090	2321	47.8268	47.8273	825.216
k141_84647	2158	3.80827	3.80827	2.9154
k141_9630	2432	9.54426	9.54426	24.1333
k141_94091	2422	6.27553	6.27597	12.4103
k141_37834	2233	5.5252	5.5252	6.44255
k141_75283	1937	4.73195	4.73195	10.7306
k141_47067	7636	109.619	109.619	4035.3
k141_37835	1990	90.6674	90.6674	399.437
k141_94096	2051	7.0647	7.0647	21.9279
k141_84650	4284	27.6338	27.6338	955.606
k141_9633	3552	11.3401	11.3401	28.8972
k141_37838	2005	11.0146	11.0146	40.7995
k141_75287	1731	6.48893	6.48893	8.58667
k141_47071	2386	8.08318	8.08318	11.645
k141_84654	2474	5.93072	5.93072	8.91089
k141_75289	1589	7.71855	7.71855	21.0578
k141_65859	9260	12.4809	12.4809	26.9556
k141_94103	2278	7.77914	7.77914	9.10211
k141_28385	4123	12.5147	12.5147	17.3439
k141_47072	3094	9.41202	9.41202	17.5777
k141_37843	2300	4.6893	4.6893	5.38786
k141_84655	2976	8.74275	8.74275	14.4007
k141_65860	1814	7.63341	7.63341	9.5288
k141_37846	1935	72.4471	72.4476	3059.9
k141_28386	5507	12.9517	12.9517	28.77
k141_65867	1610	7.73014	7.73014	12.9553
k141_75304	1687	5.04229	5.04294	4.68438
k141_28390	2123	11.3791	11.3791	18.6148
k141_75306	1648	7.28505	7.28505	24.6343
k141_9640	11913	11.8969	11.8969	27.6535
k141_84670	1534	10.4545	10.4545	23.7463
k141_75307	1521	9.6353	9.6353	14.1399
k141_28391	2592	12.726	12.726	26.3325
k141_18940	25693	16.3868	16.3868	39.2739
k141_94113	11567	13.0313	13.0313	22.7658
k141_84674	1575	4.40772	4.40772	7.816
k141_28392	2976	8.00106	8.00106	13.2449
k141_47074	16606	10.0067	10.0067	21.0636
k141_18945	2519	8.26171	8.26171	8.83847
k141_28397	2205	5.69002	5.69002	7.74465
k141_18947	1587	4.81072	4.81072	10.3054
k141_75312	6904	12.4063	12.4063	31.5581
k141_47081	1772	5.91862	5.91862	12.6496
k141_56508	44687	58.3081	58.3081	190.447
k141_9646	7093	12.057	12.057	29.5566
k141_84685	2813	6.85843	6.85843	7.25821
k141_18955	1969	6.2331	6.2331	7.91813
k141_56512	1739	5.85274	5.85274	10.2592
k141_94132	4777	13.646	13.646	33.0863
k141_28399	8478	12.1587	12.1587	24.9599
k141_18959	1594	5.02839	5.02909	6.29017
k141_47090	4375	8.44852	8.44852	12.7047
k141_84691	4263	8.4442	8.4442	13.8257
k141_56516	4192	7.27066	7.27066	9.38282
k141_75316	10003	14.1805	14.1805	49.4466
k141_37860	22788	25.39	25.39	62.8479
k141_75317	2044	5.58078	5.58078	8.4676
k141_47094	4561	11.5359	11.5359	20.2476
k141_84700	2087	6.12494	6.12494	10.0774
k141_65884	21915	12.9017	12.9017	29.1591
k141_37863	3834	9.29805	9.29805	16.6769
k141_84703	1600	5.48414	5.48414	7.6813
k141_18962	8908	15.8284	15.8284	36.6654
k141_94138	13190	26.4005	26.4005	373.632
k141_75318	6533	9.86229	9.86229	21.7071
k141_56525	1540	5.1223	5.1223	6.78424
k141_65892	1947	3.8453	3.8453	4.7177
k141_37867	1977	11.9108	11.9108	21.8885
k141_75319	1675	5.70492	5.70492	4.43256
k141_94141	1953	3.68441	3.68441	3.40147
k141_65893	3057	7.6161	7.6161	11.2937
k141_56527	3182	8.0409	8.0409	12.3901
k141_94147	1716	6.58812	6.58812	12.7344
k141_18969	3476	9.62628	9.62628	16.841
k141_84711	3439	7.66859	7.66859	13.2655
k141_56529	2167	7.82796	7.82796	24.2779
k141_75321	4363	8.84833	8.84833	18.513
k141_65895	3895	10.8742	10.8742	24.7096
k141_28400	21731	10.6953	10.6953	20.6482
k141_75322	2348	14.6647	14.6647	25.3517
k141_65896	1795	7.8383	7.8383	11.795
k141_37874	5493	11.5431	11.5431	28.5948
k141_56534	1506	6.48009	6.48009	6.91843
k141_94150	4693	9.30464	9.30464	13.4783
k141_37877	1597	5.71458	5.71458	5.35212
k141_18976	5813	17.1685	17.1685	202.495
k141_94151	4926	6.89699	6.89699	9.56322
k141_65900	4319	6.85104	6.85104	8.88871
k141_37878	2271	6.92928	6.92928	16.909
k141_75327	6681	10.1383	10.1383	24.4306
k141_94152	1953	6.24515	6.24515	7.05522
k141_56541	3172	9.01919	9.01919	13.9724
k141_28407	6575	9.43984	9.44	13.259
k141_75328	2633	6.16754	6.16754	13.7246
k141_18980	2545	6.71566	6.71607	15.8826
k141_84727	4674	7.77807	7.77807	7.50799
k141_47114	12209	11.1086	11.1086	24.2083
k141_56546	2388	9.0076	9.0076	14.9972
k141_94160	2176	10.6199	10.6199	23.2609
k141_28408	4652	13.3345	13.3345	24.619
k141_94161	1882	6.22633	6.22633	9.13411
k141_56547	2331	9.89913	9.89913	13.1449
k141_84733	1519	8.25931	8.25931	13.508
k141_94164	1665	6.81254	6.81254	10.0956
k141_103410	111025	22.6602	22.6602	71.6455
k141_65921	1719	4.91714	4.91714	4.67422
k141_75337	3764	7.70365	7.70365	9.51887
k141_18985	2495	7.12452	7.12452	18.9425
k141_84735	3043	16.7349	16.7349	31.9777
k141_94168	1687	6.66233	6.66233	9.85666
k141_103412	2123	11.0015	11.0015	40.5281
k141_75340	1722	32.6088	32.6088	99.5697
k141_65925	2926	8.05908	8.05908	10.4247
k141_18987	3060	5.07732	5.07732	7.0634
k141_94171	1544	9.25681	9.25681	11.1687
k141_103414	2146	10.981	10.981	13.2858
k141_37880	15660	12.1246	12.1246	24.0517
k141_75347	1809	5.86197	5.86197	4.68238
k141_18992	2655	7.50659	7.50659	7.59908
k141_75348	1882	4.89781	4.89781	7.76596
k141_94172	4435	7.76429	7.76429	15.6019
k141_47117	14032	36.9511	36.9511	97.7339
k141_75351	2004	7.62082	7.62082	17.494
k141_65929	4377	11.2146	11.2146	19.9481
k141_56564	3151	23.9723	23.9723	143.231
k141_47118	3307	8.35097	8.35097	16.463
k141_56565	1606	3.81593	3.81593	2.89942
k141_18997	2795	8.01134	8.01134	9.03844
k141_9650	55175	16.5004	16.5004	35.8034
k141_75353	2539	5.04521	5.04521	8.93356
k141_84738	11195	18.4636	18.4636	53.9753
k141_65933	1804	7.85913	7.85913	14.916
k141_18998	2322	5.89733	5.89733	6.04433
k141_75355	1661	5.02052	5.02052	4.81618
k141_28419	14694	15.7754	15.7754	48.0454
k141_65934	1816	5.86915	5.86915	6.5608
k141_75358	2408	6.97033	6.97077	5.4692
k141_103434	1753	8.20649	8.20711	10.2967
k141_84743	1669	8.47795	8.47795	8.38664
k141_75361	1732	8.28255	8.28255	10.3103
k141_9662	2112	6.16106	6.16106	7.61199
k141_56579	1557	7.78678	7.78678	17.1879
k141_19005	1639	14.8751	14.8751	18.5919
k141_28424	1614	9.39481	9.39481	19.0758
k141_47129	4339	7.88422	7.88422	9.45006
k141_84744	1812	6.39952	6.39952	10.7963
k141_9663	4126	6.49824	6.49824	9.28063
k141_47132	1559	4.66785	4.66856	7.19903
k141_65942	3954	8.10095	8.10095	11.2988
k141_28425	4132	20.218	20.218	101.795
k141_47135	1635	7.69562	7.69562	7.45309
k141_19010	2520	7.68101	7.68101	10.7399
k141_103443	1649	5.09006	5.09006	8.27693
k141_47136	1767	6.67718	6.67718	6.62717
k141_196	150855	17.7715	17.7715	41.628
k141_56586	2731	6.50601	6.50601	13.3191
k141_75366	7158	20.8572	20.8572	37.2991
k141_9666	4292	6.48769	6.48769	9.91178
k141_28427	2759	9.86968	9.86968	18.5488
k141_84747	4455	11.3185	11.3185	21.8468
k141_37903	10751	10.5314	10.5314	18.6625
k141_47141	3647	11.4135	11.4135	19.889
k141_75372	2261	5.53103	5.53103	10.6975
k141_56593	2138	9.98441	9.98441	19.3679
k141_47142	1884	8.43368	8.43426	14.0117
k141_84755	1579	6.9965	6.9965	9.94191
k141_56594	1610	9.8863	9.8863	18.7972
k141_28432	6332	14.6485	14.6485	20.5932
k141_56595	1825	6.90507	6.90507	13.7669
k141_75377	3538	18.155	18.155	218.367
k141_75378	1983	6.59684	6.59684	7.81497
k141_9680	4192	9.89337	9.89337	17.8296
k141_103456	5534	16.6575	16.6575	66.6703
k141_56605	1735	7.49274	7.49274	12.5392
k141_19016	17197	15.2471	15.2471	33.2823
k141_65966	3509	19.1825	19.1825	42.7222
k141_65967	1653	6.05389	6.05389	8.14288
k141_84770	1985	7.68229	7.68229	11.6781
k141_9687	2333	13.5735	13.5735	67.9681
k141_198	17204	17.908	17.908	40.148
k141_19020	2611	6.9488	6.9488	8.08761
k141_28433	9195	15.7144	15.7144	41.2583
k141_19025	1602	5.33127	5.33127	6.72479
k141_75385	4423	10.5165	10.5165	17.3078
k141_199	1749	5.96623	5.96623	9.34052
k141_9690	3806	6.48167	6.48167	11.1833
k141_84779	3123	9.26169	9.26169	23.2128
k141_201	1867	10.7385	10.7385	32.5988
k141_47157	10805	40.1121	40.1121	2525.79
k141_56619	2014	6.33745	6.33745	8.2055
k141_202	4729	9.4097	9.4097	20.0054
k141_47162	2490	7.11282	7.11282	11.2143
k141_9694	1826	4.13484	4.13484	4.05945
k141_19033	4709	9.66506	9.66506	11.8229
k141_103458	14783	12.294	12.294	26.0508
k141_84781	7661	10.4733	10.4733	20.6361
k141_47163	2018	6.57388	6.57388	15.7412
k141_9695	1597	9.24879	9.24879	9.71393
k141_103460	1887	5.16695	5.16695	6.91331
k141_56625	4049	10.1623	10.1623	17.3525
k141_84782	2286	7.88343	7.88343	10.5067
k141_19041	1595	5.44983	5.44983	8.57172
k141_103463	2879	6.84133	6.84133	12.3095
k141_56631	3341	7.69665	7.69665	22.0654
k141_65972	17527	13.1	13.1	25.1261
k141_47169	2617	9.11796	9.11796	20.4212
k141_211	6829	8.41563	8.41563	17.0819
k141_47170	1585	5.37073	5.37073	2.88479
k141_103466	2790	10.9557	10.9557	19.1649
k141_19049	2263	7.69427	7.69427	10.9794
k141_94178	66644	23.8023	23.8023	56.1445
k141_75387	17809	16.1561	16.1561	38.4613
k141_9709	4770	85.4063	85.4063	330.013
k141_103469	2107	10.2718	10.2718	8.31564
k141_220	1841	8.26375	8.26375	8.07596
k141_56635	3825	8.87401	8.87401	16.2497
k141_94183	1670	30.0612	30.0612	72.1074
k141_75390	2412	8.91202	8.91202	26.559
k141_65982	1887	28.1313	28.1313	1027.54
k141_47179	1874	5.05452	5.05452	6.19783
k141_224	1855	5.97771	5.97771	7.34113
k141_19054	2712	27.4333	27.4333	114.294
k141_65984	1631	5.72113	5.72113	4.51609
k141_9711	7718	11.5431	11.5431	24.2684
k141_75393	2145	7.43409	7.43409	11.8536
k141_227	1870	7.90698	7.90698	21.1572
k141_94194	1850	5.92765	5.92765	13.3856
k141_47182	5554	43.4593	43.4593	124.177
k141_65986	2188	11.8911	11.8911	48.9626
k141_19058	4192	8.58906	8.58906	15.0631
k141_9718	2059	7.49921	7.49921	11.6568
k141_228	7186	10.0142	10.0142	15.2179
k141_47188	2690	5.46535	5.46535	6.84374
k141_75394	7545	21.836	21.836	55.5364
k141_9723	1563	4.4678	4.4678	3.63864
k141_65992	2444	4.82389	4.82389	2.99384
k141_47191	1535	6.53646	6.53646	7.59131
k141_103472	14060	17.3328	17.3328	37.8418
k141_9724	2107	7.80072	7.80072	14.1666
k141_37906	50331	15.2021	15.2021	36.4209
k141_84797	20735	22.4634	22.4634	52.8689
k141_65996	1552	7	7	26.1028
k141_75402	2362	7.03074	7.03074	10.482
k141_231	7110	7.43621	7.43621	15.1675
k141_47196	2767	4.38517	4.38556	5.96175
k141_94213	3888	10.2451	10.2451	18.0277
k141_37907	7915	16.4431	16.4431	32.1467
k141_103480	4000	5.31818	5.31818	5.98005
k141_75408	1611	16.9719	16.9719	19.5739
k141_47199	3493	7.57972	7.57972	15.2749
k141_84798	12022	10.8507	10.8507	23.4488
k141_9733	4632	15.9181	15.9181	21.3127
k141_47201	2171	8.59921	8.59921	10.6392
k141_37912	1537	7.56957	7.56957	7.02165
k141_28441	40311	35.8601	35.8601	84.8715
k141_37913	1776	7.80812	7.80812	5.77731
k141_94222	1713	6.03199	6.03199	3.90675
k141_103486	6647	55.7402	55.7402	210.773
k141_84800	1511	8.37619	8.37619	9.56868
k141_28445	1593	7.51629	7.51629	11.5607
k141_75414	2732	7.94036	7.94036	12.4957
k141_9739	2656	7.14206	7.14206	12.2057
k141_37916	2600	11.0167	11.0167	84.6197
k141_84803	1890	8.54368	8.54368	10.3862
k141_94225	4165	7.17335	7.17335	10.0057
k141_47205	3174	6.79828	6.79828	12.5852
k141_28450	2443	17.181	17.181	26.2791
k141_103491	2170	9.50891	9.50891	20.0638
k141_28451	2298	10.2561	10.2561	16.5595
k141_66000	14343	13.715	13.715	28.0367
k141_84808	2371	9.07429	9.07429	16.3842
k141_75422	1816	7.13685	7.13685	6.8401
k141_47210	1659	8.30616	8.30616	15.1848
k141_66003	1599	7.08213	7.08213	10.3669
k141_103495	1613	6.09774	6.09774	7.24695
k141_75425	2429	6.53225	6.53225	15.9815
k141_84810	2222	7.56612	7.56612	19.2328
k141_9749	5156	15.658	15.658	39.4046
k141_75426	2199	5.61201	5.61201	8.22589
k141_103496	5023	7.34312	7.34312	8.10717
k141_66005	5641	10.7259	10.7259	27.5656
k141_28452	9385	17.5018	17.5018	114.224
k141_75430	2180	8.39704	8.39704	15.8058
k141_9756	1559	9.02129	9.02129	11.9285
k141_103499	3548	14.0509	14.0509	107.866
k141_37927	8082	10.2882	10.2882	18.8872
k141_84815	2097	7.81767	7.81767	9.59932
k141_236	22925	17.6429	17.6429	53.943
k141_37929	2195	7.42689	7.42689	12.2301
k141_28459	2217	9.99226	9.99226	25.9051
k141_94227	16523	17.5977	17.5977	48.1075
k141_66014	2810	5.71278	5.71278	6.00997
k141_75431	7969	21.1773	21.1773	56.2192
k141_103504	3072	13.4651	13.4651	27.5642
k141_37934	2184	6.24484	6.24484	6.78016
k141_239	4792	9.01486	9.01486	15.7621
k141_9768	1952	11.2703	11.2703	27.3844
k141_66019	2093	5.1894	5.1894	5.91985
k141_37936	5935	9.27018	9.27018	22.6517
k141_66024	1975	5.53315	5.53315	6.57362
k141_103507	3901	17.9206	17.9206	46.1407
k141_9774	3756	9.19107	9.19107	15.2909
k141_75442	2655	7.61557	7.61557	14.1967
k141_245	3468	78.4382	78.4382	325.279
k141_103511	1835	4.67596	4.67596	3.94009
k141_246	2281	7.12764	7.12764	12.2682
k141_37939	3733	8.74686	8.74686	17.8625
k141_9778	3868	8.42173	8.42173	14.5894
k141_103512	2472	8.05082	8.05082	15.3202
k141_84833	6008	9.66763	9.66763	18.0153
k141_47221	19951	11.8583	11.8583	24.8707
k141_103515	1545	10.9957	10.9957	20.7461
k141_9782	2912	12.8371	12.8371	16.9643
k141_37941	2606	8.27769	8.27769	14.9689
k141_66036	2825	6.85757	6.85757	16.288
k141_94229	19400	15.2482	15.2482	26.425
k141_257	1890	7.28793	7.28793	15.0597
k141_103519	1656	7.90704	7.90704	4.85115
k141_9788	1532	6.36903	6.36903	13.2033
k141_47225	5368	7.26389	7.26389	10.9863
k141_66037	3163	17.1978	17.1978	49.7567
k141_37942	4150	21.4018	21.4018	80.3451
k141_47226	1948	5.57675	5.57675	6.02274
k141_94236	1581	6.36408	6.36408	8.38269
k141_9795	1811	8.03853	8.03853	29.7034
k141_37946	2717	9.08687	9.08687	19.6125
k141_9798	3013	9.09046	9.09046	23.9906
k141_262	7130	12.3457	12.3457	26.4512
k141_103524	6496	12.3361	12.3361	52.932
k141_75452	12539	14.5793	14.5793	23.6608
k141_37948	3669	9.56891	9.56891	19.3755
k141_47234	3034	8.99341	8.99376	15.2084
k141_94244	1672	6.78712	6.78712	9.72571
k141_267	2008	12.0969	12.0969	28.7251
k141_103532	2469	11.2147	11.2147	23.9538
k141_47242	3807	8.85343	8.85343	18.5515
k141_269	3325	5.54079	5.54079	7.86599
k141_75455	7066	14.687	14.687	34.506
k141_84868	3549	6.74287	6.74287	11.2506
k141_9816	3073	26.3277	26.3277	199.712
k141_103534	2681	11.3354	11.3354	23.3299
k141_56639	91523	15.7358	15.7358	35.188
k141_47249	2995	5.95923	5.95923	10.0961
k141_84874	2774	7.59756	7.59756	19.5885
k141_9824	3224	7.50228	7.50228	18.7486
k141_75466	1634	5.78908	5.78908	4.35398
k141_94247	12734	9.09814	9.09814	19.0973
k141_283	2784	9.36333	9.36333	14.9016
k141_9830	1535	3.80144	3.80144	2.60866
k141_56643	1913	5.98355	5.98355	8.1195
k141_28460	48290	16.4142	16.4142	34.3313
k141_103543	3653	11.8427	11.8427	31.1898
k141_28461	2301	7.70107	7.70107	9.65713
k141_94253	1526	5.50872	5.50872	5.33228
k141_287	4226	8.46933	8.46933	14.6373
k141_56645	3598	10.6404	10.6404	33.5471
k141_75471	4736	6.42564	6.42564	7.64558
k141_94257	2940	8.72043	8.72043	12.7408
k141_294	2004	7.14941	7.14941	23.147
k141_103555	2232	6.67339	6.67339	12.5497
k141_56649	6217	10.0737	10.0737	23.7142
k141_75474	1892	6.36854	6.36854	10.5878
k141_103557	2520	9.58523	9.58523	20.5349
k141_94263	3042	19.3375	19.3375	43.8301
k141_56653	2113	7.87672	7.87672	14.2764
k141_103558	1903	8.12265	8.12265	11.344
k141_300	4608	17.9805	17.9805	29.4004
k141_47250	23749	19.6789	19.6789	728.303
k141_94266	3303	5.29749	5.29749	6.32898
k141_56659	1864	7.01984	7.01984	13.7347
k141_47251	4571	11.9012	11.9012	32.1489
k141_75476	8046	9.68668	9.68668	20.2946
k141_308	2640	11.2076	11.208	32.1689
k141_47254	1932	7.3064	7.3064	11.7837
k141_19059	101816	14.9041	14.9041	32.2366
k141_47255	1833	5.56982	5.56982	6.5628
k141_9856	9181	29.3808	29.3808	115.775
k141_103563	5957	13.1577	13.1577	19.8554
k141_313	3891	37.3577	37.3577	376.66
k141_94276	5519	23.1296	23.1296	617.978
k141_47260	1825	9.58985	9.59045	23.5442
k141_75481	2574	16.2624	16.2624	42.1516
k141_314	1903	26.4392	26.4392	84.6425
k141_103564	2174	9.80781	9.80781	26.4596
k141_28467	22655	17.6026	17.6026	82.0973
k141_19063	4409	8.09439	8.09439	16.8954
k141_94277	4435	10.0938	10.0938	50.5203
k141_37949	45230	15.1462	15.1462	35.0705
k141_19066	2868	10.9338	10.9338	11.0879
k141_84889	25507	15.1381	15.1381	33.62
k141_94278	6180	13.1388	13.1388	29.5978
k141_37953	2402	11.1496	11.1496	27.5702
k141_9871	4066	6.6859	6.6859	13.3245
k141_28473	1857	5.45167	5.45167	6.60076
k141_19068	2930	11.4061	11.4061	27.2371
k141_56669	14841	13.1195	13.1195	22.7995
k141_28474	2059	5.25668	5.25668	8.44138
k141_103565	10416	13.674	13.674	26.5896
k141_321	10321	10.21	10.21	15.642
k141_94283	2348	5.22611	5.22611	5.20005
k141_9874	2013	6.46162	6.46162	8.74705
k141_28477	1876	5.91947	5.91947	5.4237
k141_47266	8398	12.5126	12.5126	21.8487
k141_56670	3455	7.96369	7.96369	12.4956
k141_37955	3594	10.2366	10.2366	17.7787
k141_28480	1690	5.74091	5.74091	8.9056
k141_37956	1542	4.92529	4.92529	5.10294
k141_37958	1544	5.78838	5.78838	8.61777
k141_47275	2534	9.16779	9.16779	10.2891
k141_56671	6510	11.6414	11.6414	22.8591
k141_28485	1721	4.88479	4.88479	5.02045
k141_103576	4209	13.4262	13.4262	26.4236
k141_9880	4203	16.5428	16.5428	72.0751
k141_19082	3682	8.39836	8.39864	11.1902
k141_56674	1546	6.1447	6.1447	6.71456
k141_9881	2075	7.5039	7.5039	20.8426
k141_19084	2675	7.04396	7.04396	10.4541
k141_37964	2058	5.24319	5.24319	5.61564
k141_9882	1730	4.19684	4.19684	2.94602
k141_84910	2461	13.8823	13.8827	27.4827
k141_323	12620	12.5559	12.5559	24.7653
k141_47281	2018	6.80246	6.80246	6.04077
k141_75484	20790	11.5441	11.5441	24.846
k141_56678	1616	7.43997	7.43997	15.579
k141_47283	1816	9.70708	9.70768	17.0886
k141_94300	2149	6.14857	6.14857	7.83723
k141_94301	1648	6.03471	6.03471	8.38493
k141_75486	1779	7.36034	7.36034	10.2171
k141_84914	2428	7.54478	7.54478	25.073
k141_47287	2016	7.38371	7.38371	15.4044
k141_28496	2423	6.44347	6.44347	10.474
k141_56681	2747	6.46592	6.46592	6.8814
k141_37974	1962	5.66998	5.66998	6.38471
k141_330	3102	6.20427	6.20427	7.37773
k141_9892	4475	17.8284	17.8284	41.77
k141_37975	2593	6.37454	6.37454	7.88216
k141_9893	2132	6.11352	6.11352	10.5944
k141_19096	4188	10.3214	10.3214	22.3189
k141_66038	80378	39.637	39.637	853.706
k141_75494	2447	10.9495	10.9495	25.8974
k141_47289	5435	10.1701	10.1701	19.2004
k141_56688	1653	9.5662	9.5662	13.1513
k141_19100	2440	5.0869	5.0869	7.09842
k141_84917	5633	9.10596	9.10615	18.9967
k141_337	3904	24.1228	24.1228	252.125
k141_56689	1665	5.64488	5.64488	4.3177
k141_47294	3067	7.34762	7.34762	9.53161
k141_338	1665	8.4132	8.4132	17.0207
k141_94319	3193	7.51167	7.51167	13.53
k141_66039	4869	15.1341	15.1341	67.3127
k141_56693	2007	5.40765	5.40765	6.41187
k141_28510	1658	8.86804	8.86804	22.1943
k141_94323	1853	6.91897	6.91897	9.45305
k141_339	4124	8.62355	8.62355	21.3462
k141_37977	8474	100.564	100.564	478.525
k141_47300	1527	5.52723	5.52723	10.0954
k141_56698	1681	5.79817	5.79817	9.63834
k141_103610	6855	9.0267	9.0267	20.9011
k141_341	2893	32.8305	32.8305	137.52
k141_19106	2471	6.71133	6.71176	12.8311
k141_37981	1948	5.39878	5.39878	8.4124
k141_94327	2969	7.57396	7.57396	12.6689
k141_47304	2844	6.63103	6.63103	11.6782
k141_19108	3992	6.6317	6.6317	12.4982
k141_28513	6250	13.7995	13.7995	32.1285
k141_75517	2587	6.94789	6.94789	11.698
k141_56704	2803	6.10931	6.10931	11.3877
k141_37985	3768	9.97872	9.97872	17.1792
k141_47307	1760	7.15342	7.15342	4.60353
k141_66040	15085	19.0518	19.0518	229.312
k141_94339	3433	8.25556	8.25586	13.8252
k141_75518	1797	7.18883	7.18883	12.7122
k141_103612	11184	11.9316	11.9316	21.6775
k141_37987	2607	7.09768	7.09768	7.84724
k141_56707	3914	8.0906	8.09086	17.292
k141_56708	1593	4.86486	4.86556	4.80438
k141_75522	5449	7.45537	7.45537	11.1676
k141_47311	5121	13.5154	13.5154	29.4824
k141_28525	1519	4.89701	4.89701	4.5676
k141_66044	8176	15.5873	15.5873	37.2821
k141_47313	2777	6.76932	6.76932	8.04802
k141_19117	8808	12.0329	12.0329	25.7118
k141_28528	2463	12.1734	12.1734	36.2065
k141_37994	1592	7.9251	7.9251	7.1186
k141_94355	2154	7.55589	7.55589	18.9699
k141_84934	15234	11.0131	11.0131	22.2465
k141_66048	1586	8.73189	8.73189	12.6173
k141_75530	1801	4.56572	4.56572	7.34645
k141_94356	2584	7.13311	7.13311	10.9194
k141_38000	1631	7.20054	7.20054	6.1145
k141_75534	1548	5.89986	5.89986	4.35216
k141_84936	3108	5.59939	5.59939	5.70996
k141_19122	3667	10.0808	10.0808	19.4634
k141_38002	1790	8.20793	8.20854	9.65877
k141_56717	4104	7.37203	7.37203	10.9328
k141_28535	2273	9.90862	9.90862	15.7881
k141_66056	3198	85.1365	85.1365	423.119
k141_28537	1875	7.61507	7.61507	13.0257
k141_66062	3876	10.19	10.19	23.7147
k141_75539	4866	10.2178	10.2178	26.7572
k141_47338	3660	6.16866	6.16866	7.8889
k141_47339	1769	7.18962	7.18962	12.1884
k141_56724	2386	10.1659	10.1659	29.145
k141_75543	1511	4.80162	4.80162	4.60622
k141_66063	2563	7.81392	7.81392	8.58526
k141_28547	5057	9.70247	9.70247	14.8019
k141_75544	1940	4.35419	4.35419	2.8549
k141_84943	7996	7.92366	7.92366	15.773
k141_47342	2876	8.67131	8.67131	18.5916
k141_56729	1579	5.83765	5.83765	4.10388
k141_28553	1792	5.94762	5.94762	4.07772
k141_66068	1736	6.50063	6.50063	13.4186
k141_66069	1529	5.62799	5.62799	5.69098
k141_47353	1945	8.60056	8.60056	11.0931
k141_28563	1764	6.65118	6.65118	13.4661
k141_9908	47906	18.7129	18.7129	42.4062
k141_9910	1664	7.03897	7.03897	11.1399
k141_56734	7937	8.52177	8.52177	12.2654
k141_47356	5972	6.84713	6.84713	16.582
k141_343	59523	16.8387	16.8387	34.7354
k141_84957	6737	9.88538	9.88538	22.0686
k141_47358	5177	23.9544	23.9544	92.6378
k141_28572	2247	9.89223	9.89223	15.0847
k141_66073	16562	17.3603	17.3603	42.1295
k141_9930	2500	9.21872	9.21872	6.41363
k141_75549	13971	13.9506	13.9506	34.6115
k141_28574	2499	7.17199	7.17199	10.502
k141_38017	22579	43.5517	43.5517	6217.4
k141_47359	4111	7.73365	7.73365	11.3333
k141_38018	1730	6.81456	6.81456	7.3253
k141_344	9619	8.87665	8.87665	18.1761
k141_47360	2204	4.88267	4.88267	6.07444
k141_47361	3157	9.77818	9.77818	17.6816
k141_19124	35449	14.0925	14.0925	33.2204
k141_28579	1847	10.723	10.723	27.5635
k141_9934	6171	7.12706	7.12706	14.6588
k141_75559	1542	7.04095	7.04095	8.12557
k141_28584	1508	5.50663	5.50663	4.43148
k141_56752	2386	12.9513	12.9513	33.4376
k141_9939	1601	8.70227	8.70227	9.66857
k141_38020	5881	12.0335	12.0335	25.3057
k141_19127	2284	5.20197	5.20197	5.17857
k141_348	11001	21.4396	21.4396	51.9849
k141_75561	2907	7.84403	7.84403	10.279
k141_66088	5354	8.41679	8.41679	17.8022
k141_19128	1609	7.8828	7.8828	19.6069
k141_66090	2464	9.30035	9.30035	17.1952
k141_353	2703	6.60478	6.60478	12.9547
k141_9944	6515	10.0327	10.0327	18.2194
k141_56753	7514	10.3958	10.3958	22.0665
k141_28590	5010	9.48539	9.48539	12.779
k141_28591	1551	13.3133	13.3133	41.7825
k141_358	1892	6.76521	6.76521	10.2981
k141_38032	2017	6.92608	6.92608	14.9966
k141_19133	3345	11.3318	11.3318	14.6645
k141_66093	3794	7.78101	7.78101	16.9793
k141_9950	2370	15.7023	15.7023	37.2754
k141_360	2390	5.65759	5.65759	6.4942
k141_47368	19171	12.5009	12.5009	24.2092
k141_361	2410	6.84513	6.84513	7.89368
k141_47370	2395	7.26771	7.26771	6.21305
k141_84975	12972	10.6085	10.6085	20.1945
k141_56763	1509	5.94849	5.94849	6.40234
k141_66096	3280	6.9853	6.9853	9.87002
k141_363	2068	9.02815	9.02815	15.1969
k141_28598	2809	7.45807	7.45807	10.9616
k141_66098	1597	7.61645	7.61645	23.2573
k141_38037	3069	9.44878	9.44878	15.2105
k141_365	2866	7.62666	7.62666	17.8452
k141_47375	4228	5.84772	5.84772	9.95887
k141_66100	2890	10.6916	10.6916	21.4635
k141_66102	1616	9.21282	9.21351	22.385
k141_47378	3012	8.20475	8.20475	11.7448
k141_66103	1890	7.28276	7.28276	10.8033
k141_9955	10862	56.5684	56.5684	357.809
k141_28615	4433	9.13075	9.13075	18.8002
k141_38039	9173	10.0081	10.0081	20.9874
k141_66106	2335	11.3858	11.3863	16.8351
k141_9961	3091	6.95716	6.95716	7.38863
k141_28617	2306	7.04406	7.04406	13.7831
k141_47393	2605	9.62851	9.62851	24.9256
k141_75568	20897	9.40146	9.40146	18.4478
k141_367	11460	13.6444	13.6444	31.9834
k141_38046	2138	28.4935	28.4935	313.843
k141_75570	1740	10.0421	10.0421	16.3273
k141_38047	1896	8.09393	8.09393	7.35164
k141_56764	19335	23.303	23.303	103.381
k141_47397	3613	8.38839	8.38839	15.6021
k141_371	3610	10.2017	10.2017	22.9721
k141_66111	6617	21.7982	21.7982	87.8712
k141_38048	5142	10.3732	10.3732	17.3803
k141_47402	1728	8.75032	8.75032	22.0493
k141_56767	1667	10.0626	10.0626	28.2064
k141_75574	5062	8.65411	8.65411	18.3451
k141_9968	11069	10.8822	10.8822	19.723
k141_28630	3331	9.78277	9.78277	16.3519
k141_9969	1707	7.99486	7.99486	15.82
k141_376	2401	8.87161	8.87161	17.3992
k141_66117	1808	9.54946	9.54946	26.5218
k141_56769	5009	9.46738	9.46738	11.203
k141_9973	1963	12.8389	12.8389	21.2389
k141_38053	5161	9.37817	9.37817	19.6818
k141_378	4088	14.7351	14.7351	27.3013
k141_75590	1881	8.33391	8.33391	33.1229
k141_47421	2657	7.39888	7.39888	13.8704
k141_66122	3224	7.17502	7.17502	17.1578
k141_56773	1644	4.90094	4.90094	5.46507
k141_47422	1773	11.5385	11.5385	31.8492
k141_19140	46182	41.7522	41.7522	119.689
k141_38056	3374	6.52047	6.52047	9.21852
k141_388	1821	5.67923	5.67923	4.55453
k141_389	1575	7.27439	7.27439	8.25959
k141_56776	3883	11.5601	11.5601	32.5912
k141_66123	5809	11.0928	11.0928	18.0808
k141_38057	2702	8.75431	8.75431	13.1536
k141_47423	8421	33.8747	33.8747	84.1154
k141_66126	1824	7.85663	7.85663	8.30579
k141_19152	1537	7.84499	7.84499	10.2957
k141_28656	3855	9.25911	9.25911	21.5804
k141_38059	2346	12.7741	12.7741	31.9544
k141_9982	14334	10.419	10.419	22.3108
k141_19154	1919	12.173	12.173	35.2278
k141_75608	2241	8.82975	8.82975	15.526
k141_9984	1774	6.87685	6.87685	8.37794
k141_56781	4186	6.00793	6.00793	9.27471
k141_84986	42066	19.4232	19.4232	40.2758
k141_28659	1660	11.0503	11.0503	17.1054
k141_9986	1765	8.14489	8.14489	17.8376
k141_84988	1617	10.3463	10.3463	9.94822
k141_9988	1726	7.31282	7.31282	14.1744
k141_38064	2043	5.27787	5.27787	6.95443
k141_47443	1658	5.89788	5.89788	7.50781
k141_56784	1772	7.46424	7.46424	15.4407
k141_47447	1504	5.13294	5.13294	10.4834
k141_9989	5892	35.5002	35.5002	81.6856
k141_66146	1520	5.34234	5.34234	5.00982
k141_84990	6777	8.87823	8.87823	18.385
k141_75618	4023	9.59669	9.59669	17.8168
k141_84991	1528	8.69158	8.69158	9.69637
k141_28675	1552	5.37161	5.37161	7.61555
k141_75619	2601	7.21828	7.21828	9.06215
k141_47448	3183	6.95054	6.95054	14.8083
k141_9994	1998	5.66937	5.66937	6.37307
k141_19160	6854	6.83398	6.83398	9.7131
k141_28677	1889	5.57677	5.57677	6.21658
k141_392	24392	15.2571	15.2571	38.4015
k141_66151	3045	6.36477	6.36477	8.86755
k141_38081	2563	7.75342	7.75342	17.3691
k141_66154	3277	9.14455	9.14487	17.4638
k141_84994	7617	10.7745	10.7745	23.1868
k141_75625	1768	9.01174	9.01174	28.9306
k141_19172	3090	8.2102	8.2102	16.4063
k141_10001	3149	9.77459	9.77459	16.9438
k141_75627	2016	7.64845	7.64845	9.35099
k141_396	8524	9.06126	9.06126	14.5233
k141_84996	2907	5.17809	5.17809	4.93088
k141_47465	1712	6.72919	6.72919	7.36351
k141_66161	1910	8.625	8.625	14.3607
k141_398	2824	15.994	15.994	110.631
k141_38089	5728	11.9736	11.9736	45.5
k141_10014	2155	5.36758	5.36758	5.82335
k141_19181	2521	28.7659	28.7659	92.229
k141_400	1602	5.56474	5.56543	5.0206
k141_47471	3633	10.4605	10.4605	31.3496
k141_75638	2233	9.66347	9.66347	32.9037
k141_10022	1812	4.81528	4.81528	4.35897
k141_85010	1819	6.62493	6.62493	12.9337
k141_47477	4136	9.79955	9.79955	15.7237
k141_19186	2367	9.4249	9.4249	13.9124
k141_28679	20987	12.3193	12.3193	27.6791
k141_66164	7893	9.54785	9.54785	17.6465
k141_19188	1865	7.84257	7.84257	12.1514
k141_47479	1661	7.3362	7.3362	8.53991
k141_38097	3880	16.9265	16.9265	47.849
k141_85016	3305	7.01109	7.01109	10.198
k141_103614	147400	39.8506	39.8506	103.011
k141_47481	4268	8.16999	8.16999	18.0472
k141_404	16116	14.116	14.116	33.4128
k141_38099	1721	4.40356	4.40356	6.48163
k141_75643	4501	10.7122	10.7122	23.5026
k141_103616	1812	10.556	10.556	13.7931
k141_10023	14252	9.75578	9.75578	18.7398
k141_38102	2526	6.07828	6.07828	8.25486
k141_75644	1800	6.34061	6.34061	5.84142
k141_47487	1963	8.1583	8.1583	11.6156
k141_56794	28861	18.0902	18.0902	84.7315
k141_66171	3832	7.04563	7.04563	10.1272
k141_10026	1548	7.37911	7.37911	9.86331
k141_19193	4176	8.64506	8.64506	13.6114
k141_75645	2484	6.13111	6.13153	9.61104
k141_28700	1956	10.3826	10.3826	17.3389
k141_75652	1518	4.36915	4.36915	3.60393
k141_406	11547	10.6204	10.6204	24.6111
k141_10027	5076	14.219	14.219	54.4254
k141_47495	2317	10.144	10.144	18.3661
k141_75655	2229	8.54064	8.54064	10.7278
k141_85023	7412	18.341	18.341	161.408
k141_103624	6626	10.5883	10.5883	18.2801
k141_75657	2917	7.01554	7.01554	12.7261
k141_47500	2181	11.967	11.967	14.3669
k141_56797	8144	41.1883	41.1883	110.406
k141_28706	4789	9.4044	9.4044	14.4369
k141_85025	3187	11.1906	11.1906	15.6189
k141_103625	4012	8.67271	8.67271	18.9937
k141_103626	1631	6.58879	6.58879	7.73956
k141_103627	1800	7.72121	7.72121	19.7342
k141_19215	1699	6.62234	6.62234	18.1848
k141_38114	5701	8.11025	8.11025	13.2934
k141_10041	2614	6.12297	6.12297	6.40343
k141_85031	1807	5.55341	5.55341	9.57458
k141_75666	2473	7.94404	7.94404	15.2431
k141_28710	3570	11.0936	11.0936	24.7069
k141_38119	1807	4.00362	4.00362	3.44928
k141_56803	1554	9.95869	9.95869	12.8365
k141_103633	3516	32.7178	32.7178	63.0697
k141_19222	2186	6.59086	6.59086	7.18719
k141_10042	7375	7.37135	7.37135	10.2863
k141_28716	2268	5.72238	5.72238	9.08022
k141_103639	1565	6.49187	6.49187	14.417
k141_47504	12936	15.236	15.236	56.1122
k141_19225	4523	7.2097	7.2097	10.7156
k141_10048	1583	4.8381	4.8381	4.08973
k141_38126	2916	6.73391	6.73391	9.02279
k141_66182	24445	17.0798	17.0799	46.3253
k141_94371	198876	42.7824	42.7824	106.649
k141_66183	1673	7.42876	7.42876	12.7391
k141_103641	8546	7.81515	7.81515	15.6241
k141_75678	3207	8.86883	8.86883	14.4943
k141_47521	2385	7.17181	7.17181	8.13154
k141_38134	2521	6.60354	6.60354	5.82336
k141_410	29770	11.5583	11.5583	22.0052
k141_103642	1706	40.3708	40.3708	136.097
k141_66187	2116	10.824	10.824	23.9058
k141_10049	7455	8.28611	8.28611	23.3961
k141_75681	1882	94.4607	94.4607	379.405
k141_56805	20391	12.5762	12.5762	24.4441
k141_10050	2067	6.27334	6.27334	9.25719
k141_94378	4802	9.11178	9.11178	23.8872
k141_38138	2012	5.87594	5.87594	12.0186
k141_413	4897	11.6813	11.6813	20.1952
k141_103647	2064	7.2001	7.2001	14.549
k141_103648	1734	6.2803	6.2803	7.24412
k141_85033	22653	23.4854	23.4854	146.631
k141_19229	15442	10.3183	10.3183	22.9469
k141_66195	5870	14.2767	14.2767	34.6237
k141_10056	3669	10.9977	10.9977	27.1576
k141_47526	11535	9.20158	9.20158	17.6626
k141_56810	10867	14.3158	14.3158	44.1897
k141_19230	4388	11.4863	11.4863	30.2173
k141_56811	2878	8.04179	8.04179	9.2142
k141_75689	15835	13.7119	13.7119	27.9017
k141_85042	3586	7.63824	7.63824	13.491
k141_56814	1545	6.881	6.881	6.39471
k141_85043	2060	14.3319	14.3319	49.642
k141_75691	1959	9.86899	9.86899	32.6305
k141_56819	2399	12.59	12.59	23.6262
k141_103660	4522	8.26876	8.26876	18.9803
k141_19234	8001	7.07273	7.07273	11.8843
k141_38152	11605	13.836	13.836	32.647
k141_47546	2968	6.98864	6.98864	10.6091
k141_94381	21533	15.8044	15.8044	50.7983
k141_19236	3354	7.74688	7.74688	13.3862
k141_56827	1700	6.76645	6.76645	9.75566
k141_103669	1745	8.17743	8.17743	28.5612
k141_94383	2607	5.41188	5.41188	6.91338
k141_103671	2362	7.65778	7.65778	15.148
k141_85055	6874	8.39604	8.39604	14.0678
k141_28719	41772	17.3721	17.3721	43.9298
k141_47559	7656	11.548	11.548	21.2949
k141_10068	22802	11.8663	11.8663	25.1256
k141_47560	2531	4.64763	4.64763	9.88134
k141_19243	2519	8.44871	8.44871	10.9644
k141_103677	2809	5.59458	5.59458	7.88752
k141_19245	2512	8.97587	8.97587	23.7094
k141_10075	4125	36.6704	36.6704	2154
k141_47564	5547	211.397	211.397	1271.25
k141_28727	1503	11.1685	11.1685	34.4629
k141_75724	2458	6.2461	6.2461	7.35075
k141_94389	8269	9.08474	9.08474	16.0374
k141_28728	2174	5.52273	5.52273	8.02615
k141_66204	24050	15.9376	15.9376	42.9343
k141_66206	1586	9.52089	9.52159	36.4045
k141_10080	1648	9.05007	9.05007	10.9427
k141_47571	4478	53.125	53.125	273.709
k141_47572	1887	3.91019	3.91019	4.1993
k141_75735	2716	9.06079	9.06079	11.7904
k141_10085	1540	8.04317	8.04317	11.9161
k141_28739	1528	6.56241	6.56241	6.30439
k141_85071	7156	8.74493	8.74493	16.9906
k141_103694	3933	31.1993	31.1993	1350.45
k141_85074	2091	14.1772	14.1772	72.414
k141_75737	5899	7.75317	7.75317	10.6239
k141_28742	2037	7.40064	7.40064	5.06957
k141_103696	3799	14.9378	14.9378	36.0527
k141_75739	1902	9.94463	9.94463	12.3699
k141_19259	4938	9.16667	9.16667	14.7287
k141_94409	6772	20.3381	20.3381	46.2384
k141_28743	4498	12.6835	12.6835	19.1347
k141_103699	1511	8.36885	8.36885	9.96088
k141_47582	7012	8.81886	8.81886	15.416
k141_75741	3914	7.24894	7.24894	10.0877
k141_85085	1974	8.34265	8.34265	12.3833
k141_28744	2383	8.66637	8.66637	15.5289
k141_19265	1549	5.36169	5.3624	8.77913
k141_56830	44266	12.4759	12.4759	25.586
k141_103704	2028	8.57827	8.57827	16.7693
k141_38159	26832	25.2233	25.2233	239.661
k141_85088	3563	6.58336	6.58336	13.1347
k141_19272	2021	5.98343	5.98343	9.93284
k141_28749	1674	5.65223	5.65223	6.18497
k141_94411	8378	10.7814	10.7814	20.1603
k141_28750	1857	7.12419	7.12419	8.33155
k141_38163	1750	8.70187	8.70187	10.5295
k141_85090	1555	4.50107	4.50107	5.6932
k141_103705	4925	11.0666	11.0666	46.3394
k141_94415	3084	14.653	14.653	33.9669
k141_28752	2734	6.8243	6.8243	6.95024
k141_19277	2345	6.31116	6.31116	6.59363
k141_10093	16935	8.39118	8.39118	15.6637
k141_56841	1977	5.8462	5.8462	8.00854
k141_19279	1800	7.64	7.64	7.42638
k141_75742	9335	13.8405	13.8405	93.9196
k141_47606	1760	8.82609	8.82609	23.7384
k141_103709	1905	7.30484	7.30484	7.43208
k141_94420	1905	5.97094	5.97094	4.4
k141_75744	3121	6.55638	6.55638	13.5849
k141_38170	1737	4.46062	4.46125	4.63829
k141_94421	3032	7.72658	7.72658	19.9007
k141_28754	4448	9.01396	9.01396	18.0001
k141_10101	2578	8.42298	8.42298	14.9596
k141_103710	2276	6.79727	6.79727	10.2774
k141_47609	5374	6.91826	6.91826	12.6429
k141_38172	2426	17.0127	17.0127	318.525
k141_414	94914	50.9709	50.9709	157.821
k141_28758	3344	8.60394	8.60426	38.781
k141_19284	2066	4.70564	4.70564	6.95976
k141_10108	4617	6.07276	6.07276	6.27968
k141_56842	8226	28.3675	28.3675	67.3117
k141_66256	11719	8.77068	8.77068	21.0951
k141_38176	1705	7.82058	7.82058	6.87321
k141_94436	1558	5.71733	5.71733	8.18866
k141_47623	1885	6.16311	6.16311	8.11219
k141_19290	2104	5.81986	5.81986	4.07709
k141_10112	2029	8.34593	8.34593	19.7109
k141_56847	1718	7.88393	7.88393	25.8884
k141_28760	6327	16.389	16.389	35.6542
k141_66260	3792	16.2144	16.2144	416.11
k141_94439	5435	9.53869	9.53888	16.0037
k141_47628	2248	7.24452	7.24452	12.4022
k141_10115	3099	7.7277	7.7277	11.8101
k141_419	11527	11.8024	11.8024	21.7851
k141_28765	1625	4.14441	4.14441	4.59445
k141_66268	2192	4.27914	4.27914	6.16995
k141_47629	3821	6.83193	6.83193	8.12794
k141_47631	3183	11.5526	11.5526	33.104
k141_94454	5100	8.57192	8.57192	15.4871
k141_56849	13601	10.7941	10.7941	19.2557
k141_47634	1871	6.20453	6.20453	11.586
k141_422	12047	11.7881	11.7881	40.5727
k141_66271	6205	9.43435	9.43435	15.5268
k141_94456	2000	5.69892	5.69892	7.09425
k141_103711	20792	14.2309	14.2309	33.0851
k141_10131	3864	10.6241	10.6241	21.6385
k141_47636	3334	8.89384	8.89384	24.8979
k141_94461	1666	11.7322	11.7322	24.2133
k141_10139	2706	10.1146	10.1146	26.3787
k141_423	10769	12.0053	12.0054	22.2107
k141_28773	11093	15.5698	15.5698	31.8987
k141_66282	1834	9.51069	9.51069	20.174
k141_75750	28587	15.3705	15.3705	41.6315
k141_424	1662	6.22553	6.22553	5.7168
k141_10142	2895	9.8459	9.8459	16.0189
k141_75751	2651	11.8709	11.8713	26.8594
k141_94468	7707	14.9432	14.9432	26.3341
k141_75752	2673	5.50059	5.50059	8.53478
k141_430	2003	5.54021	5.54021	7.83604
k141_19316	6299	11.9533	11.9533	16.7033
k141_66289	2185	9.33661	9.33661	10.7583
k141_10143	10696	8.53461	8.53461	14.4977
k141_431	2503	5.68423	5.68423	8.54521
k141_28780	3360	7.41776	7.41776	9.93043
k141_10144	2508	5.6408	5.6408	7.91798
k141_75754	3927	7.94917	7.94917	12.5624
k141_103729	2639	6.9996	6.9996	5.71663
k141_437	2358	9.94022	9.94022	14.1061
k141_75756	2325	13.0501	13.0501	36.0696
k141_441	2103	8.93036	8.93036	4.91213
k141_66297	1682	5.6795	5.6795	10.7404
k141_28790	1712	10.7567	10.7567	14.0023
k141_75759	5171	6.31508	6.31508	6.23133
k141_19324	7479	13.3325	13.3325	38.1824
k141_452	2839	7.78579	7.78579	13.2695
k141_94479	7420	10.3554	10.3554	21.097
k141_94480	4404	8.36295	8.36295	12.4767
k141_103744	2304	8.38487	8.38487	14.5034
k141_66304	7547	11.1833	11.1833	13.2473
k141_10165	2652	6.2546	6.2546	19.4783
k141_75768	2121	8.49772	8.49772	10.7689
k141_459	3572	30.4866	30.4866	305.078
k141_10166	1921	5.53416	5.53416	8.26805
k141_103748	1794	10.0067	10.0067	26.1807
k141_19336	4342	7.48569	7.48569	10.0274
k141_94482	5655	31.228	31.228	123.09
k141_28808	2922	6.83514	6.83514	13.8281
k141_103750	1649	6.03135	6.03135	4.5017
k141_10174	1571	8.07389	8.07389	12.815
k141_75777	1507	12.8394	12.8394	9.5478
k141_75780	1503	5.81449	5.81449	8.77251
k141_19339	1977	11.5933	11.5933	25.8503
k141_94492	2946	9.65773	9.65773	19.9388
k141_10182	1578	6.19328	6.19328	5.43846
k141_19342	1582	6.32123	6.32123	11.5279
k141_94494	2657	9.95891	9.95891	17.7145
k141_468	7707	11.2567	11.2567	30.3237
k141_75786	1629	8.80798	8.80798	18.5476
k141_103760	5636	12.0069	12.0069	28.8469
k141_66314	6791	7.82006	7.82006	14.4891
k141_471	3159	5.05517	5.05517	7.16455
k141_473	1504	5.42688	5.42688	4.92922
k141_47649	59836	14.9582	14.9582	30.547
k141_19345	1583	51.2275	51.2275	2530.51
k141_103763	2667	5.3826	5.3826	8.58286
k141_47651	2019	5.65383	5.65383	7.48242
k141_477	1792	5.20402	5.20402	5.94918
k141_75787	5557	66.1032	66.1032	421.582
k141_47652	1753	5.20711	5.20711	5.60755
k141_75788	1568	4.92666	4.92666	10.5733
k141_10185	12013	12.1797	12.1797	44.0151
k141_66317	7734	12.4177	12.4177	23.0088
k141_75792	2473	6.88162	6.88162	13.7212
k141_103772	1760	14.2596	14.2596	42.6687
k141_489	1816	8.68547	8.68547	14.8475
k141_85091	90365	23.4016	23.4016	55.1304
k141_47658	1557	13.9716	13.9716	126.036
k141_10192	1713	9.34229	9.34229	25.508
k141_66319	4044	6.9132	6.9132	12.6582
k141_19354	2709	4.78507	4.78546	8.07399
k141_47660	1947	6.6778	6.6778	9.60157
k141_491	1561	7.18923	7.18923	21.0046
k141_47661	1776	6.09102	6.09102	7.68148
k141_66323	5517	31.1202	31.1202	188.659
k141_494	1668	6.5191	6.5191	12.0059
k141_10198	1804	5.81923	5.81923	12.268
k141_19362	1591	4.92991	4.92991	2.61938
k141_66327	1617	4.73688	4.73688	5.14219
k141_10199	2680	6.36561	6.36561	8.89232
k141_495	3119	7.81745	7.81745	12.9302
k141_75802	5987	13.6639	13.6639	28.0491
k141_66330	3011	10.1968	10.1968	29.77
k141_47665	4916	10.5885	10.5885	21.9443
k141_85098	5347	8.84818	8.84818	20.2734
k141_496	4548	8.73988	8.73988	13.0973
k141_94496	36664	20.135	20.135	52.1874
k141_10206	6402	9.16027	9.16027	21.0579
k141_497	2094	7.60648	7.60648	5.96391
k141_47666	3027	7.69343	7.69343	9.72708
k141_103775	14314	15.2424	15.2424	32.4585
k141_47667	2468	11.0108	11.0108	20.7246
k141_10211	1777	7.85925	7.85925	13.4299
k141_85108	1511	8.0867	8.0867	6.62926
k141_75808	2777	6.74001	6.74001	11.954
k141_103777	2849	7.16784	7.16784	10.4888
k141_10215	1794	4.74392	4.74392	4.54239
k141_66336	7362	9.91805	9.91805	20.9112
k141_85110	3003	6.15352	6.15352	11.1286
k141_94511	2136	10.0509	10.0509	21.0499
k141_75815	1978	8.45131	8.45131	15.2221
k141_47671	2693	9.08376	9.08376	12.9745
k141_66338	2460	8.21385	8.21385	11.8909
k141_103779	4062	8.87142	8.87142	16.5688
k141_19365	15342	10.1976	10.1976	20.173
k141_75820	2528	6.21615	6.21615	10.9226
k141_10224	2277	6.63658	6.63658	19.5666
k141_85117	1965	7.23747	7.23747	9.66623
k141_66345	1864	5.80338	5.80338	7.85453
k141_94513	5065	9.92798	9.92798	16.622
k141_10226	1784	9.02754	9.02754	28.5851
k141_47682	2753	6.38801	6.38801	9.28137
k141_502	14182	14.7851	14.7851	37.3506
k141_94515	2904	7.72222	7.72222	13.4685
k141_66349	3384	6.47279	6.47279	15.1205
k141_38190	100751	20.6725	20.6725	48.6946
k141_47685	2044	5.85322	5.85322	7.76286
k141_19375	2524	7.37068	7.37068	18.6506
k141_103790	3345	10.6019	10.6019	19.909
k141_75831	1691	17.7385	17.7385	48.41
k141_94519	2861	7.55441	7.55441	15.1343
k141_507	5276	9.39719	9.39719	18.3633
k141_47691	2079	6.28408	6.28408	10.2624
k141_510	1908	7.19511	7.19511	18.9084
k141_94522	4308	19.8718	19.8718	35.2799
k141_47694	1765	7.79567	7.79567	7.96817
k141_103795	3631	12.8598	12.8598	19.116
k141_513	1644	10.2222	10.2222	24.8026
k141_103796	1614	6.21175	6.21175	8.08094
k141_85129	4644	9.67245	9.67245	26.9531
k141_66353	6215	49.8486	49.8486	352.678
k141_10247	1762	6.28598	6.28598	16.0269
k141_38199	3490	10.8686	10.8686	16.8024
k141_94527	1591	9.77585	9.77654	34.4195
k141_66354	2402	8.77975	8.77975	11.9479
k141_75832	8255	34.6746	34.6746	579.828
k141_518	2346	6.63342	6.63342	10.3653
k141_19382	5259	14.7534	14.7534	43.105
k141_85134	3174	8.81548	8.81548	12.6348
k141_75834	1702	5.68299	5.68299	4.80339
k141_103803	1701	4.91167	4.91231	3.70843
k141_19383	2361	7.37087	7.37087	10.5438
k141_66356	2207	7.31405	7.31405	10.5199
k141_38203	4443	9.24342	9.24342	15.2406
k141_47708	1570	7.13099	7.13099	9.14143
k141_10252	4908	10.6801	10.6803	15.8773
k141_103804	2490	6.87607	6.87607	9.14838
k141_527	1808	5.78468	5.78468	7.1516
k141_75837	4050	9.27769	9.27769	25.201
k141_10256	2512	8.06986	8.06986	14.3708
k141_38207	2282	10.0793	10.0793	40.7095
k141_530	2342	8.21579	8.21579	9.88918
k141_85141	1959	6.35434	6.35434	9.72781
k141_533	1536	6.03535	6.03535	4.25941
k141_47727	1632	28.2078	28.2078	59.6652
k141_66364	9196	10.1042	10.1042	19.1287
k141_103811	3364	5.90324	5.90324	11.9189
k141_535	4035	9.06898	9.06898	27.3842
k141_10266	7644	14.0835	14.0835	26.4033
k141_75849	3545	7.53108	7.53108	10.9286
k141_85147	2066	6.43476	6.43476	11.1148
k141_38221	1899	7.7936	7.7936	10.5689
k141_94528	19258	12.7749	12.7749	24.1446
k141_66377	1741	21.5783	21.5783	88.4382
k141_10270	3987	9.84806	9.84806	18.0356
k141_550	1577	14.883	14.883	37.3912
k141_85148	6839	12.7488	12.7488	32.292
k141_10273	3600	8.79217	8.79217	14.6483
k141_75853	9116	12.708	12.708	28.7207
k141_85150	2318	6.61808	6.61808	8.44479
k141_10275	2287	45.7679	45.7679	538.415
k141_19390	22652	13.5685	13.5685	34.2884
k141_38231	2511	8.89327	8.89327	15.0471
k141_85152	1585	5.46063	5.46063	7.64757
k141_19392	1588	6.48679	6.48679	5.90626
k141_10277	3213	8.24094	8.24094	21.11
k141_75863	1511	10.4504	10.4511	13.4566
k141_94549	1517	9.09803	9.09803	16.3403
k141_47729	25232	16.1707	16.1708	41.755
k141_10279	2675	8.24198	8.24198	21.1788
k141_555	5996	8.96681	8.96681	19.1892
k141_19397	1596	9.47026	9.47095	10.3878
k141_94551	3149	12.1547	12.1547	36.5642
k141_85159	3205	10.2596	10.2596	24.47
k141_557	1987	5.56995	5.56995	12.8901
k141_94552	2017	6.54205	6.54205	7.70069
k141_10283	1893	6.5261	6.5261	8.84303
k141_10284	1610	6.16781	6.16781	8.72782
k141_94553	2056	8.18783	8.18783	15.7399
k141_19399	2582	8.28988	8.28988	11.389
k141_38240	6270	7.86389	7.86389	15.1376
k141_560	3509	7.64781	7.64781	8.87508
k141_10288	1832	7.19679	7.19679	10.8269
k141_85163	1700	8.16194	8.16194	14.5542
k141_75876	3777	20.4941	20.4941	66.741
k141_10289	2034	10.6561	10.6561	11.221
k141_85164	1929	6.40528	6.40528	7.23316
k141_47745	1654	9.75731	9.75731	19.9924
k141_19406	1973	8.19364	8.19364	16.0937
k141_66380	15409	16.0463	16.0463	43.71
k141_85165	2105	8.57238	8.57238	9.71875
k141_568	2035	6.64297	6.64297	12.7827
k141_19407	4696	12.1604	12.1604	30.186
k141_575	1716	9.9553	9.95594	24.3028
k141_66386	3955	7.96636	7.96636	12.7218
k141_38257	2522	9.22386	9.22386	17.5909
k141_19411	2187	4.4595	4.4595	4.75534
k141_85176	2585	9.6809	9.6809	21.8878
k141_576	6550	11.357	11.357	26.2631
k141_47748	12407	10.0836	10.0837	18.5069
k141_28821	97260	56.2181	56.2181	159.346
k141_38262	2035	20.6255	20.6255	478.524
k141_66394	1972	6.43359	6.43359	6.36001
k141_103815	53048	16.3012	16.3013	37.8595
k141_75893	1984	10.6221	10.6221	28.4414
k141_66396	1807	27.7815	27.7815	99.1756
k141_103816	2547	6.42428	6.42428	9.55573
k141_577	6940	9.85228	9.85228	19.474
k141_28824	2727	8.2305	8.2305	20.2791
k141_10313	4447	10.5343	10.5343	17.1368
k141_19422	2294	5.90205	5.90205	7.61335
k141_85178	11118	11.1523	11.1523	20.6582
k141_47757	2182	8.05167	8.05217	11.6034
k141_10318	1973	6.49369	6.49369	10.0668
k141_66403	2796	6.52683	6.52683	8.92473
k141_584	1601	8.3315	8.3315	13.4507
k141_38264	6520	10.2358	10.2358	15.8614
k141_585	1620	9.5102	9.5102	17.3162
k141_47760	1550	5.99143	5.99143	6.24014
k141_10324	2111	6.73636	6.73636	16.1924
k141_103820	1581	7.26345	7.26345	10.1048
k141_85186	1730	5.10316	5.10316	4.54856
k141_10327	2190	6.61324	6.61324	12.9298
k141_66410	2222	7.31322	7.31322	6.55124
k141_47762	4182	7.93204	7.93204	8.95699
k141_85190	1656	8.09296	8.09296	10.5734
k141_19423	9939	11.8288	11.8288	25.1468
k141_66413	2189	7.79647	7.79647	15.6529
k141_28840	2172	8.14738	8.14738	6.54435
k141_587	6760	8.83298	8.83298	15.5886
k141_75901	4846	9.24915	9.24915	20.4957
k141_38272	1815	17.3231	17.3231	31.4303
k141_47764	2195	7.35599	7.35599	10.4574
k141_10331	3351	10.1287	10.1287	17.9752
k141_10332	1847	11.5852	11.5852	19.7878
k141_103826	2031	9.88304	9.88304	20.5331
k141_85194	1827	7.4514	7.4514	6.33973
k141_66419	2070	8.4526	8.4526	28.102
k141_38278	3405	7.9063	7.9063	10.0567
k141_19434	4089	7.31353	7.31353	11.6394
k141_66422	2138	5.06036	5.06036	5.42764
k141_597	2706	35.0477	35.0477	332.659
k141_603	2366	5.33709	5.33709	4.81049
k141_47767	11629	10.14	10.14	19.202
k141_38284	1613	4.83049	4.83049	3.84129
k141_10336	7351	13.0624	13.0624	49.9418
k141_94554	57082	16.6104	16.6104	36.8452
k141_28846	6983	10.5943	10.5943	22.9036
k141_66429	3297	8.27709	8.27741	14.1428
k141_10339	2891	7.24079	7.24079	8.61212
k141_66431	2721	7.61649	7.61649	9.49103
k141_85213	4306	6.75818	6.75818	11.7695
k141_38286	6608	10.1463	10.1463	17.6164
k141_19444	8931	9.20761	9.20761	17.2105
k141_10348	1627	7.31077	7.31077	7.5558
k141_38290	2178	35.0247	35.0247	416.078
k141_66436	2015	5.25684	5.25684	4.46778
k141_94567	5518	6.57638	6.57638	7.45383
k141_66438	2172	7.88526	7.88526	17.4911
k141_38294	2032	6.79809	6.79809	11.1171
k141_94568	3839	10.7319	10.7319	17.3426
k141_94569	3492	8.40245	8.40245	13.7957
k141_38295	5236	10.721	10.721	22.742
k141_85217	8428	9.49662	9.49662	17.7911
k141_85221	2192	4.19393	4.19393	5.43134
k141_103828	31994	15.081	15.081	40.8059
k141_38299	2365	8.24154	8.24154	13.9865
k141_47770	31344	18.5143	18.5143	49.1376
k141_103832	2450	5.94435	5.94435	5.68799
k141_38300	5857	24.5604	24.5604	370.553
k141_85223	5242	15.5414	15.5414	35.0883
k141_10373	8265	9.73444	9.73444	14.9068
k141_85225	1653	6.22954	6.22954	6.60177
k141_47777	1841	8.68953	8.68953	16.8688
k141_103842	1649	5.30153	5.3022	3.94533
k141_47779	2661	8.02907	8.02907	10.5518
k141_10380	1590	6.3875	6.3875	8.61701
k141_47782	2802	14.1584	14.1584	91.9478
k141_85229	8357	9.62958	9.62958	19.6328
k141_47783	5085	7.41986	7.41986	13.8378
k141_94570	29417	17.5541	17.5541	40.0842
k141_103857	2753	19.7422	19.7422	47.793
k141_94571	1779	8.05157	8.05157	10.6669
k141_10396	2024	11.0993	11.0993	19.6015
k141_66455	26079	30.8901	30.8901	72.5444
k141_66457	1522	7.02697	7.02697	14.8986
k141_94575	1880	7.78035	7.78035	7.35023
k141_10400	1752	24.5818	24.5818	139.482
k141_103862	2105	5.79233	5.79233	11.5934
k141_66459	1768	5.72621	5.72621	9.8118
k141_85232	6505	8.8299	8.8299	20.5948
k141_103865	2305	6.45754	6.45754	14.1964
k141_66461	1747	19.119	19.1196	35.3121
k141_94577	4051	7.62087	7.62087	10.6471
k141_85234	2485	8.29422	8.29422	20.2136
k141_609	55448	14.2721	14.2721	31.5292
k141_10405	2431	8.99518	8.99518	8.70129
k141_103868	1790	8.37012	8.37073	10.1089
k141_614	1598	7.23757	7.23757	6.60697
k141_103869	2493	7.99573	7.99573	10.3442
k141_616	3049	6.62228	6.62228	10.104
k141_85239	4400	7.15694	7.15694	9.20835
k141_94579	8267	9.43452	9.43452	17.1537
k141_103873	1527	4.30792	4.30792	4.85569
k141_10410	5581	9.18247	9.18247	15.3155
k141_618	2176	6.6229	6.6229	8.55207
k141_94581	1584	5.26011	5.26011	9.27563
k141_66472	3261	6.94375	6.94375	7.63702
k141_10414	2334	17.0408	17.0408	38.8233
k141_622	1777	5.4917	5.4917	4.21313
k141_103875	1739	5.5601	5.5601	6.15334
k141_624	3808	9.7064	9.7064	22.5372
k141_103877	2964	7.33333	7.33333	15.6839
k141_66474	7279	14.0198	14.0198	22.8973
k141_625	5308	10.082	10.082	14.1075
k141_10427	4248	7.87848	7.87848	14.8887
k141_94587	10983	10.1125	10.1126	23.1108
k141_626	4045	10.4958	10.4958	28.3892
k141_10428	4759	8.99197	8.99197	17.3147
k141_94594	2544	7.65121	7.65121	9.13075
k141_66476	4969	25.2797	25.2797	327.659
k141_633	1547	6.00215	6.00215	12.9663
k141_103884	6091	32.918	32.9182	266.978
k141_10433	2136	5.79859	5.79859	4.94179
k141_103885	1573	6.97259	6.97259	8.53584
k141_10434	4447	6.83291	6.83291	9.41711
k141_38302	46246	19.2129	19.2129	70.9967
k141_641	2869	8.54101	8.54101	36.1125
k141_10438	2696	6.44108	6.44108	13.8828
k141_66489	1533	8.44685	8.44685	6.16635
k141_94608	3764	9.45877	9.45877	25.3792
k141_85274	2740	9.2305	9.2305	10.3704
k141_47786	53133	13.0564	13.0564	26.376
k141_38303	7469	8.7803	8.7803	14.5088
k141_643	4212	8.3582	8.3582	11.1631
k141_10441	4712	9.09711	9.09711	12.2315
k141_28853	87482	44.4184	44.4184	129.125
k141_94618	3137	8.87546	8.87546	12.0701
k141_85279	2645	7.25651	7.25651	11.987
k141_103898	7898	11.7102	11.7102	20.6692
k141_10442	3084	8.62849	8.62849	12.7948
k141_94619	2285	8.81452	8.81452	22.0109
k141_646	2833	6.61051	6.61051	9.60555
k141_28854	2027	8.22323	8.22323	13.4603
k141_653	3962	6.85572	6.85572	10.6315
k141_85285	1669	8.07242	8.07242	7.45063
k141_94627	3472	5.09753	5.09753	4.26567
k141_38313	2625	37.8998	37.8998	109.93
k141_10450	2027	8.3138	8.31433	12.4577
k141_656	1745	5.25643	5.25643	6.61488
k141_47798	5056	36.669	36.669	153.483
k141_28861	2616	6.34307	6.34307	8.84207
k141_85288	2571	7.92813	7.92813	14.2453
k141_47799	1930	6.86573	6.86573	13.9241
k141_10454	1673	5.51609	5.51609	5.17104
k141_94633	2910	8.35217	8.35217	14.3362
k141_103906	4997	8.90283	8.90283	12.802
k141_38316	1977	6.526	6.526	13.426
k141_103907	2045	8.61636	8.61636	11.2757
k141_38318	2010	4.73817	4.73817	10.9895
k141_66512	3028	6.27033	6.27033	8.48994
k141_669	2873	11.7764	11.7764	17.6535
k141_66513	3152	10.0613	10.0613	15.2511
k141_47800	9881	14.7765	14.7765	30.1042
k141_28864	8487	13.8278	13.8278	33.0112
k141_94648	1674	7.40814	7.40814	6.3231
k141_10458	9331	9.3773	9.3773	18.9724
k141_674	2011	5.78614	5.78614	3.70587
k141_94651	2540	8.89916	8.89916	28.8547
k141_675	2846	6.77337	6.77337	8.42839
k141_85297	5949	123.501	123.501	571.879
k141_94652	1663	5.10509	5.10509	5.59409
k141_10461	3261	9.17679	9.17679	16.1689
k141_66522	3046	7.17645	7.17645	12.924
k141_47802	7661	10.6453	10.6453	20.2285
k141_10462	1899	6.71241	6.71241	15.6626
k141_66525	1654	7.1117	7.1117	9.24371
k141_10463	2395	6.98085	6.98085	8.96353
k141_47803	2744	6.56438	6.56438	11.9143
k141_28877	2669	7.42318	7.42318	11.0361
k141_56851	330263	40.0519	40.0519	100.809
k141_47809	2059	5.91723	5.91723	7.55715
k141_85305	5123	9.11301	9.11301	12.6546
k141_66532	1711	7.01345	7.01345	9.53766
k141_94661	1594	7.00554	7.00554	12.7484
k141_47811	3630	7.9842	7.9842	12.6491
k141_56853	4844	18.9557	18.9557	100.405
k141_47812	2358	8.80299	8.80299	19.5592
k141_695	2311	81.1981	81.1981	136.875
k141_10467	7217	8.27862	8.27862	13.8246
k141_56855	1604	7.88239	7.88239	8.52228
k141_94663	2416	8.90512	8.90512	13.8545
k141_698	2809	7.51974	7.51974	12.62
k141_10468	2575	7.13361	7.13361	11.913
k141_700	2363	9.15002	9.15002	14.0987
k141_28878	11506	14.1479	14.1479	29.4706
k141_47817	2478	7.60868	7.60868	10.4712
k141_47818	1578	6.55812	6.55812	8.41919
k141_94673	3625	108.232	108.232	300.268
k141_56864	1867	5.66919	5.66919	6.619
k141_28886	1740	7.72327	7.72327	8.02279
k141_10474	3625	13.4639	13.4639	19.013
k141_66546	7790	14.1979	14.1979	23.7223
k141_28890	1582	4.40433	4.40433	5.17464
k141_19445	127909	18.2591	18.2591	40.9696
k141_94682	2005	8.29326	8.29326	11.9657
k141_10481	2730	6.41085	6.41085	9.10219
k141_85308	15478	9.33651	9.33651	16.0365
k141_56871	3435	7.05997	7.05997	16.1387
k141_85309	2063	10.0016	10.0016	9.13439
k141_94690	1893	5.57315	5.57315	11.1265
k141_19446	7174	29.6852	29.6852	93.1442
k141_94693	1734	4.15215	4.15215	4.15184
k141_10483	5437	9.46283	9.46283	21.5349
k141_66547	8924	15.0434	15.0434	34.0981
k141_56876	4225	6.31387	6.31387	6.81626
k141_94694	2122	46.895	46.895	576.18
k141_28896	7696	8.6842	8.68434	15.0355
k141_19456	1531	8.96017	8.9609	19.264
k141_85316	5767	9.94463	9.94463	20.6343
k141_94697	1857	9.31576	9.31576	14.9711
k141_66551	1527	6.45969	6.45969	9.06397
k141_10487	4047	9.43983	9.43983	12.6238
k141_56881	1789	9.08908	9.08908	21.5952
k141_28898	4269	7.22845	7.22845	11.6489
k141_47821	24009	16.4615	16.4615	28.7899
k141_66556	1556	7.49573	7.49573	11.0715
k141_19463	3794	9.4163	9.4163	20.4938
k141_85320	3685	8.0925	8.0925	11.6681
k141_10488	6800	49.8421	49.8421	449.611
k141_28899	5299	8.74461	8.7448	15.4562
k141_10489	2762	6.82504	6.82504	13.5639
k141_56883	6013	10.6974	10.6974	18.5557
k141_19470	1598	5.27417	5.27417	7.48731
k141_47827	5487	7.11748	7.11748	14.1676
k141_94703	9526	16.6301	16.6301	40.3972
k141_19475	2533	9.72765	9.72765	19.9246
k141_66568	2197	5.93698	5.93698	8.08154
k141_47830	2139	7.05078	7.05078	15.023
k141_19477	1568	9.48237	9.48237	20.2907
k141_47836	2031	6.79054	6.79054	12.1624
k141_28900	12409	9.3714	9.3714	14.8516
k141_10490	14079	18.3262	18.3262	43.9558
k141_704	43390	19.3101	19.3101	44.2184
k141_94709	7676	7.01276	7.01276	14.0149
k141_10493	2104	5.55271	5.55271	4.44093
k141_28903	4090	12.7546	12.7546	29.0113
k141_85351	2117	5.35943	5.35943	8.65351
k141_47842	2644	7.92943	7.92943	14.3987
k141_94712	2288	8.83723	8.83723	16.8354
k141_28905	1808	13.5742	13.5742	27.9116
k141_47845	1729	8.68651	8.68714	13.452
k141_85356	1689	6.987	6.987	5.31975
k141_10495	4234	8.40622	8.40622	10.283
k141_56884	18093	10.2472	10.2472	18.0859
k141_85357	1892	4.79736	4.79736	5.13694
k141_707	6570	15.6745	15.6745	43.8386
k141_94717	2919	9.38425	9.38425	34.9599
k141_19495	5142	16.9085	16.9085	39.4007
k141_28910	1927	7.11199	7.11199	10.2458
k141_75915	186862	22.9176	22.9176	52.7428
k141_56885	4716	7.69076	7.69076	12.3207
k141_85360	1885	4.66052	4.66052	3.33396
k141_10502	3292	8.87428	8.87428	16.3258
k141_28913	3356	9.2748	9.2748	10.1987
k141_56887	3116	15.091	15.091	34.0807
k141_94726	1513	5.97946	5.97946	6.3358
k141_85364	2821	6.73156	6.73156	7.5748
k141_75921	2598	6.83946	6.83946	9.25296
k141_66601	5989	15.7626	15.7626	40.4819
k141_10512	1751	5.4722	5.4722	6.48055
k141_75922	2081	8.19679	8.19731	13.0715
k141_28924	1580	7.91678	7.91678	16.9594
k141_47849	13255	9.41427	9.41427	16.8381
k141_66607	1532	7.89653	7.89653	11.8973
k141_85376	2601	7.16565	7.16565	9.29014
k141_10517	1631	10.7765	10.7765	12.3575
k141_28925	2247	7.2804	7.2804	8.63031
k141_94739	3115	7.53457	7.53457	12.4237
k141_47853	1927	5.79235	5.79235	9.25359
k141_10518	2876	6.41159	6.41159	17.6757
k141_19503	12574	23.1638	23.1638	70.957
k141_10522	1705	7.69582	7.69582	16.1204
k141_19504	1666	4.61082	4.61082	6.13093
k141_85382	5029	8.56774	8.56774	17.0205
k141_94745	1602	11.4022	11.4022	43.4144
k141_28930	4527	18.965	18.965	39.1229
k141_56893	16786	15.4653	15.4653	36.4402
k141_75923	13784	18.0137	18.0137	356.14
k141_94747	2148	6.43894	6.43894	8.06607
k141_94749	1626	11.086	11.086	14.3879
k141_56896	3069	12.8277	12.8277	25.7884
k141_19507	7145	12.377	12.377	35.3923
k141_19509	2294	8.89785	8.89785	13.3415
k141_85391	5292	7.69759	7.69759	15.2069
k141_56899	1524	6.37118	6.37118	8.5759
k141_28942	2079	4.41213	4.41213	5.95409
k141_85392	4323	11.1117	11.1117	23.2248
k141_75935	5332	8.80278	8.80278	26.6785
k141_56905	2130	6.28889	6.28889	7.52837
k141_47866	13156	15.4991	15.4991	49.5122
k141_10538	11348	9.98643	9.98652	18.6336
k141_75937	1633	6.64936	6.64936	8.0146
k141_28945	2347	5.92717	5.92717	9.91094
k141_10540	1538	6.58573	6.58573	6.29185
k141_94752	11248	14.1847	14.1847	52.3057
k141_56908	2227	10.3625	10.3625	26.8054
k141_103911	117797	30.4179	30.4179	73.6532
k141_66609	26882	13.2928	13.2928	29.7226
k141_103912	2037	5.66932	5.66932	5.20023
k141_47871	3111	8.40898	8.40932	12.704
k141_85396	7685	17.0788	17.079	51.9117
k141_47874	1702	8.43621	8.43621	21.7521
k141_94757	2225	5.3147	5.3147	8.05079
k141_28950	3055	9.56833	9.56833	18.2307
k141_56914	1716	5.7765	5.7765	8.58133
k141_85397	2327	13.7846	13.7846	21.2546
k141_47875	1774	10.5068	10.5068	21.8865
k141_19531	1790	10.9713	10.9713	25.1751
k141_94760	1594	8.21537	8.21537	8.96881
k141_47876	1721	5.73393	5.73393	7.52659
k141_75943	6663	8.75802	8.75802	12.8953
k141_28956	1811	6.25346	6.25346	8.25084
k141_19533	2583	8.91944	8.91944	18.3232
k141_85400	3044	5.71355	5.71355	9.07478
k141_94763	1717	6.37269	6.37269	8.85076
k141_66620	4180	10.9655	10.9655	16.977
k141_75949	1798	8.24515	8.24515	19.668
k141_85403	2089	8.35276	8.35276	11.7847
k141_47881	4838	13.5271	13.5271	27.0782
k141_66622	3242	18.4538	18.4538	42.2288
k141_75950	3654	9.06792	9.06792	18.0879
k141_10544	13266	10.9007	10.9007	18.6571
k141_94765	5294	11.4988	11.4988	26.3863
k141_19542	3003	6.54364	6.54364	11.4558
k141_56927	3670	16.5994	16.5994	72.7478
k141_47889	1571	7.79944	7.79944	5.80832
k141_10547	4033	6.44218	6.44218	8.10398
k141_724	54226	15.1774	15.1774	30.2004
k141_19547	2599	7.5443	7.5443	14.3453
k141_75956	2859	8.92322	8.92322	7.5274
k141_66630	1598	7.66782	7.66782	10.8163
k141_10551	2006	5.3847	5.3847	7.25891
k141_28961	10362	13.4607	13.4607	31.347
k141_726	2920	8.53357	8.53357	11.2638
k141_94767	7614	13.4724	13.4724	33.0308
k141_56930	1522	7.07216	7.07216	4.61403
k141_75959	2701	5.75225	5.75225	8.10094
k141_10553	1749	31.5641	31.5641	85.2949
k141_730	3578	6.979	6.979	8.41271
k141_10563	2310	6.46389	6.46389	9.86881
k141_733	2213	8.86427	8.86427	15.9182
k141_75964	4774	5.24351	5.24373	6.83034
k141_56940	2693	7.69485	7.69485	10.7235
k141_94768	10397	12.8938	12.8938	26.6476
k141_10569	1518	10.3706	10.3706	14.804
k141_94770	1584	9.25802	9.25802	15.3319
k141_28985	1521	5.78191	5.78191	5.6524
k141_75969	2603	9.93233	9.93233	17.9564
k141_19567	5236	7.85647	7.85647	10.3269
k141_66640	12887	20.3652	20.3652	50.8198
k141_10571	2067	5.59364	5.59364	3.88959
k141_75970	1948	6.39766	6.39766	6.49899
k141_47893	17657	14.7448	14.7448	35.4157
k141_19568	2021	6.61732	6.61732	10.7775
k141_94772	3834	15.4292	15.4292	53.7601
k141_56947	3022	19.8468	19.8468	45.7084
k141_75972	1689	6.35932	6.35932	9.86499
k141_28989	2956	8.65217	8.65217	14.0949
k141_94773	1714	5.20652	5.20716	4.73757
k141_85404	27487	28.5163	28.5163	78.8373
k141_10576	1574	7.64045	7.64045	11.1988
k141_19572	1528	4.58999	4.58999	4.00241
k141_66645	4601	10.344	10.344	19
k141_56951	1501	6.01554	6.01554	9.34864
k141_745	4799	8.07012	8.07012	13.7459
k141_75973	4567	8.96921	8.96921	18.0126
k141_10584	1821	32.8588	32.8588	154.91
k141_28995	1961	62.1331	62.1331	614.805
k141_56956	1584	6.51883	6.51883	4.46333
k141_746	4379	16.6912	16.6912	275.612
k141_47903	4084	9.95704	9.95704	19.5763
k141_19583	2153	5.69646	5.69646	4.77293
k141_29001	2219	12.5684	12.5684	24.455
k141_19586	2260	8.08009	8.08009	15.9882
k141_754	1569	7.8062	7.8062	12.8687
k141_56966	1574	6.12992	6.12992	5.91494
k141_10598	1644	5.65462	5.65462	7.20948
k141_85405	15105	10.0554	10.0554	23.5344
k141_758	1742	7.19095	7.19095	17.4242
k141_66648	13791	11.8268	11.8268	26.2621
k141_29002	5848	9.19147	9.19147	15.8808
k141_10600	1759	8.44251	8.44251	13.5267
k141_47915	3664	8.52191	8.52191	17.2596
k141_85412	1683	11.4873	11.4873	10.0567
k141_66655	1524	19.0873	19.0873	63.7171
k141_103921	56364	17.8945	17.8945	46.5224
k141_47918	2499	6.32439	6.32439	7.08033
k141_29011	3546	8.26325	8.26325	18.0108
k141_94780	18170	16.4624	16.4624	43.3905
k141_759	8569	16.7399	16.7399	94.7995
k141_85416	1853	8.19554	8.19612	14.6877
k141_56972	6676	9.18434	9.18434	14.7479
k141_66657	2105	6.64859	6.64859	6.30577
k141_103922	3281	8.95944	8.95976	16.2756
k141_47919	4066	8.49719	8.49719	12.7155
k141_29014	1504	5.87223	5.87223	8.04348
k141_10602	8433	12.4529	12.4529	26.4993
k141_19596	9154	10.7045	10.7045	19.4159
k141_94785	1973	5.08283	5.08283	6.36583
k141_85418	2196	7.38807	7.38807	9.8004
k141_29019	2256	6.7208	6.7208	8.18613
k141_19601	1902	12.8322	12.8322	56.5805
k141_56976	6255	10.3972	10.3972	17.7674
k141_29020	2029	5.62374	5.62374	12.6725
k141_66666	2343	8.10716	8.10716	10.8677
k141_10611	2800	6.7366	6.7366	11.2994
k141_103929	1959	8.59591	8.59591	15.1071
k141_47926	3806	6.88485	6.88485	11.9908
k141_94791	3677	8.42387	8.42387	8.44059
k141_56979	2774	4.98399	4.98399	4.21628
k141_85428	1985	7.7842	7.7842	11.5839
k141_66669	3400	6.56708	6.56708	15.555
k141_56980	1546	7.41905	7.41905	9.03641
k141_19612	2191	5.13768	5.13768	7.50687
k141_29022	4131	8.68526	8.68526	15.126
k141_47930	2918	10.4465	10.4465	22.8941
k141_94794	2851	7.37357	7.37357	14.3142
k141_66673	2295	4.81212	4.81212	2.67504
k141_762	16051	14.9865	14.9865	29.9308
k141_29028	1654	9.26729	9.26729	8.31708
k141_103939	2139	4.84867	4.84867	5.43127
k141_85442	2286	4.75187	4.75187	4.45642
k141_66675	3423	7.09777	7.09777	8.7698
k141_56989	2905	8.72958	8.72958	14.4406
k141_767	2195	5.97995	5.97995	4.18599
k141_94803	3211	7.27638	7.27638	12.9073
k141_47944	2080	7.07358	7.07358	12.065
k141_75983	40495	51.0105	51.0105	598.011
k141_94804	2369	8.23118	8.23118	13.9028
k141_10638	1631	5.90547	5.90547	4.45456
k141_769	3984	9.43584	9.43584	18.4843
k141_66679	6973	12.2124	12.2124	58.573
k141_19619	12380	9.98275	9.98275	19.0586
k141_29037	5254	9.67379	9.67379	13.8601
k141_85451	5557	8.11633	8.11652	12.7437
k141_103952	2783	18.5492	18.5492	60.6679
k141_47947	4949	8.06397	8.06397	16.8778
k141_19621	3201	14.7401	14.7401	42.7263
k141_29038	1754	8.47444	8.47444	11.5782
k141_85455	2711	6.32604	6.32604	10.9081
k141_75993	2501	9.28924	9.28924	15.1419
k141_10647	1514	4.62903	4.62903	4.48298
k141_66690	2646	6.36178	6.36218	7.43827
k141_19622	4958	10.7716	10.7716	33.8392
k141_66691	1845	8.92212	8.92212	14.609
k141_29043	2636	9.03902	9.03902	12.1995
k141_103963	3176	8.88136	8.88136	13.8706
k141_66695	1553	9.26871	9.26871	10.3936
k141_94806	16518	25.0668	25.0668	256.225
k141_57015	2856	15.7033	15.7033	36.5781
k141_19626	3082	7.39188	7.39188	12.8279
k141_75998	3591	7.58791	7.58791	17.398
k141_85471	1515	6.17436	6.17436	4.27458
k141_788	10206	9.18327	9.18327	18.5724
k141_57018	2622	9.28317	9.28317	16.5463
k141_94812	4440	10.7648	10.7648	23.646
k141_66698	3822	6.78949	6.78949	10.3183
k141_57021	2021	4.32817	4.32817	5.50184
k141_94815	1958	8.38661	8.38661	38.7872
k141_76006	4093	26.9067	26.9067	80.9392
k141_94818	1756	4.5878	4.5878	4.68109
k141_66704	1713	6.76967	6.76967	11.468
k141_85479	2456	11.716	11.7164	20.3161
k141_790	6644	11.869	11.869	24.1991
k141_57026	1895	8.08481	8.08481	14.4802
k141_38319	235143	24.4552	24.4552	61.3527
k141_47949	24173	11.2998	11.2998	18.9886
k141_57027	2393	7.03656	7.03656	8.98348
k141_10678	2264	8.89593	8.89593	11.0483
k141_85481	2550	7.99792	7.99792	21.8962
k141_29045	17988	14.5177	14.5177	40.7032
k141_38321	2893	18.4933	18.4933	41.8506
k141_85485	1705	6.78907	6.78907	15.2992
k141_47954	3172	8.76506	8.76506	20.0276
k141_793	3846	10.9497	10.9497	19.408
k141_66714	2478	7.44502	7.44502	12.8547
k141_47955	2371	6.97929	6.97929	7.12117
k141_38322	4249	9.73286	9.73286	14.1094
k141_76012	10718	39.1482	39.1482	87.6215
k141_57039	1968	3.39604	3.39604	2.48587
k141_66718	2041	13.9233	13.9233	41.8963
k141_47958	4494	9.20419	9.20419	17.072
k141_29052	6755	16.7205	16.7205	39.5521
k141_38323	5508	10.7046	10.7046	19.9581
k141_10700	1531	7.83128	7.83128	18.9896
k141_810	1838	4.22986	4.22986	4.32057
k141_57040	2746	12.5524	12.5524	25.9298
k141_66722	1586	5.6922	5.6922	8.21466
k141_57041	1630	5.04527	5.04527	5.31573
k141_811	1784	9.6328	9.6328	22.9062
k141_47961	2241	5.36633	5.36633	7.28963
k141_94849	2709	7.10082	7.10082	13.5918
k141_10702	2727	14.9829	14.9829	32.53
k141_29058	2481	7.81081	7.81081	17.9912
k141_47965	1707	4.97238	4.97302	15.3194
k141_38327	4338	29.9195	29.9195	77.8306
k141_10704	1941	10.5863	10.5863	12.6372
k141_94851	3928	11.2798	11.2798	35.3515
k141_85504	2069	9.86764	9.86764	15.3651
k141_819	1671	10.6095	10.6095	29.3196
k141_29060	2891	4.66946	4.66946	2.9258
k141_826	1564	6.91584	6.91584	11.0765
k141_85509	2009	9.71759	9.71759	12.6376
k141_38332	1508	8.3947	8.3947	20.2067
k141_29061	1852	10.4242	10.4242	22.0387
k141_47973	6244	10.705	10.705	23.2825
k141_38334	3105	9.13435	9.13435	16.1914
k141_76020	14237	22.1488	22.1488	59.9877
k141_29067	2832	11.7349	11.7349	29.1341
k141_829	7236	14.9667	14.9667	29.1922
k141_94868	3541	8.12651	8.12651	11.7926
k141_10720	2620	6.39919	6.39919	6.35494
k141_38336	2945	8.51556	8.51556	11.9821
k141_76023	1999	4.24121	4.24121	5.49376
k141_85516	4435	8.80373	8.80373	17.9995
k141_94871	2334	7.80311	7.80311	18.5221
k141_57054	9596	10.2426	10.2426	20.9707
k141_29068	2937	6.42411	6.42411	6.77988
k141_10722	2491	8.08543	8.08543	14.5867
k141_834	2204	7.30964	7.30964	10.3932
k141_76026	2256	23.6961	23.6961	129.496
k141_38340	3011	5.34429	5.34463	7.26944
k141_38344	1906	7.84909	7.84909	23.6257
k141_76031	1972	6.06312	6.06312	6.59184
k141_76032	1783	5.56828	5.56828	5.66954
k141_10733	6954	9.86405	9.86405	19.3715
k141_841	4411	7.7984	7.7984	12.2484
k141_103970	56259	46.2009	46.2009	118.41
k141_842	2134	18.4345	18.4345	155.273
k141_48002	2430	9.83158	9.83158	13.0124
k141_85519	13179	10.6086	10.6086	21.1056
k141_76040	1676	9.7038	9.7038	16.446
k141_57075	1927	14.5678	14.5678	109.384
k141_29085	1651	7.08861	7.08861	6.63285
k141_94884	9233	15.9796	15.9796	32.5094
k141_19627	60077	25.4337	25.4337	252.553
k141_85521	1641	7.28102	7.28102	9.95515
k141_103975	2837	5.77782	5.77782	8.4118
k141_850	4244	11.4257	11.4257	37.6586
k141_94894	1611	7.05749	7.05749	16.976
k141_94897	1607	5.15923	5.15923	2.98012
k141_57085	3554	9.13396	9.13396	17.4032
k141_103980	6153	10.5429	10.5429	20.6436
k141_48014	8095	11.7339	11.7339	32.0036
k141_29091	7735	11.6046	11.6046	25.9687
k141_19639	2001	33.3209	33.3209	115.391
k141_10755	2479	6.39502	6.39502	8.96515
k141_48015	1602	6.38705	6.38705	11.1953
k141_38362	6393	10.9137	10.9137	26.2621
k141_859	3085	5.97376	5.97376	10.3915
k141_38363	1514	8.72434	8.72507	23.0196
k141_29094	1601	7.09442	7.09442	14.2028
k141_38366	1935	6.82073	6.82073	8.71555
k141_48024	1542	5.59842	5.59842	4.51942
k141_94907	1616	6.19031	6.19031	10.5324
k141_29100	1538	5.76225	5.76225	5.20226
k141_57096	2373	7.88844	7.88844	11.6528
k141_873	1828	7.3534	7.3534	12.3324
k141_76041	20941	13.2573	13.2573	27.7313
k141_48032	1817	6.25135	6.25135	9.59045
k141_103992	3066	11.2421	11.2421	17.4618
k141_10771	2681	8.57645	8.57645	14.0735
k141_19653	1550	5.93214	5.93214	9.82322
k141_29104	4048	10.7601	10.7601	23.4568
k141_48035	1682	6.31266	6.31266	6.78462
k141_57098	4896	9.68247	9.68247	19.2481
k141_76043	1846	6.50825	6.50825	5.19166
k141_94911	7168	15.4181	15.4181	143.172
k141_10773	3682	9.16789	9.16789	30.5081
k141_66733	47194	16.1571	16.1571	38.8962
k141_57099	2310	7.93241	7.93241	8.02512
k141_85542	10115	10.2952	10.2952	22.4257
k141_66734	1692	4.58106	4.58106	5.49216
k141_76044	3713	6.9057	6.9057	16.4937
k141_10777	2199	6.58468	6.58468	5.97341
k141_104002	3495	12.5351	12.5351	32.1476
k141_94916	2030	6.46968	6.46968	7.71492
k141_85545	1783	3.5695	3.5695	3.2245
k141_29105	5735	15.8639	15.8639	36.2148
k141_104003	1710	5.96282	5.96282	8.8029
k141_881	8319	8.34239	8.34239	14.5934
k141_38368	14108	15.8817	15.8817	36.6808
k141_94921	1617	8.94751	8.94751	18.1384
k141_85546	1776	5.24539	5.24539	4.19021
k141_29106	2619	5.09154	5.09154	7.01276
k141_19657	4405	19.7969	19.7969	167.811
k141_48047	5520	7.70298	7.70298	10.6842
k141_57102	5433	16.1927	16.1927	44.6464
k141_66736	5806	8.76945	8.76945	21.5145
k141_104007	1908	7.33902	7.33902	12.5531
k141_48048	2650	3.6176	3.6176	3.47277
k141_76050	1785	4.85382	4.85382	13.6684
k141_891	1741	8.68259	8.68259	24.9375
k141_19663	1846	8.45106	8.45165	8.92635
k141_94929	1624	7.42266	7.42266	7.69838
k141_38374	3170	11.8868	11.8868	22.7404
k141_29114	1683	5.41226	5.41226	4.06098
k141_85549	3947	8.87332	8.87332	15.7794
k141_76051	1884	6.23933	6.23933	11.5646
k141_893	2136	5.51108	5.51108	5.41975
k141_29115	2238	8.25718	8.25718	12.1289
k141_104009	3736	7.66899	7.66899	11.8617
k141_48054	2034	8.45595	8.45595	17.9273
k141_66737	2803	10.1346	10.1346	22.4935
k141_94934	1840	7.31183	7.31183	4.96428
k141_104010	2020	6.80802	6.80802	11.618
k141_94937	1614	9.50205	9.50205	11.27
k141_94938	1561	7.18143	7.18143	10.8465
k141_48059	2838	14.6354	14.6354	44.0946
k141_19670	1588	5.84284	5.84284	5.82634
k141_66739	4748	11.7919	11.7919	24.5201
k141_85558	2074	9.22089	9.22089	8.63086
k141_38388	2282	5.83443	5.83443	5.45961
k141_104014	2337	9.58665	9.58665	17.1455
k141_57109	8005	13.0528	13.0528	29.0956
k141_19671	3469	10.3863	10.3863	24.4861
k141_57110	1574	4.44522	4.44522	5.22397
k141_76063	2531	8.96808	8.96808	21.2076
k141_66741	3594	9.68438	9.68438	16.585
k141_85563	4023	7.28557	7.28557	12.6204
k141_19674	1504	8.73191	8.73191	23.2961
k141_104023	2204	4.69425	4.69425	8.65756
k141_29136	1751	5.1524	5.1524	6.31179
k141_38390	5614	12.6122	12.6122	25.2965
k141_29137	1558	7.69318	7.69318	9.34856
k141_10780	26339	10.9003	10.9003	16.6292
k141_57116	1898	5.73741	5.73741	8.3529
k141_76066	2123	6.7557	6.7557	9.71001
k141_38395	1517	7.49524	7.49524	11.398
k141_29139	1616	7.30969	7.30969	20.5785
k141_94949	5584	9.41664	9.41682	16.4311
k141_48074	4158	9.62375	9.62375	23.3663
k141_902	15975	36.9266	36.9266	347.043
k141_29140	1722	6.45483	6.45483	12.9471
k141_48076	1687	5.64281	5.64281	5.06044
k141_19683	2592	10.8825	10.8825	15.0968
k141_10782	4316	6.44071	6.44071	9.66887
k141_29142	2496	6.33589	6.33589	8.02796
k141_48078	1888	7.72152	7.72152	10.8296
k141_85566	6276	8.35619	8.35619	12.1698
k141_906	1708	6.13415	6.13415	11.2839
k141_76072	5649	16.8412	16.8412	46.1522
k141_104024	11057	19.2822	19.2822	67.4758
k141_38406	1673	7.15299	7.15299	7.30972
k141_29149	1928	3.45894	3.45894	2.98115
k141_76077	1943	5.43949	5.43949	6.87376
k141_48086	2236	5.56376	5.56376	13.9267
k141_29153	1644	5.16131	5.16131	2.406
k141_19698	3297	9.2218	9.2218	12.5681
k141_909	2914	5.51628	5.51628	10.105
k141_48088	1721	6.26416	6.26416	15.9944
k141_104028	2259	6.08061	6.08061	9.94887
k141_85578	2145	7.57193	7.57193	6.81167
k141_76081	1857	5.79906	5.79906	3.47957
k141_104029	1807	9.70791	9.70791	14.7444
k141_10786	9167	15.0498	15.0498	39.5082
k141_913	2411	5.09907	5.09907	4.78043
k141_48089	5087	7.36885	7.36885	11.916
k141_66743	24122	16.11	16.11	31.1562
k141_104031	2134	11.0938	11.0938	24.4354
k141_38417	6289	21.3997	21.3997	46.6591
k141_85583	3120	8.89057	8.89057	21.9681
k141_66744	2885	18.9938	18.9938	16.3405
k141_48092	1886	6.01325	6.01325	3.72259
k141_38420	2029	45.0974	45.0974	879.885
k141_923	2673	8.61871	8.61871	10.3994
k141_29164	1980	5.56503	5.56503	6.08299
k141_10800	3178	7.357	7.357	15.8477
k141_85587	5096	16.4606	16.4606	47.594
k141_928	1840	12.7408	12.7408	24.5995
k141_38421	6218	9.40656	9.40656	15.8561
k141_94951	22254	17.5176	17.5176	35.2405
k141_76086	11452	9.42364	9.42373	14.4075
k141_104044	3247	6.87246	6.87246	9.18757
k141_48103	2491	7.45451	7.45451	10.3113
k141_66750	4641	11.7996	11.7996	20.5469
k141_10804	4706	9.85316	9.85316	20.5253
k141_66753	2360	6.36787	6.36787	8.48163
k141_10806	1570	5.6669	5.6669	3.5373
k141_94955	1707	5.7264	5.7264	8.82481
k141_29171	2496	7.33674	7.33674	10.354
k141_19702	17198	18.1065	18.1065	31.5156
k141_66755	1723	7.46154	7.46154	14.5273
k141_29172	2172	5.17804	5.17804	8.0009
k141_76089	5921	39.8983	39.8983	112.214
k141_104056	2374	6.75674	6.75674	7.47341
k141_942	3765	10.4041	10.4041	42.5475
k141_38431	3256	45.7646	45.7646	144.428
k141_10814	1618	5.40395	5.40395	6.44819
k141_85603	1605	13.3313	13.3313	20.1364
k141_10815	1725	6.2654	6.2654	11.0058
k141_38433	1966	6.50165	6.50165	11.676
k141_29180	1708	5.19512	5.19576	8.36564
k141_944	3582	8.40793	8.40793	10.7562
k141_94969	1750	6.025	6.025	10.6635
k141_19709	5139	9.10523	9.10543	13.3277
k141_57130	30987	15.2622	15.2622	30.7411
k141_66759	5922	16.7602	16.7602	43.4936
k141_76095	2585	7.07228	7.07228	12.0558
k141_948	2402	5.63321	5.63321	10.1186
k141_29185	3755	19.0178	19.0178	63.4117
k141_949	1872	5.40418	5.40418	9.64718
k141_10822	2910	7.05399	7.05399	9.42829
k141_950	2262	7.30303	7.30303	13.3558
k141_38435	7327	13.1608	13.1608	31.8472
k141_76100	1699	73.2047	73.2047	476.263
k141_66760	5434	34.1372	34.1372	93.438
k141_19716	1581	9.62055	9.62055	14.3377
k141_94980	2009	9.62507	9.62507	20.6134
k141_85612	2684	7.93094	7.93094	11.3545
k141_57139	1632	8.5668	8.5668	11.3328
k141_29190	1622	8.875	8.875	17.2352
k141_104061	8340	8.7873	8.7873	16.758
k141_94982	1564	4.26733	4.26733	6.49464
k141_10824	3641	11.5824	11.5824	24.8541
k141_66762	1504	4.96233	4.96233	11.0666
k141_956	1873	4.49507	4.49565	5.53236
k141_38437	2343	8.73279	8.73279	19.986
k141_66763	1543	9.58076	9.58076	23.3486
k141_57147	1501	5.41081	5.41081	13.0896
k141_94983	3316	9.01516	9.01516	16.1148
k141_958	1921	5.78656	5.78656	6.19735
k141_104064	3781	6.81162	6.81162	6.22935
k141_66765	2624	5.91795	5.91795	9.93605
k141_959	2528	121.801	121.801	1232.7
k141_104066	2581	7.96298	7.96298	13.0456
k141_19727	1585	5.4223	5.4223	4.53002
k141_29201	1698	10.0795	10.0795	24.6899
k141_85626	2084	5.4514	5.4514	5.42103
k141_94988	2716	9.68239	9.68239	18.2994
k141_76114	1916	9.18516	9.18516	12.0219
k141_85627	1533	5.98915	5.98915	8.11925
k141_10828	5596	54.8744	54.8744	451.376
k141_57151	6002	11.1524	11.1524	25.2063
k141_19731	1552	8.66548	8.66548	21.1322
k141_104071	1971	4.98078	4.98078	3.92545
k141_10829	1827	3.75253	3.75253	5.25672
k141_76116	1941	5.78057	5.78057	7.48313
k141_85628	3476	10.6058	10.6058	18.9686
k141_94994	1775	8.21108	8.21169	10.4736
k141_38442	9449	8.92257	8.92257	15.7158
k141_104074	2070	7.175	7.175	8.74474
k141_29209	1582	6.93506	6.93506	18.8952
k141_94998	2340	5.82831	5.82831	6.49404
k141_76119	3051	8.03826	8.03826	16.0169
k141_19742	1703	6.29041	6.29041	7.70625
k141_10840	3357	5.41908	5.41908	9.61407
k141_10841	1829	6.07802	6.07802	5.81688
k141_38443	9632	9.47427	9.47427	18.9396
k141_95000	6469	10.4355	10.4355	21.5912
k141_66790	2036	6.06787	6.06787	11.694
k141_10844	3684	8.44256	8.44284	23.8363
k141_29211	12789	15.2412	15.2412	49.4796
k141_57161	11552	10.8009	10.8009	21.4909
k141_104077	15019	15.7531	15.7531	37.2551
k141_85629	15605	15.8135	15.8135	44.0818
k141_29218	2817	7.20435	7.20435	13.7929
k141_57164	2966	9.37216	9.37251	16.7476
k141_66796	5810	8.69664	8.69664	16.8642
k141_48115	46835	25.1389	25.1389	389.99
k141_104079	2512	16.5491	16.5491	25.2684
k141_10852	4153	7.90707	7.90707	20.4683
k141_48116	1930	7.08427	7.08427	9.76131
k141_95009	7583	13.9972	13.9972	32.457
k141_85634	2490	6.68803	6.68803	12.2369
k141_961	35576	36.1236	36.1236	84.9426
k141_48119	3043	8.73903	8.73903	11.6265
k141_104081	2810	11.6718	11.6718	23.3385
k141_57170	2151	5.66417	5.66417	9.38321
k141_95012	1933	5.84464	5.84464	7.70477
k141_967	1728	5.33587	5.33587	8.15726
k141_19766	5374	9.03465	9.03465	17.5389
k141_85642	1770	5.96111	5.96111	7.00093
k141_57173	2078	8.33351	8.33402	23.5499
k141_57175	1866	8.71562	8.71562	10.4171
k141_85645	1691	3.64568	3.64568	1.99906
k141_10861	4705	7.89857	7.89857	13.1164
k141_66807	2555	5.9422	5.94262	10.0641
k141_104087	3288	9.88623	9.88623	17.0644
k141_95022	1729	7.63141	7.63141	8.36979
k141_19774	2044	8.65364	8.65364	13.5038
k141_85651	1766	5.86015	5.86015	10.4634
k141_104088	3704	7.10974	7.10974	11.3913
k141_57178	3217	7.43071	7.43071	9.00458
k141_95027	5919	6.4909	6.4909	7.55399
k141_10868	4624	8.70742	8.70742	16.936
k141_38445	26018	10.923	10.923	23.089
k141_76123	32104	18.2833	18.2833	42.1341
k141_66819	1671	9.66009	9.66009	19.7324
k141_38447	2097	4.53826	4.53826	6.05645
k141_57187	2941	10.732	10.732	19.0114
k141_29235	13080	10.2728	10.2728	15.5971
k141_76127	2478	11.2483	11.2483	75.3606
k141_66824	2214	11.3779	11.3779	20.9216
k141_104101	1727	6.11731	6.11731	6.40179
k141_57191	1666	9.16161	9.16161	15.8332
k141_76133	2226	9.53227	9.53227	14.1642
k141_57192	1741	4.38843	4.38843	3.75218
k141_66827	3495	10.8392	10.8392	24.1231
k141_104105	1883	7.25332	7.25332	23.2077
k141_38455	1712	6.55634	6.55634	6.0279
k141_95043	3445	10.9536	10.9536	15.9513
k141_29238	4277	10.7514	10.7514	25.9078
k141_57193	1643	6.73342	6.73342	7.62865
k141_48127	23248	19.3777	19.3778	42.5504
k141_95044	1605	7.71684	7.71684	9.79867
k141_38457	2375	10.1564	10.1564	18.5169
k141_104108	2563	13.0792	13.0792	35.2303
k141_29239	2715	7.11111	7.11111	11.9974
k141_48129	2436	5.99781	5.99781	6.73043
k141_57194	3619	9.47593	9.47593	17.3389
k141_10873	13109	16.643	16.6431	35.4174
k141_85682	2474	9.78658	9.78658	12.5899
k141_48131	1603	5.51617	5.51686	7.67824
k141_95048	2258	13.5071	13.5071	87.7088
k141_104112	1679	11.8653	11.8653	24.447
k141_48133	2712	8.59055	8.59055	17.3914
k141_66834	3582	7.25379	7.25379	14.3921
k141_76134	8309	9.59505	9.59505	17.6678
k141_29242	1800	6.38121	6.38121	8.56838
k141_38470	3697	8.46772	8.46772	22.7452
k141_95052	3498	7.97969	7.97969	11.0985
k141_10881	2563	6.03274	6.03274	9.5383
k141_57197	5999	25.174	25.174	63.2723
k141_38471	1762	6.366	6.366	7.717
k141_48134	4457	11.0571	11.0571	19.7907
k141_95053	2115	7.18015	7.18015	10.3565
k141_104116	4845	11.5214	11.5214	18.3983
k141_66837	1729	4.96327	4.9639	3.7966
k141_29245	2692	17.3474	17.3474	24.3236
k141_10884	1856	6.8388	6.8388	11.5381
k141_95056	1766	6.3948	6.3948	10.1797
k141_19776	29723	42.4277	42.4277	732.503
k141_48137	2395	6.83252	6.83252	14.371
k141_48138	1926	4.75113	4.75113	4.63661
k141_29247	3843	7.83401	7.83401	20.9062
k141_66844	1884	8.98847	8.98904	11.2145
k141_57207	2579	18.4566	18.4566	94.0762
k141_38485	1967	8.09136	8.09191	17.2574
k141_85701	3626	9.48562	9.48562	16.3224
k141_95063	4794	14.1938	14.1938	22.0081
k141_48141	2860	5.56458	5.56458	5.84058
k141_19785	2279	11.0582	11.0582	15.8274
k141_10893	3992	6.68246	6.68246	14.6774
k141_66847	2127	55.9181	55.9181	468.345
k141_19787	1762	4.91687	4.91687	4.65229
k141_10894	3287	10.4421	10.4421	22.4133
k141_38492	4943	11.4471	11.4471	30.269
k141_57212	2202	7.20468	7.20468	8.77524
k141_66850	1654	8.28657	8.28657	15.3809
k141_85711	1745	9.2721	9.2721	18.133
k141_95076	2404	14.756	14.756	42.305
k141_57213	1734	6.40152	6.40152	6.49187
k141_10901	1599	7.83092	7.83092	7.94587
k141_29260	2431	11.5967	11.5967	28.9549
k141_57214	2417	5.05646	5.05646	3.8053
k141_85715	2142	14.8926	14.8926	74.9163
k141_38494	3028	9.56359	9.56359	16.4031
k141_48153	4940	19.0614	19.0614	57.2424
k141_10906	2156	6.07378	6.07378	9.93665
k141_95078	2754	6.85023	6.85023	10.089
k141_57217	2524	8.52864	8.52864	24.4162
k141_19789	9196	8.50099	8.50099	19.0898
k141_48154	3539	9.24816	9.24816	13.9284
k141_85718	3405	8.29155	8.29155	11.1598
k141_95082	1930	7.08876	7.08876	12.6296
k141_10910	3048	55.2115	55.2115	194.535
k141_29271	2923	7.57807	7.57807	12.5284
k141_19795	3153	7.53247	7.53247	10.5554
k141_95085	1912	6.29342	6.29342	10.2722
k141_48157	2190	8.67843	8.67843	14.1232
k141_57219	4636	7.24855	7.24855	12.2119
k141_19796	2156	6.41226	6.41226	10.4299
k141_66868	2466	6.27029	6.27029	7.2686
k141_974	64779	27.9749	27.9749	61.1982
k141_85727	1900	13.6469	13.6469	27.5127
k141_38509	1856	8.03751	8.03751	15.0766
k141_38510	2242	10.2505	10.2505	22.3343
k141_48162	3004	6.44078	6.44078	8.07478
k141_85732	1956	8.37874	8.37874	10.4315
k141_57222	1604	4.90303	4.90371	6.55507
k141_95089	2748	7.33949	7.33949	9.33327
k141_38512	1660	5.86358	5.86358	11.6009
k141_985	1796	6.18044	6.18044	9.65563
k141_10917	4113	11.4981	11.4981	39.7512
k141_57225	2044	4.61721	4.61721	4.15079
k141_38516	1838	7.10604	7.10604	12.6071
k141_85737	1642	8.01139	8.01139	20.1239
k141_987	2281	6.69639	6.69639	8.46788
k141_10920	1737	12.0737	12.0737	45.2877
k141_66874	8880	8.59015	8.59015	13.9551
k141_19800	8901	12.2455	12.2455	26.6435
k141_104145	20810	49.9045	49.9045	135.201
k141_48165	4465	9.48876	9.48876	22.7666
k141_85740	2198	6.25977	6.25977	7.92264
k141_66877	2160	10.1129	10.1129	15.6225
k141_10922	1578	5.27661	5.27661	9.26403
k141_95097	1715	5.09457	5.09457	7.26474
k141_66879	1537	8.74333	8.74333	28.3525
k141_48168	1668	7.95323	7.95323	16.1882
k141_104146	4715	9.73253	9.73253	21.1242
k141_10925	1560	8.12979	8.1305	28.2328
k141_994	2602	7.65049	7.65049	6.8427
k141_29298	4118	10.4496	10.4496	23.4571
k141_38529	2811	10.7185	10.7185	28.8159
k141_48170	4134	7.33233	7.33233	22.7383
k141_104153	1945	6.25237	6.25237	3.90114
k141_10934	3325	8.94394	8.94394	20.1128
k141_19813	2156	5.14806	5.14806	8.85834
k141_29306	1558	5.9169	5.9169	4.72874
k141_1004	1832	7.6629	7.6629	12.4198
k141_85755	3829	9.1851	9.1851	19.955
k141_1005	2691	7.12751	7.12751	17.0224
k141_48172	7325	8.33784	8.33784	10.9908
k141_38536	2298	5.78352	5.78352	7.81949
k141_66885	9018	15.0036	15.0036	31.7039
k141_57237	9273	24.4579	24.4579	50.9595
k141_10936	6935	24.6376	24.6376	49.7803
k141_66887	2823	9.20127	9.20127	17.1981
k141_10942	1544	6.31349	6.31349	8.1551
k141_19818	3879	8.30303	8.3033	12.1143
k141_95101	20498	9.63706	9.63706	18.1125
k141_1009	9626	56.7354	56.7354	284.663
k141_48182	2844	7.36897	7.36897	13.7651
k141_85766	1622	8.62704	8.62704	16.4434
k141_10944	3117	10.8342	10.8342	19.727
k141_104159	8674	13.113	13.113	31.1632
k141_57239	5744	10.1196	10.1196	29.2493
k141_38544	2461	4.09303	4.09347	3.63714
k141_29312	8965	9.74339	9.74339	21.0226
k141_10947	2263	38.9744	38.9744	126.143
k141_66892	2112	16.8665	16.8665	179.95
k141_19830	1523	8.57174	8.57174	24.8791
k141_85771	2366	6.00316	6.00316	11.7304
k141_1011	6346	10.5179	10.5179	24.5878
k141_48194	1991	7.77349	7.77349	10.8112
k141_10952	2193	8.06021	8.06021	20.7264
k141_57245	1559	5.42016	5.42016	10.4043
k141_19832	1949	11.617	11.617	27.8593
k141_85774	1651	6.45636	6.45636	8.8656
k141_19835	2090	6.97577	6.97577	15.2696
k141_1017	2365	10.5896	10.5896	29.2412
k141_29317	4676	8.68891	8.68891	13.87
k141_95106	15257	31.8945	31.8945	71.8158
k141_66900	2438	15.7386	15.7386	55.8231
k141_104164	10189	13.783	13.783	25.0029
k141_85783	2806	7.26054	7.26054	8.51059
k141_38560	1583	6.36078	6.36078	7.46825
k141_66907	2036	7.81071	7.81071	8.70527
k141_57252	1921	14.4816	14.4816	38.4725
k141_10968	1692	8.47601	8.47601	13.114
k141_95108	7761	8.93614	8.93614	19.5513
k141_85788	3405	7.59416	7.59416	16.0728
k141_104170	2803	8.97361	8.97361	19.384
k141_57253	2875	10.3783	10.3783	22.3161
k141_48217	4883	7.96831	7.96831	10.3418
k141_1037	1798	4.84951	4.84951	4.35015
k141_57254	3604	40.1775	40.1775	566.408
k141_66911	4450	11.0758	11.0758	16.2216
k141_95111	3860	9.46954	9.46954	14.7845
k141_38561	6156	10.6012	10.6012	26.77
k141_104176	3781	8.32856	8.32856	10.0113
k141_10971	7379	8.60202	8.60216	13.6219
k141_95113	2680	10.2126	10.2126	14.3873
k141_48223	2345	6.01412	6.01412	7.50341
k141_95114	2700	6.13608	6.13608	9.37603
k141_38564	2862	8.03503	8.03503	14.5567
k141_1041	4328	6.22666	6.22666	9.20863
k141_85793	9222	10.3091	10.3092	23.135
k141_38567	2237	9.83325	9.83325	16.2531
k141_85794	1674	7.479	7.479	10.6569
k141_104182	1632	5.52429	5.52429	7.26374
k141_10978	3270	7.33205	7.33205	9.59343
k141_10979	1912	8.0664	8.06697	17.021
k141_48233	1755	6.09346	6.09346	10.7631
k141_104185	3405	12.1813	12.1813	39.3026
k141_85795	2676	6.54276	6.54276	8.28067
k141_1054	3081	7.64005	7.64005	13.651
k141_10980	3553	6.89832	6.89832	15.4031
k141_66927	1713	4.48049	4.48049	3.79524
k141_38571	4583	11.1552	11.1552	25.0007
k141_48238	1502	3.84615	3.84615	2.29017
k141_104187	2109	4.54109	4.54109	6.41485
k141_85796	2488	8.36014	8.36014	14.964
k141_10983	2093	5.22594	5.22594	5.23779
k141_29345	12555	34.2307	34.2307	77.1854
k141_66928	2107	47.4175	47.4175	87.7444
k141_38578	2026	4.84861	4.84861	6.67787
k141_104188	1636	10.854	10.854	14.2272
k141_95128	8882	10.2006	10.2006	19.2612
k141_1056	8671	8.28975	8.28975	15.4592
k141_104189	1637	5.61197	5.61197	5.94015
k141_57256	18966	22.2866	22.2866	59.4041
k141_48239	9725	11.0755	11.0755	25.1341
k141_1060	1721	7.97008	7.97008	25.9425
k141_66930	3750	10.3539	10.3539	16.2036
k141_57258	1521	6.3151	6.3151	8.97803
k141_10984	11295	15.8841	15.8841	38.6921
k141_48242	2051	7.25408	7.25408	11.4001
k141_38584	3554	12.5003	12.5003	43.0466
k141_95134	5115	9.73434	9.73434	21.6756
k141_104194	4008	17.6496	17.6496	52.0405
k141_85814	3283	61.8908	61.8908	864.34
k141_48244	2193	8.32599	8.32599	21.8369
k141_1067	2024	8.22038	8.22038	10.0299
k141_29349	8787	11.2206	11.2206	25.6614
k141_38588	1733	7.63992	7.63992	11.9891
k141_38589	1918	8.3405	8.3405	13.1109
k141_85823	1589	13.1883	13.1883	21.5647
k141_10995	4420	8.05691	8.05691	16.6935
k141_95145	4441	9.1932	9.1932	15.6952
k141_29360	1755	10.5813	10.5813	16.7885
k141_85829	2052	7.66614	7.66614	9.69755
k141_10997	1967	7.4689	7.4689	20.8318
k141_66953	1577	7.59005	7.59005	7.07374
k141_104207	4820	54.3276	54.3276	4695.49
k141_1070	12528	19.1478	19.1478	39.1419
k141_85834	3201	15.9312	15.9312	88.6924
k141_29366	2381	17.5993	17.5993	112.246
k141_29369	1820	4.99162	4.99162	8.51041
k141_1076	2056	16.0378	16.0383	33.5446
k141_10998	5665	8.59383	8.59383	16.9669
k141_104213	3925	12.5391	12.5391	28.2474
k141_10999	1606	6.82692	6.82692	10.1006
k141_48263	9409	10.9169	10.9169	16.0443
k141_66961	2784	8.76765	8.76803	22.0317
k141_95166	2443	6.62233	6.62233	6.95416
k141_57259	22808	11.2346	11.2346	22.5973
k141_85843	1939	7.93516	7.93516	7.73295
k141_104216	2039	7.32769	7.32769	17.2967
k141_1085	1839	15.0349	15.0349	29.099
k141_95170	1845	6.69145	6.69145	23.337
k141_11006	3810	5.4418	5.4418	5.39512
k141_66969	1769	4.33107	4.33169	4.16987
k141_38591	22402	37.1008	37.1008	81.5427
k141_57260	8595	7.89189	7.89189	13.9416
k141_104227	1701	6.71825	6.71825	7.45412
k141_85850	3739	9.20507	9.20507	16.2578
k141_66972	1900	6.25314	6.25314	18.0381
k141_104230	1896	4.47881	4.47881	4.75974
k141_1087	7122	11.8765	11.8765	26.2165
k141_38592	2647	9.03724	9.03724	22.4348
k141_48276	2937	46.9921	46.9921	1751.33
k141_85854	1680	9.66144	9.66144	20.6845
k141_48278	1504	6.16174	6.16174	4.897
k141_95181	4199	17.5535	17.5535	210.441
k141_76136	144784	22.9303	22.9303	60.8754
k141_29383	8506	9.14648	9.14648	19.4572
k141_38593	5306	8.17882	8.17882	13.8004
k141_57266	3565	6.6202	6.6202	8.75758
k141_104231	7570	12.4877	12.4877	24.1237
k141_1099	2605	44.1369	44.1369	497.936
k141_11022	4537	7.43447	7.43447	8.39579
k141_76138	3674	8.45119	8.45148	20.1062
k141_85862	2646	7.03486	7.03486	5.9078
k141_95188	2646	10.1206	10.1206	20.114
k141_48281	7310	15.0767	15.0767	28.5712
k141_29385	2839	9.61473	9.61473	22.1229
k141_57272	1508	9.52062	9.52062	12.3396
k141_76139	2144	18.3485	18.3485	19.5669
k141_57273	1928	8.7351	8.7351	6.2039
k141_1104	2003	6.99514	6.99514	12.5772
k141_38601	2543	6.3084	6.3084	11.0494
k141_48285	3850	7.71946	7.71946	15.849
k141_29394	2159	6.4878	6.4878	12.9521
k141_1106	4037	6.13892	6.13892	9.19425
k141_95193	2983	7.55842	7.55842	13.5553
k141_66973	19440	10.5511	10.5511	17.2442
k141_76147	2508	70.4406	70.4406	209.746
k141_48287	2284	5.58716	5.58716	5.44837
k141_95194	2446	17.5523	17.5523	39.1014
k141_29395	1581	6.97065	6.97065	22.9542
k141_38604	3797	7.45243	7.45243	12.0596
k141_57279	2580	36.2638	36.2638	207.088
k141_104236	7224	10.2683	10.2683	15.8532
k141_76156	1698	6.54264	6.54264	22.64
k141_38605	2714	7.21178	7.21178	14.3512
k141_95200	2367	8.60758	8.60758	24.1603
k141_66980	3997	9.04237	9.04237	11.7383
k141_1121	3224	10.5257	10.5257	35.9904
k141_95203	1587	8.9993	8.9993	18.186
k141_29397	7412	62.5039	62.5039	1016.38
k141_104246	1603	5.5788	5.5788	7.95334
k141_76160	2417	11.8972	11.8972	30.8178
k141_57288	1721	8.5557	8.5557	16.9694
k141_1125	1733	8.30322	8.30385	12.864
k141_11029	17345	17.2574	17.2574	41.261
k141_95206	2055	9.88556	9.88556	15.8766
k141_48302	4868	10.2798	10.2798	20.0406
k141_66982	5599	9.8163	9.8163	20.1046
k141_76162	3452	6.92974	6.92974	8.61437
k141_57291	2255	7.73017	7.73017	21.2864
k141_1128	2806	7.6747	7.6747	13.7578
k141_29405	2892	9.27061	9.27061	15.1519
k141_104249	1641	6.79074	6.79074	10.9938
k141_76164	1531	5.8769	5.8769	5.82684
k141_85863	22302	16.4501	16.4501	34.137
k141_11031	3832	8.08935	8.08935	18.7749
k141_57294	1684	7.18253	7.18253	10.161
k141_95210	3588	9.97528	9.97528	17.5496
k141_1131	2027	7.66383	7.66383	17.9408
k141_29409	1895	8.97192	8.97192	17.5433
k141_104255	2527	8.23643	8.23643	13.7075
k141_11039	1631	7.78258	7.78258	18.627
k141_1136	1701	13.7415	13.7415	22.7207
k141_38611	17793	15.0797	15.0797	31.6969
k141_66991	4692	9.16226	9.16226	18.7064
k141_85873	3586	28.2669	28.2669	74.0629
k141_104260	1627	9.74475	9.74475	51.7606
k141_76171	4551	8.25494	8.25494	16.4929
k141_57302	3519	12.2953	12.2953	33.2047
k141_95220	1587	12.2714	12.2714	16.9625
k141_11041	1849	12.5833	12.5833	21.8851
k141_76172	2259	8.25367	8.25367	11.3013
k141_38614	1891	9.37852	9.37852	19.6676
k141_95226	1608	6.56104	6.56104	10.1502
k141_85879	2806	7.44051	7.44051	21.7103
k141_104266	3729	7.0637	7.0637	14.0508
k141_76175	1792	11.2503	11.2503	26.1464
k141_48325	2857	7.35981	7.35981	20.5231
k141_57311	2310	6.61991	6.61991	8.8055
k141_66992	8075	9.26789	9.26789	15.7337
k141_11049	2164	8.35501	8.35501	12.397
k141_66993	2040	9.55344	9.55344	27.0315
k141_57314	2039	9.29698	9.29698	18.3731
k141_76178	3271	7.95226	7.95226	19.6801
k141_11051	1870	6.83721	6.83721	22.2596
k141_104267	6203	16.3233	16.3233	43.358
k141_29413	14640	14.7956	14.7956	38.2365
k141_85883	5931	35.0318	35.0318	334.559
k141_95236	2597	14.3841	14.3841	59.4006
k141_11052	3805	8.80301	8.80301	24.3112
k141_48326	9424	11.1997	11.1997	22.6928
k141_85884	1578	5.38655	5.38655	4.88762
k141_76184	2866	8.29013	8.29013	12.2672
k141_11056	1801	6.75227	6.75227	5.56103
k141_57315	5563	11.2014	11.2014	20.1426
k141_38624	8035	13.6862	13.6862	37.455
k141_1141	16331	11.7111	11.7111	22.7168
k141_66999	5649	11.5141	11.5141	24.2484
k141_48330	2463	12.3502	12.3502	19.795
k141_95240	5342	52.0701	52.0701	384.641
k141_85888	3208	168.232	168.232	1689.66
k141_76186	3670	11.9028	11.9028	38.5396
k141_95242	1651	5.7988	5.7988	9.22738
k141_67004	1945	9.24123	9.24123	42.3825
k141_57323	1829	7.92912	7.92912	9.47
k141_76190	4009	7.39725	7.39725	11.1492
k141_29427	5579	8.04752	8.04752	13.7348
k141_95244	4856	9.43923	9.43923	19.3367
k141_104278	8617	70.3856	70.3856	431.949
k141_95247	1766	4.95359	4.95359	5.49814
k141_38626	9908	10.9104	10.9104	20.7604
k141_11065	4525	9.19063	9.19063	12.7121
k141_67008	5685	11.1581	11.1583	20.1558
k141_48341	9296	9.61043	9.61043	17.424
k141_85899	2063	7.19655	7.19655	12.9729
k141_95251	2571	8.42338	8.42338	16.9739
k141_38629	1634	7.55256	7.55256	17.6797
k141_1146	12285	11.5295	11.5295	28.8471
k141_76202	2192	5.65573	5.65573	6.96657
k141_67012	1771	5.9013	5.9013	7.26064
k141_38630	1885	5.38963	5.38963	6.49163
k141_29436	3723	6.63532	6.63532	11.3309
k141_104282	5599	9.62085	9.62085	13.4709
k141_85904	1647	6.00935	6.00935	11.4612
k141_67014	2658	6.91866	6.91866	7.6567
k141_11071	3793	7.82926	7.82926	12.3398
k141_104283	2237	5.15812	5.15812	5.63656
k141_1156	1743	4.51475	4.51475	3.73738
k141_38634	3123	8.06862	8.06895	13.2783
k141_67019	1520	5.96642	5.96642	10.3319
k141_104284	2417	9.50066	9.50066	31.4081
k141_95264	3468	7.66486	7.66486	10.1156
k141_38635	3505	12.5815	12.5815	27.2392
k141_76211	3863	7.04767	7.04767	14.8222
k141_95267	1996	8.56338	8.56338	9.57625
k141_1165	1657	5.60982	5.60982	8.53827
k141_67021	4250	14.1532	14.1532	29.7029
k141_48359	2735	7.08511	7.08511	14.3851
k141_29438	9834	8.76766	8.76766	19.2838
k141_95270	1711	6.64446	6.64446	17.2241
k141_38641	1700	7.29419	7.29419	15.4821
k141_67023	2117	6.64006	6.64006	10.4004
k141_85914	5461	8.39089	8.39089	10.2848
k141_104287	4687	7.90743	7.90743	19.2716
k141_38644	1531	20.9312	20.9319	91.6288
k141_1167	6231	15.9716	15.9716	42.6471
k141_95280	1616	3.78922	3.78922	2.83678
k141_104291	1648	8.3004	8.3004	13.8763
k141_67027	2882	8.38836	8.38836	14.2135
k141_38646	1607	8.4722	8.4722	6.7837
k141_76226	2207	8.60963	8.60963	11.5085
k141_104292	2248	6.43661	6.43661	10.7812
k141_11095	2554	5.83943	5.83943	11.697
k141_85919	2647	9.02563	9.02563	13.5971
k141_67030	2130	7.82879	7.82879	17.4679
k141_95286	2245	5.72076	5.72076	13.2319
k141_76230	1903	6.03651	6.03651	11.0123
k141_1175	2022	36.9947	36.9947	175.695
k141_48365	8533	16.8097	16.8097	41.9345
k141_57325	31886	19.501	19.501	49.9591
k141_95289	1612	6.33105	6.33105	12.2584
k141_38649	4052	8.23014	8.23014	16.9201
k141_11099	5632	7.64703	7.64703	15.1561
k141_57327	2314	7.46349	7.46349	8.0352
k141_48368	2429	11.1255	11.1255	12.1405
k141_1182	1559	7.50177	7.50177	12.6834
k141_104299	1948	8.43048	8.43048	13.2681
k141_76233	4827	18.3271	18.3271	66.0378
k141_57329	2911	6.41326	6.41326	11.4447
k141_85929	3432	8.28793	8.28793	11.5157
k141_95301	1946	13.3914	13.3914	26.0489
k141_1186	1635	8.00539	8.00539	13.3773
k141_11107	2567	8.78899	8.78899	16.1471
k141_85932	2167	5.91968	5.91968	6.38842
k141_48371	7088	10.7815	10.7815	21.5679
k141_85934	1520	4.2365	4.2365	6.0127
k141_76235	9879	12.5421	12.5421	31.7868
k141_67032	17168	15.1774	15.1774	33.0205
k141_104317	3799	7.26254	7.26254	13.4952
k141_1191	6161	43.7212	43.7212	2105.94
k141_29451	21427	17.9765	17.9765	35.5224
k141_48372	4183	8.2549	8.2549	22.0002
k141_29452	1894	7.3664	7.3664	7.93734
k141_11116	6537	33.7702	33.7703	196.379
k141_85935	6389	10.255	10.255	21.2212
k141_104320	2048	19.54	19.54	65.5096
k141_38651	17187	14.6997	14.6997	33.4707
k141_48373	3383	20.8271	20.8271	98.1949
k141_104321	1561	8.09851	8.09851	14.0193
k141_48374	1569	5.03946	5.03946	6.83624
k141_76242	2069	6.69984	6.69984	6.48549
k141_1197	1899	11.8491	11.8491	30.4086
k141_76244	1637	102.372	102.372	455.696
k141_11119	5047	10.5859	10.5859	19.5072
k141_38652	4777	9.58742	9.58742	27.1387
k141_29460	1707	5.64997	5.64997	7.62097
k141_38653	1999	9.11844	9.11844	14.1369
k141_104323	5296	14.3084	14.3084	26.8823
k141_85943	3646	10.9451	10.9451	16.4101
k141_48383	2079	6.96579	6.96579	11.5101
k141_11126	1766	6.263	6.263	5.84597
k141_29466	1514	4.31158	4.31158	7.63369
k141_1203	3680	36.6122	36.6122	768.533
k141_76255	1594	8.22507	8.22507	10.1275
k141_85944	3737	6.17173	6.17173	10.367
k141_104329	3448	9.73469	9.73469	18.4804
k141_48388	2287	4.74216	4.74216	7.01256
k141_104332	1506	5.25369	5.25369	7.01157
k141_1213	1838	10.109	10.109	55.1298
k141_67058	4824	15.7664	15.7664	43.6588
k141_76261	3979	8.041	8.04126	10.6843
k141_104334	1614	10.474	10.474	15.7819
k141_104335	1595	8.67405	8.67405	21.0952
k141_85947	9082	8.2472	8.2472	14.0514
k141_29487	2608	4.72783	4.72783	5.35807
k141_48396	2814	6.89602	6.89602	3.62527
k141_1217	1696	5.08862	5.08862	4.26589
k141_11143	3053	22.8663	22.8663	109.169
k141_38665	7487	19.6901	19.6901	275.775
k141_104336	3998	9.13799	9.13799	16.8021
k141_85949	1658	8.38196	8.38263	13.9179
k141_85950	1651	6.75749	6.75749	15.8065
k141_76272	3221	6.09476	6.09476	7.57062
k141_29492	2343	9.12586	9.12586	12.0854
k141_1224	1564	7.30764	7.30764	8.39578
k141_85953	1661	10.3865	10.3865	16.3578
k141_11144	6149	7.71979	7.71979	17.2733
k141_1229	2835	19.7642	19.7642	65.3507
k141_48404	6142	7.94943	7.94943	13.0022
k141_11146	4437	16.5171	16.5171	59.7168
k141_38675	3896	6.4362	6.4362	9.88757
k141_1232	3445	8.31958	8.31958	11.8564
k141_11151	2732	6.27033	6.27033	10.0826
k141_1235	2563	6.57522	6.57522	9.99565
k141_85960	6185	9.5087	9.5087	19.6306
k141_57336	49951	32.1214	32.1214	83.9142
k141_1238	1965	11.8843	11.8843	35.5126
k141_104358	4951	10.457	10.457	28.9188
k141_48410	7699	8.42787	8.42787	15.3379
k141_85961	3336	8.76397	8.76397	13.9681
k141_57341	1600	5.22276	5.22276	3.42653
k141_11152	8439	12.6078	12.6078	23.5814
k141_76295	4411	8.10068	8.10068	17.7205
k141_57342	2086	4.83523	4.83523	5.31807
k141_38676	11677	9.67953	9.67953	19.9674
k141_48414	3275	8.384	8.384	10.0599
k141_104365	1820	7.64311	7.64311	12.5831
k141_11155	1949	27.7804	27.7804	187.314
k141_76296	1554	5.16738	5.16738	4.99904
k141_95325	40099	16.1378	16.1378	38.8116
k141_48416	2626	6.80937	6.80937	8.77336
k141_11156	2638	5.98915	5.98955	10.0386
k141_38677	3838	6.84165	6.84165	11.9206
k141_1246	3965	7.78349	7.78349	11.165
k141_76299	1963	6.16216	6.16216	7.69109
k141_11158	1582	4.19623	4.19623	8.80495
k141_57351	2279	7.43636	7.43636	9.47628
k141_76302	1591	10.2588	10.2595	31.2853
k141_85973	1989	7.16259	7.16259	11.504
k141_57355	1580	6.57902	6.57902	16.43
k141_95330	3343	6.47291	6.47291	9.95246
k141_38687	2338	7.11106	7.11106	6.76359
k141_95334	1505	6.41255	6.41255	8.13027
k141_57358	2286	10.5412	10.5412	24.4827
k141_104384	2847	6.09158	6.09158	8.2004
k141_1253	1720	7.76051	7.76051	18.608
k141_85981	1606	5.66003	5.66003	4.97367
k141_1255	1632	4.77463	4.77463	3.69128
k141_11169	3685	10.6945	10.6945	33.931
k141_57361	1839	5.64713	5.64713	10.8872
k141_38693	2326	6.52574	6.52574	10.7367
k141_104390	1678	9.71531	9.71597	22.5794
k141_95344	2281	8.51337	8.51337	10.8884
k141_48419	11963	10.3453	10.3454	17.8733
k141_57366	2261	7.50782	7.50782	14.2813
k141_38699	3617	8.24748	8.24748	14.5972
k141_11179	1612	9.43365	9.43365	24.4756
k141_11181	2040	6.48307	6.48307	8.52513
k141_104396	3320	6.92303	6.92303	14.5772
k141_95354	2647	7.79375	7.79375	22.8103
k141_57376	2169	5.88955	5.88955	11.3441
k141_1262	6078	19.1555	19.1555	50.0753
k141_48433	2121	17.2314	17.2314	39.2622
k141_48435	1533	5.31236	5.31236	4.35966
k141_11189	1700	5.40194	5.40194	20.2727
k141_57377	2396	8.57257	8.57257	19.3541
k141_48436	2507	5.18244	5.18244	10.8674
k141_11192	1595	5.09204	5.09204	10.7414
k141_38714	1897	8.06411	8.06468	9.033
k141_95355	7951	10.8098	10.8098	21.3189
k141_85989	13065	7.1976	7.1976	10.7274
k141_48438	1564	4.07214	4.07214	2.74495
k141_57382	3169	7.0414	7.0414	15.3372
k141_95361	3051	8.86487	8.86487	15.7197
k141_29493	54542	32.2423	32.2423	73.8251
k141_38721	1923	18.1528	18.1528	20.8621
k141_48444	1694	11.3672	11.3672	37.6807
k141_29494	2425	7.64088	7.64088	21.3744
k141_38722	2305	6.37494	6.37494	5.85747
k141_11211	2683	9.40111	9.40111	18.6652
k141_48447	3051	8.44088	8.44088	10.21
k141_29495	3524	7.50563	7.50563	14.6147
k141_104399	15808	21.7601	21.7601	46.0644
k141_57396	1515	5.62491	5.62491	4.44134
k141_11216	4206	13.2108	13.2108	21.4135
k141_104402	1702	7.5857	7.5857	9.66776
k141_48452	6536	10.5871	10.5871	21.9273
k141_1264	20813	14.398	14.398	25.1818
k141_29500	4679	8.99404	8.99404	12.3858
k141_1265	1584	5.01604	5.01604	5.78273
k141_57401	3108	7.94692	7.94692	12.3134
k141_1266	1618	5.22616	5.22616	4.63729
k141_11219	2698	6.78611	6.78611	9.1747
k141_57404	1875	7.84348	7.84348	19.3978
k141_1267	2344	7.46718	7.46718	10.7907
k141_95363	18809	22.9943	22.9943	100.318
k141_1268	3116	7.10587	7.10587	8.6405
k141_29507	2592	7.51106	7.51106	7.43226
k141_11224	1875	6.73391	6.73391	10.786
k141_86021	4797	15.7637	15.7637	39.3031
k141_48471	1599	6.48585	6.48585	6.48344
k141_95366	6125	10.2887	10.2887	27.1405
k141_86026	2163	5.14307	5.14307	4.64556
k141_95369	1560	4.31489	4.31489	3.09878
k141_11233	3385	6.61391	6.61391	8.09558
k141_48475	4048	11.4697	11.4697	18.2584
k141_29521	2453	5.32175	5.32175	8.00027
k141_104405	21867	12.697	12.697	29.1205
k141_11238	2248	7.35844	7.35844	9.28121
k141_86028	5687	8.61947	8.61947	14.1664
k141_57424	1813	9.57968	9.57968	18.2558
k141_95381	1987	7.95645	7.95645	19.4469
k141_104406	2940	7.86022	7.86022	13.1701
k141_29526	2048	5.70548	5.70548	7.70389
k141_95385	2442	7.82723	7.82723	11.3092
k141_86034	2195	8.93888	8.93888	13.7219
k141_95386	2231	9.06583	9.06583	29.3837
k141_57426	6503	12.7617	12.7617	29.9406
k141_76310	73505	18.1719	18.1719	38.8355
k141_48477	10009	12.9916	12.9916	32.6714
k141_57428	1623	8.66735	8.66735	15.2765
k141_95388	1802	7.25484	7.25484	13.1445
k141_29528	6468	14.1428	14.1428	27.9475
k141_29532	3446	9.70601	9.70601	14.9298
k141_76311	9946	12.9115	12.9115	26.3078
k141_29536	2207	7.26495	7.26495	7.78431
k141_104417	13972	14.39	14.39	39.3318
k141_29539	2736	10.4022	10.4022	21.6163
k141_76315	5031	6.97746	6.97746	14.1198
k141_95401	8407	9.88616	9.88616	17.2571
k141_38723	56541	32.7318	32.7318	78.3735
k141_29543	6127	10.8203	10.8203	19.796
k141_48480	24642	16.5692	16.5692	36.9018
k141_29544	1657	5.89781	5.89781	10.0387
k141_48482	2032	6.62646	6.62646	6.92532
k141_48484	2155	6.54713	6.54713	9.18798
k141_29549	2765	7.53461	7.53461	13.2436
k141_38725	6051	9.85867	9.85884	18.907
k141_1269	62143	27.4211	27.4211	60.5035
k141_29555	1720	7.86242	7.86242	17.3119
k141_67063	142773	19.8419	19.8419	46.1906
k141_38729	5938	8.04026	8.04026	14.9527
k141_95407	23558	10.8646	10.8647	20.2874
k141_95409	1551	4.7152	4.7152	2.9781
k141_95410	1763	5.15065	5.15065	9.43574
k141_29561	3081	5.05288	5.05288	7.43851
k141_95411	1631	5.3923	5.3923	4.90208
k141_29563	1518	8.10892	8.10965	14.3522
k141_104421	28829	13.8984	13.8984	32.4243
k141_38733	7316	9.24993	9.24993	19.4017
k141_29564	2504	8.65973	8.65973	14.7966
k141_95415	2034	11.7028	11.7028	28.0624
k141_86035	43971	14.5782	14.5782	34.2507
k141_67070	4375	9.78651	9.78651	29.5528
k141_29565	2847	9.64034	9.64034	20.3312
k141_11242	57800	16.6319	16.6319	36.9003
k141_57429	43930	30.933	30.933	72.5802
k141_11246	1515	7.5707	7.5707	16.5678
k141_57430	4172	12.2255	12.2255	54.9031
k141_38736	2576	6.67354	6.67354	15.2089
k141_11251	1830	4.73452	4.73452	3.04086
k141_95419	9193	10.2068	10.2068	18.2847
k141_1270	25313	12.5097	12.5097	28.5369
k141_11252	2302	5.11989	5.11989	7.79594
k141_38739	2121	5.91273	5.91273	7.31119
k141_29567	3280	6.74345	6.74345	13.8437
k141_11253	2232	7.4318	7.4318	13.0259
k141_1273	1909	4.82376	4.82376	5.96896
k141_86052	2088	5.96078	5.96078	6.07491
k141_11254	1662	12.2672	12.2672	38.0278
k141_104433	8105	107.731	107.731	1813.01
k141_95424	2678	8.33861	8.33861	9.29962
k141_19837	371537	42.8081	42.8081	120.313
k141_29572	2191	8.65409	8.65409	12.8695
k141_1277	1787	6.56323	6.56323	5.24618
k141_95426	2135	6.36675	6.36675	9.43198
k141_19842	1714	6.55627	6.55627	7.05955
k141_57438	2285	5.23232	5.23279	4.14769
k141_104437	2686	7.26104	7.26104	8.5402
k141_19843	2619	12.8303	12.8303	41.1247
k141_11262	2412	6.04023	6.04023	6.4871
k141_67090	3528	8.02872	8.02901	18.458
k141_86061	5293	9.60276	9.60276	16.4847
k141_11264	2872	6.35452	6.35452	5.18974
k141_1283	4238	6.56262	6.56262	9.51358
k141_57443	4247	8.89334	8.89334	19.5968
k141_11272	1534	4.7276	4.7276	3.26269
k141_29574	11584	17.1554	17.1555	37.5281
k141_19844	7689	9.33625	9.33625	19.7933
k141_95430	6828	7.52022	7.52022	14.5531
k141_57444	1970	10.7198	10.7198	22.3699
k141_104440	8901	14.9064	14.9064	37.3298
k141_95432	1540	4.69568	4.69568	7.16507
k141_38742	12267	14.0876	14.0876	30.5313
k141_76317	46691	39.3545	39.3545	103.561
k141_19849	2357	10.8981	10.8981	13.1624
k141_95433	3430	7.78323	7.78323	11.2451
k141_67107	2218	7.78965	7.78965	15.0282
k141_86078	1536	4.87951	4.87951	4.43964
k141_11282	1567	7.57375	7.57375	14.6192
k141_95437	2135	5.17985	5.17985	5.5528
k141_19850	1780	6.53313	6.53313	6.75001
k141_38744	2410	6.02699	6.02743	13.7062
k141_57449	2480	5.62575	5.62575	4.74608
k141_1299	1719	7.89165	7.89165	14.9092
k141_48494	60321	20.777	20.777	46.6232
k141_67112	2766	7.27102	7.27102	14.2803
k141_19854	1551	6.82727	6.82727	12.7859
k141_95441	2573	6.40776	6.40776	8.62298
k141_76321	2716	4.97233	4.97233	5.80234
k141_38747	2687	6.57667	6.57667	13.8215
k141_57453	3097	6.6963	6.6963	10.421
k141_1304	1792	12.5231	12.5231	15.7512
k141_48498	2394	9.78476	9.78476	20.2723
k141_76323	1997	6.83054	6.83054	14.4637
k141_38750	1559	19.8148	19.8148	166.59
k141_95446	2066	5.51096	5.51096	3.77381
k141_11287	4633	6.58644	6.58644	8.57831
k141_1306	2049	5.18325	5.18325	9.01379
k141_48501	2296	13.6636	13.6636	22.7651
k141_76324	3294	7.79548	7.79548	11.8064
k141_1307	1803	19.2275	19.2275	37.7581
k141_19860	2869	7.66495	7.66495	15.9374
k141_95449	2130	6.59141	6.59141	53.6406
k141_86094	2412	7.3519	7.3519	9.93976
k141_38752	3770	9.06464	9.06464	16.2225
k141_104454	8262	12.0012	12.0012	23.8666
k141_76326	2841	11.2899	11.2899	22.9509
k141_11289	2627	9.18288	9.18288	16.2432
k141_29607	3120	10.7067	10.7067	26.4955
k141_48506	3857	8.35743	8.3577	17.6275
k141_86097	2299	10.6924	10.6924	21.7558
k141_57461	3008	7.13366	7.13366	7.78121
k141_1308	7743	30.2976	30.2976	60.3279
k141_86098	1919	6.36348	6.36348	8.02556
k141_29610	2204	8.07741	8.07741	17.412
k141_57462	3831	9.24966	9.24966	22.4947
k141_11290	2969	7.95069	7.95069	13.1498
k141_19867	4152	9.48201	9.48201	20.3684
k141_48512	3293	9.65702	9.65733	11.4819
k141_76329	5080	8.4071	8.4071	12.5725
k141_1313	2933	14.5645	14.5645	39.6528
k141_48513	3036	7.78067	7.78067	11.8135
k141_104468	2090	6.0866	6.0866	7.6222
k141_95468	2363	9.86579	9.86579	28.1363
k141_86109	2095	8.15476	8.15476	15.0938
k141_19874	1728	5.05323	5.05387	5.15183
k141_29615	3271	7.67542	7.67542	15.9328
k141_48515	1746	4.09712	4.09712	4.02381
k141_38769	1744	6.10414	6.10414	6.23774
k141_1319	1672	9.88371	9.88371	23.0588
k141_19878	1560	20.1759	20.1759	36.568
k141_29617	2106	7.52914	7.52914	7.07588
k141_104476	2353	8.24421	8.24421	15.7349
k141_57475	4449	8.06885	8.06885	15.6795
k141_95479	2182	8.74459	8.74459	8.57041
k141_76338	5722	11.9711	11.9711	18.5739
k141_1321	6894	10.9546	10.9546	18.7592
k141_104479	1863	6.61179	6.61179	8.1406
k141_48525	5326	58.4088	58.4088	1312.03
k141_86112	11022	15.8308	15.8308	26.6386
k141_67117	30168	15.4919	15.4919	31.2769
k141_1329	1525	3.92145	3.92145	6.36645
k141_38785	3209	6.43511	6.43511	9.78152
k141_104485	2459	5.80554	5.80598	7.83406
k141_57489	2184	4.52065	4.52065	8.51137
k141_86115	1951	71.0378	71.0378	415.444
k141_48530	5448	18.2029	18.2029	46.3495
k141_19889	5811	12.2402	12.2402	61.292
k141_67125	1729	3.75047	3.75047	5.18355
k141_48532	1879	7.9063	7.9063	10.629
k141_86118	1506	8.0177	8.0177	8.5178
k141_76340	8496	10.6984	10.6984	24.6355
k141_57494	3410	9.72239	9.72239	14.3031
k141_11291	29649	11.869	11.869	22.7347
k141_76341	2841	9.16314	9.16314	29.2266
k141_57495	2283	10.8434	10.8434	23.2624
k141_48540	2049	3.21748	3.21748	2.73611
k141_38798	1954	7.94069	7.94069	14.0758
k141_11294	3719	9.00532	9.00532	14.0018
k141_19893	6884	9.49421	9.49421	15.8577
k141_57496	1801	5.81405	5.81405	10.275
k141_104495	4896	9.2086	9.20881	15.469
k141_95507	4497	8.94916	8.94916	12.5739
k141_1332	15720	45.696	45.696	1466.21
k141_57498	3254	7.21972	7.21972	9.61344
k141_48546	3789	10.9912	10.9912	19.5864
k141_76350	2308	8.22614	8.22614	16.405
k141_95510	3305	7.49477	7.49477	13.4181
k141_48547	1769	5.96788	5.96788	11.8742
k141_19901	2486	7.42295	7.42295	11.4133
k141_48548	1834	7.08314	7.08314	10.1523
k141_1336	1588	8.12239	8.12239	23.278
k141_104498	6235	6.87675	6.87675	13.7176
k141_67126	15198	31.4868	31.4868	120.976
k141_29623	26917	20.1202	20.1202	49.5415
k141_48549	1677	6.80943	6.80943	11.7911
k141_11305	2339	5.66286	5.66286	6.62856
k141_29624	2473	18.378	18.378	52.369
k141_11306	1749	11.6435	11.6435	27.4584
k141_104502	2799	8.01963	8.01963	14.7065
k141_19905	1688	7.91743	7.91743	13.4265
k141_48550	5380	9.57132	9.57132	14.8575
k141_95517	5068	10.8693	10.8693	16.634
k141_1339	7095	9.95392	9.95392	25.1717
k141_67130	6353	8.2681	8.2681	10.5177
k141_104503	4426	12.8697	12.8697	29.2942
k141_67131	2089	6.05106	6.05106	6.54483
k141_29632	2317	7.03461	7.03461	5.94292
k141_95522	2336	5.87923	5.87923	7.65774
k141_19906	3547	8.37857	8.37886	8.59864
k141_86133	13280	11.5325	11.5325	18.8878
k141_38800	22126	13.48	13.48	33.7621
k141_67133	3968	8.92928	8.92928	13.8255
k141_11307	9524	8.68455	8.68455	18.2758
k141_19907	3520	7.64362	7.64362	12.8569
k141_48551	9210	11.5308	11.5308	20.8981
k141_11308	1719	6.82218	6.82218	11.7892
k141_19908	1715	5.1099	5.1099	5.30121
k141_76356	15207	8.8586	8.8586	21.6533
k141_57505	12971	11.2047	11.2047	23.9603
k141_95523	6641	10.2303	10.2303	21.6768
k141_38801	5430	8.93883	8.93883	16.912
k141_48553	6098	8.18763	8.18763	10.9877
k141_11314	1560	3.93333	3.93333	2.37169
k141_95529	1561	4.09851	4.09851	5.22361
k141_104514	4793	6.75188	6.75188	9.28688
k141_95530	1959	5.97347	5.97347	15.1332
k141_1340	16684	12.2336	12.2336	25.8833
k141_1341	1713	8.79591	8.79591	21.9458
k141_19914	7197	36.4243	36.4243	128.724
k141_11320	2087	6.60454	6.60454	24.2613
k141_95531	4479	7.62255	7.62255	11.8528
k141_29645	8146	19.7531	19.7531	67.624
k141_76371	4748	11.9206	11.9206	20.6977
k141_57514	2758	9.00575	9.00575	26.947
k141_67148	1680	5.38039	5.38039	6.8977
k141_1345	1677	9.09365	9.0943	12.9766
k141_86152	4173	9.01193	9.01193	13.949
k141_104519	2418	8.11552	8.11552	13.565
k141_95538	1624	8.25102	8.25102	13.1942
k141_1349	3864	11.4688	11.4688	23.4183
k141_29650	3562	8.22216	8.22216	13.8234
k141_57516	2126	8.25607	8.25607	15.3834
k141_67154	1970	7.01538	7.01538	9.26426
k141_19925	2145	11.8331	11.8331	12.8021
k141_104525	1504	5.11448	5.11448	5.7497
k141_38802	23159	18.5664	18.5664	43.4954
k141_57517	2028	4.79606	4.79606	4.48741
k141_1352	3948	7.4584	7.4584	14.6808
k141_76375	6178	10.0861	10.0861	18.8786
k141_11321	10626	12.2644	12.2644	46.056
k141_67162	1553	5.5809	5.5809	7.004
k141_1353	3642	37.4109	37.4112	90.3335
k141_11323	1589	3.52675	3.52675	1.62499
k141_38811	1640	7.02416	7.02416	7.04712
k141_76379	1847	15.7248	15.7248	26.9909
k141_1357	3233	5.55628	5.55628	7.21509
k141_95556	4172	10.4741	10.4741	27.4054
k141_86166	3684	8.7292	8.7292	9.38968
k141_104535	2324	7.01932	7.01932	12.8068
k141_57533	1650	6.634	6.634	15.8505
k141_76384	1525	5.14545	5.14618	7.66349
k141_1362	2975	8.72425	8.72425	16.6956
k141_95557	5130	9.0749	9.0749	18.127
k141_38824	1726	4.62881	4.62881	7.56307
k141_19929	12667	34.8001	34.8001	87.1513
k141_57537	1502	4.73447	4.73447	4.38465
k141_29657	10720	16.1044	16.1044	36.1007
k141_86171	2877	9.74367	9.74367	22.6946
k141_38825	2245	5.40095	5.40095	8.83915
k141_76387	2421	20.7213	20.7213	40.8505
k141_11325	9916	10.4935	10.4935	20.0051
k141_67173	2040	4.74868	4.74868	4.24333
k141_104539	3740	10.4253	10.4253	15.2933
k141_86172	3222	7.27279	7.27279	9.87601
k141_19934	3370	8.25062	8.25062	15.7629
k141_57541	2316	26.1445	26.1445	437.102
k141_38829	2201	4.19503	4.19503	2.36096
k141_86173	2237	16.0048	16.0048	47.4813
k141_19935	2107	7.24936	7.24936	12.7895
k141_1375	3331	7.55769	7.55769	16.8869
k141_67176	4788	11.0545	11.0545	17.507
k141_11335	1781	5.15635	5.15635	4.93196
k141_95562	9599	12.1195	12.1195	24.3624
k141_104542	4640	6.19777	6.19777	10.5456
k141_19936	3481	9.69289	9.69318	13.1405
k141_104543	1581	6.52551	6.52551	3.6663
k141_86178	1968	7.40979	7.40979	20.036
k141_1381	1631	5.19919	5.19919	8.47723
k141_95565	2467	7.20716	7.20716	8.4087
k141_57550	2174	12.6798	12.6798	26.9128
k141_11339	4480	9.16559	9.16559	17.9764
k141_95567	1563	7.39066	7.39066	24.418
k141_57552	1669	10.3799	10.3799	21.9908
k141_38841	3301	9.20374	9.20374	19.7471
k141_1389	2842	12.0026	12.0026	35.6191
k141_95571	2753	8.81329	8.81329	16.9206
k141_29667	7528	15.8956	15.8956	46.0775
k141_11342	3420	7.68226	7.68226	11.6057
k141_104544	6738	8.90285	8.90285	12.0211
k141_1392	1795	6.15684	6.15684	9.34764
k141_29669	1562	4.30453	4.30453	2.96745
k141_38848	1889	7.49741	7.49741	16.6415
k141_76400	7706	15.8925	15.8925	35.1424
k141_19940	8508	11.716	11.716	16.9971
k141_1393	2172	7.6726	7.6726	10.7231
k141_29671	2256	8.34805	8.34805	13.007
k141_67184	10774	19.8402	19.8402	57.2741
k141_19942	1874	9.45998	9.45998	14.1474
k141_29673	1510	5.59926	5.59926	11.4736
k141_76404	2308	5.64226	5.64226	9.28788
k141_67186	2587	7.22364	7.22364	10.1885
k141_95583	2280	33.9291	33.9291	927.752
k141_76405	1998	4.30303	4.30303	4.77978
k141_38854	1784	17.451	17.451	303.801
k141_86180	12737	11.707	11.707	20.5124
k141_19945	2425	6.42242	6.42242	9.29507
k141_1396	3419	6.18568	6.18568	9.29694
k141_95584	2110	8.7449	8.7449	33.3213
k141_86182	1807	6.9487	6.9487	8.132
k141_67190	1951	5.96113	5.96113	5.89071
k141_76410	3182	7.93931	7.93931	12.2458
k141_38859	3571	12.4373	12.4373	22.2501
k141_1404	2130	8.43535	8.43535	13.2656
k141_29685	1609	5.6854	5.6854	13.7698
k141_67194	3122	5.75774	5.75774	16.8791
k141_11346	11931	12.1544	12.1544	26.6046
k141_95590	3632	9.52211	9.52211	25.6988
k141_76418	1683	9.33333	9.33333	19.8126
k141_19958	2181	7.15214	7.15214	10.9634
k141_57565	15490	11.0214	11.0214	23.5474
k141_38861	4985	9.22875	9.22875	17.3668
k141_86183	6786	8.42435	8.4245	13.0015
k141_38862	1910	5.57443	5.57443	7.38503
k141_76420	2741	7.73833	7.73833	11.2033
k141_1408	3327	8.00094	8.00094	11.1633
k141_29690	5133	12.9697	12.9697	28.6645
k141_19962	3287	12.5974	12.5974	30.2302
k141_19966	1584	5.95676	5.95676	11.7372
k141_95592	11074	21.1953	21.1953	530.264
k141_11355	2856	9.92831	9.92831	22.3415
k141_76427	2135	9.03577	9.03577	16.1616
k141_38873	1500	9.15704	9.15704	23.9709
k141_1410	7460	17.025	17.025	31.6953
k141_57576	2727	6.55491	6.55491	12.2392
k141_19971	1784	8.76622	8.76683	11.2996
k141_1411	2355	8.52336	8.52336	8.09433
k141_38878	2624	6.79992	6.79992	10.7262
k141_29705	1532	3.68307	3.68307	4.23257
k141_95601	2840	131.213	131.213	1457.18
k141_86203	3140	47.7642	47.7642	1004.46
k141_1415	2319	17.9636	17.9636	117.056
k141_19977	2246	7.17605	7.17605	20.539
k141_76440	1798	7.41626	7.41626	8.95583
k141_38885	1716	7.07599	7.07599	5.85562
k141_104546	32964	14.6246	14.6246	31.9458
k141_95603	3352	6.65522	6.65522	10.5909
k141_1418	1810	6.95602	6.95602	7.68525
k141_29711	3757	10.4464	10.4464	15.8045
k141_86210	1873	5.64539	5.64539	8.05599
k141_104550	1806	11.34	11.34	34.8939
k141_19982	1597	8.79406	8.79406	16.4693
k141_76445	3628	12.1751	12.1751	32.4107
k141_48555	94327	61.4681	61.4681	303.592
k141_1420	3309	7.7762	7.7762	14.232
k141_86212	2333	9.77737	9.77783	25.8723
k141_104551	5297	9.18341	9.18341	14.368
k141_29716	2827	12.3257	12.3257	26.5186
k141_57581	14968	17.1128	17.1128	46.4649
k141_1425	1501	5.25019	5.25019	3.80107
k141_86217	1503	7.21877	7.21877	12.8708
k141_38898	3803	6.35751	6.35751	5.86327
k141_104555	1580	15.8329	15.8329	85.8639
k141_19988	1778	8.41339	8.41339	13.6612
k141_38902	1511	7.43938	7.43938	15.0863
k141_67198	42001	24.2008	24.2008	51.9914
k141_1434	2599	5.7256	5.7256	6.80208
k141_48566	8315	9.75873	9.75873	21.9454
k141_19997	3295	9.00604	9.00604	21.2845
k141_1435	1775	6.95015	6.95015	8.95501
k141_57592	3832	7.19527	7.19527	9.40485
k141_76449	15706	18.2537	18.2537	52.2795
k141_76450	1602	4.29545	4.29614	2.85776
k141_11361	30192	11.9641	11.9641	23.068
k141_95636	4260	16.2903	16.2903	60.536
k141_57594	2807	7.47497	7.47497	13.3971
k141_20004	3855	7.89204	7.89204	16.1871
k141_67201	5285	9.5408	9.5408	21.2239
k141_86237	3623	11.1117	11.1117	23.3926
k141_1444	1778	5.2457	5.2457	6.3895
k141_11364	2430	5.94474	5.94474	4.40592
k141_104568	14064	15.6009	15.6009	52.7567
k141_20005	3089	7.34263	7.34263	22.1647
k141_76456	1837	12.6882	12.6882	44.8303
k141_11366	1973	4.38563	4.38563	2.71562
k141_86241	1946	5.22773	5.22773	7.6712
k141_57597	4357	6.77846	6.77846	17.7541
k141_95643	1882	5.02252	5.02252	3.57255
k141_11368	1935	7.36639	7.36639	21.3242
k141_1448	4995	10.4557	10.4557	25.9474
k141_48567	14066	11.973	11.973	21.673
k141_67215	2131	7.86673	7.86673	18.5528
k141_95648	1989	8.06634	8.06634	11.5962
k141_57604	1599	5.76881	5.76881	13.1254
k141_20013	1955	7.21163	7.21163	8.48842
k141_67216	2007	7.10932	7.10932	12.4088
k141_11372	2113	7.66276	7.66276	15.4928
k141_57607	2038	10.9417	10.9417	15.9827
k141_48570	2281	14.7555	14.7555	26.5414
k141_11373	1590	7.58194	7.58194	8.37831
k141_104583	3436	7.28758	7.28758	11.6173
k141_86250	3735	11.4876	11.4876	55.6378
k141_95653	2749	6.07349	6.07349	7.95583
k141_67221	2051	6.29406	6.29406	7.30878
k141_1456	2194	6.77984	6.77984	8.46058
k141_48571	1928	5.49269	5.49269	6.17248
k141_57608	2287	9.67665	9.67665	11.688
k141_95654	1857	8.06503	8.06561	10.5759
k141_11378	1870	7.80407	7.80407	10.8395
k141_104587	1867	8.26966	8.26966	13.5991
k141_86260	1901	12.0051	12.0051	40.0632
k141_20025	2905	8.34773	8.34809	15.6105
k141_76457	16009	53.2885	53.2885	136.291
k141_48574	4495	7.47135	7.47135	16.5195
k141_57610	3085	6.8678	6.8678	14.5802
k141_48579	2060	18.8288	18.8288	77.0063
k141_1464	7292	16.7574	16.7574	49.9607
k141_57615	4089	7.92942	7.92942	20.3912
k141_11391	2088	16.9154	16.9154	57.0018
k141_76464	5057	7.01019	7.01019	11.3121
k141_86273	1510	4.96471	4.96471	3.59994
k141_95672	1934	7.52354	7.52354	6.57378
k141_67245	3621	15.2397	15.2397	60.6113
k141_1470	3183	8.72964	8.72997	37.7493
k141_11397	1580	5.27203	5.27203	5.02674
k141_76465	3602	6.79229	6.79229	19.9374
k141_48588	2634	6.56522	6.56522	9.60791
k141_57618	2864	8.12638	8.12638	18.446
k141_57624	1774	7.25677	7.25677	10.398
k141_104612	3570	6.90205	6.90205	13.8379
k141_11405	3210	49.7395	49.7395	1020.87
k141_76470	2598	8.58129	8.58129	13.3836
k141_67262	3103	7.81747	7.81747	16.7279
k141_95690	1738	7.03778	7.03778	16.0061
k141_104614	4048	11.0539	11.0539	30.0262
k141_11409	2284	9.04264	9.04264	9.303
k141_57631	2174	5.26136	5.26136	6.4828
k141_76476	2761	5.65416	5.65416	12.8594
k141_95691	3292	7.71929	7.71929	13.0043
k141_1475	9890	13.0797	13.0797	28.4772
k141_38904	59614	16.8604	16.8605	36.0957
k141_104616	1734	7.70328	7.70328	11.8791
k141_48614	1881	7.60312	7.60312	10.0673
k141_86297	2545	7.15992	7.15992	6.63563
k141_86298	1552	10.582	10.582	9.03295
k141_29766	36509	18.3124	18.3124	41.0493
k141_104617	1729	8.92337	8.92337	15.2774
k141_48621	2752	7.94696	7.94696	20.4909
k141_67263	12606	9.89732	9.89732	16.2769
k141_38914	2381	7.83595	7.83595	9.33473
k141_95705	2995	9.1536	9.1536	18.924
k141_38917	1591	6.08952	6.08952	17.4399
k141_29772	1722	6.16921	6.16921	10.8384
k141_48626	1528	6.04282	6.04282	4.80208
k141_11410	10741	12.4861	12.4861	31.7229
k141_57652	1874	8.56787	8.56787	30.4324
k141_104630	3172	8.51919	8.51919	12.2748
k141_38923	1694	6.04857	6.04857	3.77279
k141_57655	2692	8.13179	8.13179	23.0195
k141_29779	1949	6.83213	6.83213	14.4802
k141_48635	1505	7.66937	7.66937	10.118
k141_57656	2283	5.52696	5.52696	5.48485
k141_67264	9713	18.8577	18.8577	101.581
k141_29781	1803	4.26497	4.26497	4.27476
k141_38926	1662	6.01257	6.01257	7.51203
k141_11421	1572	4.72925	4.72996	5.42452
k141_48636	2890	8.41314	8.41314	26.7471
k141_86301	12333	42.7356	42.7356	75.2358
k141_104639	1674	6.03543	6.03543	5.95278
k141_76504	2418	6.50882	6.50882	15.1253
k141_48639	2012	6.81955	6.81955	12.1113
k141_11427	1533	9.29067	9.29067	41.7057
k141_29782	5550	8.95481	8.95481	17.0974
k141_86303	3193	16.1755	16.1755	28.0111
k141_11429	1504	6.62038	6.62038	5.61776
k141_57659	3923	8.43838	8.43838	20.524
k141_29784	1911	7.3515	7.3515	13.2358
k141_86305	1772	7.9365	7.9365	40.4603
k141_38930	5538	17.3682	17.3682	108.069
k141_11433	1996	6.03629	6.03629	7.47891
k141_57661	3603	14.5569	14.5569	24.5088
k141_29787	1527	5.67829	5.67829	11.5701
k141_76511	2797	7.9524	7.9524	13.6507
k141_95706	20708	19.459	19.459	426.165
k141_38931	2166	7.8254	7.8254	13.2033
k141_104647	1625	7.43322	7.43322	12.5958
k141_11436	2056	5.19832	5.19832	8.12547
k141_29792	1849	9.50088	9.50088	16.713
k141_86306	2046	9.36392	9.36392	21.9161
k141_95707	5467	7.69174	7.69174	27.3261
k141_48652	1813	9.83163	9.83163	16.5734
k141_38938	1725	9.79492	9.79556	10.4194
k141_1479	34544	29.6705	29.6705	66.0749
k141_57667	3715	7.87854	7.87854	13.3593
k141_20026	56709	28.0014	28.0014	64.5963
k141_104654	3499	45.6509	45.6509	506.92
k141_95712	2270	4.56698	4.56698	5.65475
k141_1482	2163	6.91406	6.91406	13.6575
k141_76526	1642	5.77011	5.77011	9.06245
k141_48659	1769	5.95615	5.95615	3.9987
k141_20027	4451	10.1374	10.1374	13.4158
k141_1483	1828	13.6853	13.6853	8.94448
k141_20028	2063	6.1976	6.1976	17.0876
k141_104656	4170	9.28632	9.28632	19.4565
k141_1484	1860	6.63392	6.63392	15.4037
k141_76530	2721	7.79385	7.79385	12.0012
k141_57679	2268	7.96601	7.96601	14.3833
k141_67267	24093	16.3887	16.3887	214.301
k141_95724	2018	8.01874	8.01874	18.268
k141_48671	2312	7.08649	7.08649	8.46775
k141_104667	1916	9.83296	9.83296	26.5881
k141_20031	6300	15.4715	15.4715	30.8631
k141_11440	19437	16.1238	16.1238	34.2664
k141_67270	1962	6.23786	6.23786	5.95059
k141_1493	1853	6.61715	6.61715	10.374
k141_95727	3000	20.9582	20.9582	351.07
k141_20034	2120	12.7807	12.7807	27.5039
k141_67274	1633	10.9939	10.9946	15.1147
k141_1495	1758	4.4944	4.49502	5.70001
k141_11442	3982	9.613	9.613	21.7625
k141_76545	2923	10.4598	10.4598	18.4758
k141_48677	1517	9.74835	9.74835	34.2835
k141_48681	1776	7.99938	7.99938	19.6535
k141_95734	1673	9.69534	9.69599	12.5415
k141_29799	24108	17.4555	17.4555	46.9945
k141_57684	12871	57.8489	57.8489	191.765
k141_1499	2388	8.2176	8.2176	11.9871
k141_95737	1526	9.87645	9.87645	21.9352
k141_29802	2221	8.09947	8.09947	20.2219
k141_57685	2442	16.1152	16.1152	30.2373
k141_38943	25290	13.5038	13.5038	26.9356
k141_48686	3218	7.29628	7.29628	11.428
k141_95740	2145	6.09825	6.09825	9.92512
k141_11453	1769	6.2168	6.2168	5.72975
k141_1504	2542	11.5765	11.5765	23.2429
k141_48687	2882	6.82394	6.82394	10.6175
k141_38947	1693	6.48736	6.48736	12.4783
k141_57690	1578	5.97619	5.97619	5.96583
k141_95745	4197	10.9607	10.9607	46.3927
k141_48689	3760	6.14349	6.14349	10.3362
k141_67296	2566	6.96192	6.96192	8.07977
k141_20039	18167	13.267	13.267	28.4034
k141_11456	8304	10.5894	10.5894	22.8705
k141_29819	1704	6.38739	6.38739	7.50599
k141_57699	3125	5.18387	5.18387	3.68671
k141_67297	5675	10.8264	10.8264	15.7647
k141_20041	1553	5.11119	5.11119	14.3001
k141_38956	4984	8.88167	8.88167	19.8031
k141_11460	2139	7.86526	7.86526	17.6631
k141_48693	8765	11.3557	11.3557	22.4547
k141_57702	2894	10.6414	10.6414	17.2334
k141_29822	3190	18.4289	18.4293	88.7054
k141_76547	22439	12.8556	12.8556	26.8248
k141_67303	1760	7.24658	7.24658	14.2518
k141_11465	3460	7.4142	7.4142	8.52018
k141_76548	3674	10.0772	10.0772	18.1251
k141_20051	1882	12.3909	12.3909	20.2624
k141_95747	17668	17.0537	17.0537	37.1984
k141_20052	1573	5.56711	5.56711	5.96157
k141_11466	2667	27.1474	27.1474	290.577
k141_76551	1684	3.78357	3.78357	3.54999
k141_38965	2554	6.68303	6.68344	5.55228
k141_76552	1656	5.74568	5.74568	8.35451
k141_48698	8797	11.9323	11.9323	22.3353
k141_95750	3868	8.69204	8.69204	20.4052
k141_11472	2817	13.7567	13.7567	39.695
k141_1513	26680	14.0996	14.0996	35.0902
k141_76554	3278	7.23721	7.23721	13.1408
k141_20057	3651	9.08312	9.08312	28.2276
k141_38970	1868	11.0175	11.0175	15.9601
k141_29838	2730	7.84109	7.84109	18.6332
k141_20063	2939	81.3145	81.3145	258.903
k141_38973	2602	7.55383	7.55383	12.2692
k141_95758	4975	9.72477	9.72477	18.147
k141_48705	6844	7.31058	7.31058	9.37547
k141_67321	3511	9.80631	9.80631	22.9424
k141_48708	2305	6.73643	6.73643	5.41985
k141_76555	6325	9.80599	9.80599	16.1801
k141_95766	1550	7.17357	7.17357	19.9648
k141_76556	2619	7.13447	7.13447	7.97868
k141_20065	4145	121.96	121.96	2744.86
k141_86309	80176	16.0573	16.0573	35.3328
k141_38983	1638	5.63105	5.63105	10.3379
k141_29839	10209	9.70275	9.70275	18.9722
k141_86312	3462	8.91636	8.91636	15.9027
k141_67324	6161	10.7287	10.7287	17.7016
k141_76557	6166	10.6686	10.6686	19.5912
k141_38990	1530	6.86159	6.86159	13.9091
k141_67326	2996	14.7526	14.7526	31.3845
k141_29843	1753	7.59763	7.59763	9.48166
k141_48723	3325	6.8252	6.8252	14.7561
k141_86316	1505	5.56679	5.56679	4.96061
k141_76563	1572	5.60549	5.60549	7.88418
k141_1527	18671	18.1961	18.1961	43.8208
k141_38996	1745	7.65204	7.65204	15.0024
k141_1528	1593	12.3119	12.3119	37.3328
k141_67331	2725	7.10408	7.10408	8.7724
k141_1530	1580	9.6028	9.6028	16.0297
k141_48726	4157	7.25805	7.25805	15.0672
k141_86321	4412	14.0624	14.0624	34.823
k141_76564	6458	12.2368	12.2368	25.4865
k141_104670	68383	19.6663	19.6663	47.0391
k141_20070	13392	12.0145	12.0145	30.1767
k141_1534	2852	9.63657	9.63657	9.91299
k141_39004	2263	7.87553	7.87553	9.22167
k141_48736	2428	15.0957	15.0957	34.892
k141_11476	36576	18.514	18.514	47.4057
k141_95777	19343	10.2056	10.2056	20.929
k141_76565	4543	8.45686	8.45686	10.2618
k141_1536	3265	18.0305	18.0305	65.6226
k141_104673	4139	5.87541	5.87541	8.56101
k141_48739	2268	7.95704	7.95704	16.8129
k141_11478	2608	8.22742	8.22783	14.784
k141_95778	3077	7.30748	7.30748	17.8854
k141_1537	1785	7.95229	7.95229	5.32942
k141_57703	42381	9.72174	9.72174	19.8436
k141_57704	1502	3.23299	3.23299	2.27654
k141_29861	3147	6.3994	6.3994	11.3277
k141_48744	1873	4.89553	4.89553	5.99605
k141_39009	4510	92.564	92.564	10282.8
k141_20082	1745	5.82006	5.82006	5.0196
k141_67350	2346	5.45401	5.45401	7.72951
k141_104678	1570	7.88521	7.88521	22.9205
k141_95780	1910	7.08295	7.08295	10.3206
k141_11483	2843	11.3676	11.3676	16.1493
k141_1541	3186	10.5392	10.5392	23.5187
k141_1542	2578	6.34267	6.34267	9.14993
k141_76575	1847	8.36064	8.36064	9.24488
k141_57714	2249	9.52835	9.52835	8.47722
k141_48747	4423	6.73251	6.73251	8.16376
k141_29862	4763	10.2883	10.2883	21.1489
k141_67355	4695	10.5696	10.5696	18.1227
k141_39024	1524	6.27729	6.27729	13.2815
k141_95787	1727	4.49715	4.49715	3.39481
k141_48748	1966	10.8711	10.8711	28.2664
k141_11494	2658	8.24641	8.24641	12.1856
k141_86335	8524	9.50263	9.50263	16.1956
k141_29866	1564	14.1181	14.1181	22.2003
k141_1544	2754	58.0326	58.0326	682.526
k141_76579	2897	7.48234	7.48234	10.509
k141_95789	3107	8.5722	8.5722	14.0652
k141_39027	2326	6.42831	6.42831	7.15995
k141_11496	2656	8.76137	8.76137	19.3282
k141_1545	1712	7.91869	7.91869	14.5782
k141_57724	2008	8.05382	8.05382	9.95079
k141_11497	2250	6.39429	6.39429	8.4943
k141_29867	4782	9.73532	9.73532	21.2284
k141_39030	1675	7.07869	7.07869	15.226
k141_86337	5069	8.47347	8.47347	11.8504
k141_76580	2141	9.49674	9.49674	20.3969
k141_1546	5658	8.11874	8.11874	11.8305
k141_11499	2831	6.53935	6.53935	11.9821
k141_29871	1616	5.59686	5.59686	10.2941
k141_86339	2734	7.01703	7.01703	13.8548
k141_67356	12184	53.0942	53.0942	1022.23
k141_76586	1662	6.44312	6.44312	7.24361
k141_86342	1653	6.49701	6.49701	7.68158
k141_29873	2650	6.3232	6.3232	9.52407
k141_57725	9655	9.44619	9.44629	19.3343
k141_104682	18221	15.2542	15.2542	29.8519
k141_95801	4528	14.0806	14.0806	37.3257
k141_67361	2541	8.94772	8.94772	40.6847
k141_39041	2084	7.95502	7.95502	14.1393
k141_11501	5866	13.1767	13.1767	53.3327
k141_57728	2206	7.70768	7.70768	7.17047
k141_76589	2740	9.67761	9.67761	16.3158
k141_104685	1991	7.45845	7.45845	11.4636
k141_57729	2522	12.3402	12.3402	26.6758
k141_11505	1517	9.32041	9.32041	16.8138
k141_95802	4546	10.4798	10.4798	20.5302
k141_76591	2262	8.83381	8.83381	16.1084
k141_86345	5610	7.42656	7.42656	11.99
k141_39044	2185	7.99853	7.99853	18.1195
k141_104689	1895	10.1748	10.1748	29.2485
k141_11511	1858	10.5878	10.5878	16.2459
k141_29881	6308	7.89201	7.89201	13.5937
k141_67373	2929	7.37424	7.37424	13.9707
k141_57732	5345	14.4537	14.4537	27.3192
k141_95810	3659	7.9886	7.9886	11.6857
k141_76598	1501	10.5833	10.5833	8.53512
k141_11512	2810	5.52895	5.52932	7.6406
k141_48760	23624	13.6516	13.6516	27.5617
k141_11513	1522	8.0656	8.06633	11.3385
k141_76600	1796	6.22418	6.22418	11.6779
k141_104693	3631	6.89572	6.89572	11.9849
k141_95813	1572	6.37764	6.37764	6.12681
k141_29887	2173	6.63915	6.63915	6.21392
k141_1579	1914	13.3186	13.3186	18.7776
k141_86352	3105	7.01591	7.01591	10.3251
k141_57737	4320	10.1755	10.1755	26.6436
k141_11514	4636	13.2532	13.2532	31.1907
k141_76603	1539	86.3773	86.3773	255.798
k141_29891	2503	7.68041	7.68041	16.7805
k141_20085	35014	13.1767	13.1767	27.7279
k141_67383	1870	8.27907	8.27907	13.587
k141_104698	4617	16.7779	16.7779	39.3992
k141_48764	5373	8.8342	8.8342	14.037
k141_20086	1538	9.34006	9.34006	52.6875
k141_39064	2644	11.82	11.82	17.7297
k141_76607	1771	8.73103	8.73103	24.545
k141_86358	4164	9.07399	9.07399	15.7322
k141_95823	2538	8.98199	8.98199	21.7579
k141_67385	3094	7.76732	7.76732	12.9541
k141_104700	2203	55.4389	55.4389	2226.1
k141_29895	2134	4.95766	4.95766	5.96092
k141_104702	1935	5.42521	5.42521	4.77709
k141_48766	3800	16.8378	16.8378	66.7701
k141_11522	4266	8.58965	8.58965	20.8136
k141_39069	2791	8.532	8.532	15.7467
k141_95827	3066	17.0075	17.0075	59.4293
k141_29901	1800	5.20606	5.20606	6.15764
k141_67387	3616	10.7611	10.7611	17.4696
k141_76618	1564	8.31612	8.31612	15.8328
k141_20098	2634	7.3281	7.3281	15.2442
k141_67390	1816	8.05222	8.05222	13.6338
k141_104704	5268	14.7847	14.7847	60.6528
k141_29906	2184	7.32448	7.32448	16.8677
k141_57741	14737	19.0483	19.0483	44.4684
k141_11531	3215	7.30506	7.30506	8.84199
k141_67392	2052	9.06046	9.06046	17.9191
k141_86368	6169	9.21332	9.21332	16.9371
k141_57742	2139	7.84414	7.84414	14.1185
k141_104706	2184	4.94985	4.94985	3.5902
k141_76626	2047	10.194	10.194	13.7429
k141_95829	6733	10.6458	10.6458	23.5687
k141_20104	3273	7.317	7.317	10.1448
k141_11532	5216	9.96388	9.96388	25.9438
k141_86369	3202	15.7431	15.7431	42.1298
k141_1596	16320	10.8285	10.8285	24.0683
k141_20109	1787	5.19548	5.19548	6.34196
k141_11534	1961	9.17891	9.17891	12.9669
k141_57747	3553	8.00646	8.00646	22.3797
k141_11536	1623	6.45146	6.45146	10.9435
k141_57748	2066	6.87161	6.87161	7.55013
k141_86375	1960	7.51768	7.51768	28.7109
k141_39085	10088	10.2933	10.2933	16.2113
k141_57751	2093	5.86722	5.86722	9.85253
k141_76635	2441	6.77564	6.77564	16.7357
k141_86377	1859	5.32534	5.32534	10.0345
k141_11541	1780	37.2202	37.2202	103.739
k141_1600	7595	10.7727	10.7727	20.336
k141_57752	1520	4.27372	4.27372	5.39837
k141_67412	2227	12.3399	12.3399	23.9971
k141_1604	1903	4.17684	4.17684	4.56805
k141_20110	12681	31.0946	31.0946	229.534
k141_11544	4905	12.6816	12.6816	34.8742
k141_39087	5542	9.60256	9.60256	25.463
k141_86389	2170	10.2579	10.2579	14.345
k141_57761	3763	6.12621	6.12621	8.31291
k141_11548	1881	5.79376	5.79376	4.22277
k141_39092	1943	13.5666	13.5666	139.158
k141_95858	4996	9.48741	9.48741	22.6243
k141_1608	4891	10.9097	10.9097	14.8244
k141_86394	3711	6.82954	6.82954	9.73926
k141_20122	1946	5.69042	5.69042	7.91296
k141_67421	8289	10.4218	10.4218	21.7381
k141_39097	2010	6.94677	6.94677	4.5303
k141_95865	1896	8.16781	8.16781	15.0635
k141_86395	1535	3.53574	3.53574	2.66508
k141_76656	4056	9.33231	9.33231	20.3509
k141_95866	2619	9.2738	9.2738	19.9679
k141_57770	5997	9.14229	9.14229	15.6561
k141_11560	1811	14.7345	14.7345	21.783
k141_95867	2590	9.49713	9.49713	13.8236
k141_20125	4384	5.56259	5.56259	8.58767
k141_104707	32289	11.9864	11.9864	22.3354
k141_1618	3736	7.44702	7.44702	11.0016
k141_11562	1599	4.98689	4.98689	3.53916
k141_95869	1508	7.52504	7.52504	9.63055
k141_67427	4013	8.26767	8.26767	15.2512
k141_20127	2301	5.16271	5.16271	16.5344
k141_29909	35311	15.3247	15.3247	32.5395
k141_39108	2039	6.39756	6.39756	8.30956
k141_1622	1857	7.2437	7.2437	12.7589
k141_57778	3679	11.4239	11.4239	18.6258
k141_76673	1931	6.5306	6.5306	6.30317
k141_20130	2916	4.94649	4.94649	5.57473
k141_95876	2046	10.4668	10.4668	16.5268
k141_67434	1690	7.11493	7.11493	18.1641
k141_39111	2828	6.02651	6.02651	6.26264
k141_20131	1537	6.21413	6.21413	14.3834
k141_29912	4368	9.05927	9.05927	16.4155
k141_86396	12533	10.2666	10.2666	19.8243
k141_20132	1582	12.6264	12.6264	31.6221
k141_1627	2849	10.9189	10.9189	18.1755
k141_95878	3412	13.1453	13.1453	59.4269
k141_104709	10547	10.0343	10.0343	33.3866
k141_86397	1848	7.98469	7.98469	21.0958
k141_67442	1683	6.20678	6.20678	9.25817
k141_76678	3248	19.0662	19.0662	30.438
k141_1630	2019	4.86784	4.86784	4.06546
k141_57782	5336	17.1228	17.1228	40.5886
k141_11566	12092	11.8932	11.8932	23.4993
k141_86399	1843	7.20732	7.20732	11.6053
k141_29917	3862	12.3354	12.3354	15.4199
k141_39119	2195	5.95795	5.95795	5.24388
k141_29918	1790	17.6616	17.6616	227.022
k141_86401	3325	13.7099	13.7099	42.8875
k141_67447	4434	6.99953	6.99953	9.19298
k141_76690	2124	12.7325	12.7325	29.5858
k141_20134	8734	9.59541	9.59541	18.2478
k141_104720	2209	6.08985	6.08985	6.57535
k141_39126	2071	4.50547	4.50547	4.82612
k141_76691	1677	3.60511	3.60511	1.977
k141_67452	2611	10.2178	10.2178	29.2601
k141_104721	2730	7.12829	7.12829	15.1759
k141_1640	8121	10.4659	10.4659	22.6648
k141_67453	2207	8.8668	8.8668	22.7742
k141_57797	4167	8.7884	8.7884	17.6363
k141_76695	5050	12.7631	12.7631	26.9655
k141_95903	2989	8.20923	8.20923	10.3106
k141_20143	2006	6.28772	6.28772	14.5113
k141_57798	1949	5.36909	5.36909	8.00158
k141_39139	3469	7.98674	7.98674	11.863
k141_1641	5881	9.04415	9.04415	15.4596
k141_86402	12076	11.5479	11.5479	25.9224
k141_48776	69239	20.3107	20.3107	54.8883
k141_20145	2623	18.5398	18.5402	133.061
k141_39141	1962	5.7947	5.7947	7.66407
k141_67462	2220	12.7754	12.7754	16.3561
k141_104734	3251	9.82199	9.82199	28.0804
k141_67464	1984	9.44984	9.44984	12.1265
k141_86403	3249	11.9597	11.9597	56.5595
k141_1648	1564	6.53395	6.53395	13.7918
k141_39145	2733	7.69648	7.69648	12.1589
k141_48783	1576	5.58555	5.58626	10.8112
k141_11571	21932	16.7663	16.7663	33.6072
k141_20153	1859	9.47864	9.47864	14.0776
k141_39147	1727	9.7565	9.75713	17.4378
k141_67467	2131	6.16254	6.16254	9.04835
k141_104737	2220	6.33527	6.33527	4.33122
k141_11572	2416	14.1659	14.1659	26.8175
k141_95908	10869	13.975	13.975	39.4149
k141_20155	1805	6.61511	6.61511	7.66609
k141_76718	1666	6.6095	6.6095	17.4857
k141_67471	1574	4.92837	4.92907	5.67243
k141_48787	4595	7.64477	7.64477	25.7598
k141_29920	28467	35.9976	35.9976	341.48
k141_20161	2644	8.02005	8.02045	26.6651
k141_76722	1928	7.17829	7.17829	13.1438
k141_39149	6594	10.8566	10.8566	22.3391
k141_95917	2246	5.87023	5.87023	9.31491
k141_1666	1771	8.28624	8.28624	9.11803
k141_48792	1562	7.10623	7.10623	8.01994
k141_86408	9146	9.67141	9.67152	21.0787
k141_104748	3121	10.4002	10.4002	17.6422
k141_11579	3743	11.1088	11.1088	32.6579
k141_95919	1910	14.904	14.904	41.8686
k141_57816	7574	9.34267	9.34267	21.3214
k141_67479	3289	7.85154	7.85154	18.8817
k141_76731	2102	7.00717	7.00717	11.9527
k141_29923	7216	8.45726	8.4574	12.6165
k141_86412	2250	5.71667	5.71667	11.6906
k141_67480	1999	10.3131	10.3131	12.2184
k141_11584	2909	6.75607	6.75607	12.0438
k141_67482	1537	7.94521	7.94521	18.6636
k141_48798	4618	9.88697	9.88697	25.7916
k141_1671	7985	27.3075	27.3075	143.394
k141_67485	1510	6.48897	6.48897	11.0448
k141_29927	3667	5.46631	5.46631	9.83016
k141_48803	1789	6.49237	6.49237	7.89109
k141_86419	1894	7.18807	7.18807	10.7874
k141_11593	1628	9.14817	9.14817	29.7403
k141_39161	6128	8.88742	8.88742	15.5031
k141_29930	1880	8.84566	8.84566	19.958
k141_86420	2258	7.96869	7.96869	14.876
k141_48805	2874	7.56094	7.56094	11.6162
k141_67491	2081	8.69394	8.69394	6.91716
k141_95938	1920	5.25198	5.25198	4.69736
k141_11599	1691	8.12719	8.12719	13.6553
k141_20173	13155	16.0438	16.0439	35.3421
k141_76740	8970	10.1105	10.1105	14.2312
k141_29931	6019	10.75	10.75	15.5471
k141_11601	2161	9.16609	9.16609	13.7067
k141_39163	6188	7.95909	7.95909	12.9973
k141_104770	4252	8.4354	8.4354	11.651
k141_11604	1628	8.86062	8.86062	16.9191
k141_29935	1504	5.79394	5.79394	4.078
k141_95946	1806	6.85024	6.85024	13.9231
k141_20184	2158	7.40538	7.40538	9.13495
k141_76746	1811	6.04937	6.04937	10.0698
k141_86440	1718	6.02296	6.02296	5.80427
k141_57826	18269	16.0944	16.0944	42.9784
k141_86441	2454	7.73524	7.73524	7.00844
k141_48807	14145	8.6045	8.6045	17.5062
k141_104779	1943	10.1874	10.1874	22.8734
k141_57827	1511	4.25496	4.25496	5.40037
k141_67508	3777	8.29363	8.29363	13.5296
k141_29945	1697	6.66387	6.66387	13.6721
k141_39166	7575	8.83246	8.83246	21.7504
k141_11611	4755	10.3637	10.3637	18.0578
k141_48808	2085	6.40724	6.40724	16.6677
k141_48809	1649	6.71247	6.71247	14.4479
k141_57829	3237	11.0113	11.0113	31.588
k141_29947	1823	6.6318	6.6318	10.5128
k141_1675	21699	15.893	15.893	46.1599
k141_86447	1818	13.8465	13.8465	16.9567
k141_20193	2022	5.71474	5.71474	9.45678
k141_95960	3305	8.51315	8.51315	14.3215
k141_1677	1755	6.4947	6.4947	14.3262
k141_57830	2605	9.53401	9.53401	18.1095
k141_76752	7327	8.45311	8.45311	14.9303
k141_20195	3237	5.5494	5.5494	6.59634
k141_104789	2562	6.31343	6.31343	12.0917
k141_95964	1639	5.02955	5.02955	6.37821
k141_86453	2595	7.38609	7.38609	16.2707
k141_1678	4235	9.70404	9.70404	22.5018
k141_29955	2771	7.03129	7.03129	7.97694
k141_11624	2963	11.6953	11.6953	24.4912
k141_95966	1650	7.42333	7.42333	10.4245
k141_57831	6537	7.98497	7.98497	15.8127
k141_67520	6127	7.53823	7.53823	17.1775
k141_20196	3907	41.9271	41.9271	2991.67
k141_95968	1777	8.77628	8.77628	21.4346
k141_1682	1810	7.51265	7.51265	14.468
k141_57832	1769	4.92835	4.92835	3.34839
k141_48829	2001	7.4268	7.4268	9.64155
k141_67521	3245	7.98094	7.98094	18.4136
k141_95971	1573	6.15952	6.15952	6.0484
k141_48830	1673	5.81944	5.81944	8.67103
k141_76763	2404	7.5976	7.5976	8.81057
k141_86455	7244	15.3992	15.3992	30.1428
k141_57833	3128	10.6387	10.639	14.0352
k141_1683	4303	11.4532	11.4532	32.0813
k141_11626	4809	15.2086	15.2086	34.0596
k141_95974	4660	11.7537	11.7537	25.3578
k141_20208	1505	4.93137	4.93137	5.08468
k141_104801	5224	8.9462	8.9462	14.0102
k141_76769	2479	7.35681	7.35681	11.5604
k141_67532	1500	8.96296	8.96296	18.8955
k141_11634	2569	9.02274	9.02274	13.177
k141_1693	2005	8.3434	8.3434	16.6516
k141_48844	2509	9.91861	9.91903	16.4086
k141_29969	4094	40.4533	40.4533	172.711
k141_104803	1576	6.49369	6.49369	6.74285
k141_86456	9477	11.093	11.093	30.0715
k141_57839	5699	9.65886	9.65886	12.0765
k141_67533	2734	11.5886	11.5886	33.7801
k141_95982	1741	5.0572	5.0572	5.73573
k141_76775	4905	12.2311	12.2311	28.8195
k141_86465	1760	8.22236	8.22236	6.6031
k141_104804	6039	8.41399	8.41399	12.1353
k141_57845	2826	5.71076	5.71076	7.88043
k141_1696	5869	7.77933	7.77933	13.2687
k141_48856	3094	10.2303	10.2303	19.289
k141_76776	4037	10.5176	10.5176	11.8139
k141_104805	2031	7.36576	7.36576	9.1087
k141_57847	1791	6.05424	6.05424	5.80619
k141_95990	3241	7.57781	7.57781	10.7108
k141_20222	2194	12.135	12.135	21.4278
k141_76778	2637	6.90591	6.90591	8.70161
k141_29985	2795	8.43516	8.43554	11.531
k141_20224	1739	9.60289	9.60289	26.3642
k141_104808	3138	9.24029	9.24029	16.7581
k141_11638	12653	9.35767	9.35775	18.035
k141_76781	1791	7.04449	7.04449	14.4986
k141_48862	2482	8.70069	8.70069	12.1239
k141_20225	2046	13.0127	13.0127	26.2679
k141_86471	5434	7.89497	7.89497	12.9152
k141_95993	2741	74.9599	74.9599	977.097
k141_67541	9800	25.1334	25.1334	121.59
k141_48864	1755	6.10156	6.10156	8.41071
k141_11640	1559	8.01065	8.01065	11.4253
k141_1701	7149	11.0509	11.0509	21.4351
k141_20226	2738	7.63833	7.63833	11.9712
k141_104815	1519	7.92915	7.92915	9.43871
k141_76784	2303	5.45936	5.45936	12.5978
k141_1703	2732	10.3683	10.3683	31.6532
k141_11643	2523	19.4067	19.4067	50.2193
k141_95997	1791	6.26874	6.26874	11.7588
k141_76786	1958	5.58462	5.58462	6.43667
k141_67546	3069	7.4481	7.4481	19.2015
k141_86477	1677	6.0799	6.0799	7.44447
k141_76787	1567	5.82992	5.82992	4.67514
k141_20231	3250	6.12419	6.12419	8.86448
k141_39174	39988	14.8423	14.8423	37.7325
k141_29996	3869	6.48884	6.48884	8.97718
k141_1707	2191	5.66928	5.66928	8.24202
k141_104822	1696	4.64812	4.64812	3.40232
k141_11645	3118	6.19205	6.19205	7.69085
k141_48875	1550	5.98	5.98	17.2376
k141_86480	3574	6.05169	6.05169	12.2534
k141_48877	1795	5.24863	5.24863	7.27941
k141_57853	14355	12.9622	12.9622	23.466
k141_96003	2565	13.1954	13.1954	17.9784
k141_104826	4710	8.13772	8.13772	19.1259
k141_76798	4309	12.4941	12.4941	29.2217
k141_57858	1726	6.0203	6.0203	6.16721
k141_104827	2352	8.42825	8.42825	21.6335
k141_48880	3249	18.031	18.0313	140.38
k141_86487	2269	8.76262	8.76262	8.89696
k141_96005	5766	10.4801	10.4801	19.1123
k141_48884	1678	6.83835	6.83835	9.03023
k141_1714	6804	15.7534	15.7534	29.7098
k141_39183	7813	16.1599	16.1599	56.3996
k141_39186	1522	7.92711	7.92711	13.5016
k141_76806	1559	7.2115	7.2115	5.54471
k141_57865	2677	9.65888	9.65888	14.6396
k141_11655	10940	17.238	17.238	49.7182
k141_57869	1888	5.24281	5.24281	7.68773
k141_67547	20442	18.3792	18.3792	42.6813
k141_11656	2016	5.5686	5.5686	9.36717
k141_20255	1690	6.10325	6.10325	8.64494
k141_104828	10109	15.0364	15.0364	35.63
k141_1718	4513	8.44969	8.44969	14.6603
k141_48898	2069	6.41219	6.41219	13.0255
k141_30017	6187	7.53073	7.53073	11.8495
k141_20256	1861	5.13676	5.13676	8.43148
k141_96016	2172	6.9817	6.9817	5.41731
k141_11657	1589	5.4663	5.4663	6.25735
k141_76813	1516	4.60761	4.60761	3.1646
k141_20259	1762	8.27171	8.27233	15.4186
k141_86504	2384	9.02283	9.02283	12.087
k141_39192	4268	16.94	16.94	56.0529
k141_11660	1675	8.0977	8.0977	16.5593
k141_76814	2506	7.52589	7.52589	11.6184
k141_96018	2892	36.2447	36.2447	432.736
k141_48904	1727	7.66582	7.66582	16.3039
k141_67549	6386	9.74759	9.74759	12.0605
k141_1721	4200	8.88963	8.88963	9.97125
k141_104836	1678	9.08508	9.08508	19.6417
k141_11661	2333	7.89785	7.89785	14.3521
k141_39197	1738	7.47166	7.47166	7.40505
k141_30025	1747	8.52098	8.5216	11.7885
k141_1724	2024	5.27588	5.27588	11.3797
k141_11662	1701	7.24629	7.24629	7.08122
k141_48905	7534	8.98009	8.98009	19.6147
k141_20268	3262	7.18477	7.18477	19.2127
k141_104842	1960	7.4442	7.4442	11.2509
k141_11666	2909	17.5756	17.5756	119.513
k141_39204	3616	9.61339	9.61339	13.2992
k141_20269	1827	5.77102	5.77102	7.55619
k141_67555	6418	10.2956	10.2956	20.3477
k141_76820	6959	8.32016	8.32016	11.8618
k141_96019	8726	37.3477	37.3477	124.932
k141_57891	2936	11.7419	11.7419	56.8511
k141_1737	2990	8.48169	8.48169	17.9849
k141_39205	3916	9.31147	9.31147	11.3502
k141_20274	1559	5.98935	5.98935	12.4011
k141_96021	1595	3.88374	3.88374	4.50304
k141_11669	2004	4.92826	4.92826	4.61169
k141_48912	1880	14.341	14.341	44.9974
k141_104847	2562	5.25207	5.25207	4.44083
k141_76829	1630	5.59595	5.59595	5.42549
k141_20275	2984	6.81722	6.81722	10.715
k141_39210	1516	19.6808	19.6808	50.2716
k141_11672	3894	8.50801	8.50801	14.2128
k141_96027	2161	6.67081	6.67081	6.98615
k141_1744	2761	6.00345	6.00345	7.97663
k141_76833	2307	6.50209	6.50209	10.2009
k141_67562	5181	28.9654	28.9654	88.6351
k141_20284	1809	4.79024	4.79024	6.60132
k141_11676	2098	10.2197	10.2197	19.8852
k141_39218	2142	9.75954	9.75954	16.9221
k141_30053	1820	5.50958	5.50958	15.0038
k141_11677	1732	4.7775	4.7775	2.49697
k141_96033	2543	6.67071	6.67071	11.5462
k141_104856	4050	15.2636	15.2636	52.5304
k141_1748	4611	114.473	114.473	453.462
k141_11678	1711	6.07303	6.07303	8.5998
k141_96035	2114	8.21741	8.21792	26.1031
k141_86508	24935	15.694	15.694	34.4051
k141_1749	3929	7.10347	7.10347	10.8004
k141_48913	13345	10.7128	10.7128	21.8515
k141_76842	2427	7.19016	7.19016	16.5644
k141_104857	3750	6.26944	6.26944	10.9572
k141_57911	5751	13.2496	13.2496	23.3788
k141_39219	6612	9.70087	9.70087	15.5359
k141_67579	3002	10.5368	10.5368	26.1793
k141_48916	1576	7.00281	7.00281	15.8104
k141_11687	2927	9.3511	9.3511	26.099
k141_67580	1995	7.75664	7.75664	8.28076
k141_39222	2349	8.38472	8.38472	10.4272
k141_76848	1989	8.92496	8.92496	11.6908
k141_96040	5598	12.2427	12.2427	35.9426
k141_104861	3484	7.61728	7.61728	9.80849
k141_1754	4337	9.84667	9.84667	19.3896
k141_67585	1766	9.49753	9.49753	23.0588
k141_57922	2406	6.96853	6.96853	14.9945
k141_96042	2053	13.6852	13.6852	65.8655
k141_48924	3752	11.1324	11.1324	23.714
k141_1758	2195	7.57408	7.57408	11.3659
k141_20285	20359	19.3013	19.3013	117.406
k141_104863	4597	12.1077	12.1077	23.0111
k141_11692	6055	8.36545	8.36545	12.7184
k141_96045	2275	6.75671	6.75671	8.57032
k141_104864	1612	8.30301	8.30301	7.49812
k141_30054	19114	13.2701	13.2701	31.1127
k141_39236	2254	9.97814	9.97814	14.475
k141_1760	6014	22.1518	22.1518	120.588
k141_104867	1882	4.65127	4.65127	6.92628
k141_86509	17961	12.4967	12.4967	26.9199
k141_11694	4504	8.07464	8.07464	15.9947
k141_20288	4225	11.4155	11.4155	27.9645
k141_76864	1620	8.07755	8.07755	14.5767
k141_39238	4569	17.353	17.353	35.8648
k141_76866	2040	4.1254	4.1254	2.421
k141_39239	1749	4.60475	4.60538	3.33168
k141_67597	5914	10.2752	10.2752	18.2931
k141_48944	3620	9.65533	9.65533	18.8606
k141_1763	4727	5.84794	5.84794	8.51139
k141_20293	3372	16.2117	16.2117	55.7716
k141_104875	1535	9.90758	9.90758	15.2501
k141_11698	3886	8.06718	8.06745	16.8435
k141_76867	2796	6.75624	6.75624	10.3742
k141_48946	2277	5.52421	5.52421	7.34267
k141_57924	16746	10.3823	10.3823	26.0851
k141_86521	1996	5.18635	5.18635	8.92676
k141_30065	4965	11.7911	11.7911	31.7756
k141_1764	3675	6.56624	6.56624	10.2292
k141_104878	2235	9.46043	9.46043	11.4454
k141_48947	2067	11.2191	11.2191	18.2839
k141_67600	4344	8.89175	8.89175	12.7076
k141_11700	3834	7.46743	7.46743	11.0044
k141_86522	1660	6.29205	6.29205	5.94845
k141_1766	1577	5.14996	5.14996	5.77976
k141_48949	1586	9.64067	9.64067	12.9369
k141_67605	2015	7.26273	7.26273	8.50498
k141_96070	3446	9.89563	9.89563	15.404
k141_104880	2730	6.60116	6.60116	12.1607
k141_86525	2597	22.8901	22.8901	245.082
k141_39245	5785	15.1604	15.1604	29.9904
k141_57925	5784	21.9526	21.9526	40.5802
k141_48952	2043	7.10777	7.10777	25.9747
k141_30069	3298	8.73888	8.73888	8.57047
k141_57926	1748	7.18836	7.18836	8.35835
k141_76878	1599	4.43892	4.43892	4.10009
k141_86527	2085	6.04186	6.04186	7.06604
k141_20307	2112	5.60754	5.60754	7.16048
k141_67606	4810	25.4586	25.4586	111.743
k141_48954	2515	4.74968	4.74968	8.04481
k141_11712	2737	22.9521	22.9521	104.768
k141_86531	1816	4.77491	4.77491	6.28991
k141_76880	4312	6.98294	6.98294	10.0379
k141_20309	2701	7.27401	7.27401	13.8955
k141_104883	8742	15.662	15.662	39.3164
k141_11714	3639	9.7131	9.7131	16.8594
k141_86534	3043	9.78223	9.78223	14.992
k141_57929	7221	9.83722	9.83722	24.6005
k141_30075	6405	22.5456	22.5456	52.0194
k141_96089	1643	8.79035	8.79035	18.2409
k141_39262	1595	4.70035	4.70104	5.78862
k141_76886	1634	9.76752	9.76752	16.8933
k141_67615	7428	9.47101	9.47101	13.8089
k141_20315	4060	5.69412	5.69412	6.45229
k141_48964	5305	7.70495	7.70495	18.3853
k141_57938	2132	5.74874	5.74874	8.07311
k141_104888	5404	10.0754	10.0754	16.5935
k141_1797	3132	7.91281	7.91281	17.602
k141_48970	1564	6.63437	6.63437	10.862
k141_11723	4982	8.86155	8.86155	14.5623
k141_96092	9414	9.96719	9.96719	20.6225
k141_57939	4129	10.2983	10.2983	19.9359
k141_96095	1711	6.30621	6.30621	10.2856
k141_57940	3103	5.70234	5.70234	9.13676
k141_20319	8103	9.7992	9.7992	21.444
k141_48978	1821	4.87732	4.87732	6.92205
k141_11727	5856	8.92692	8.92692	10.1215
k141_48979	1833	10.1462	10.1462	8.98339
k141_67629	4146	7.70746	7.70746	10.3822
k141_48980	3671	8.11133	8.11133	12.0957
k141_39269	10372	10.6954	10.6954	19.7416
k141_11732	2913	6.27362	6.27362	7.04894
k141_20327	2726	5.33812	5.33812	4.00251
k141_11733	2201	8.62799	8.62799	10.0474
k141_48988	1629	6.76268	6.76268	8.26514
k141_67638	2119	9.30269	9.30269	13.6076
k141_57946	7384	16.646	16.646	40.7504
k141_39272	4056	10.8902	10.8902	13.1723
k141_20328	3473	7.31327	7.31327	12.3501
k141_67640	1525	6.81818	6.81818	11.7893
k141_67641	1564	4.34724	4.34724	5.41579
k141_20332	1860	10.4836	10.4836	18.6454
k141_104924	2649	7.12085	7.12085	12.0613
k141_39275	1630	9.07703	9.07703	18.8163
k141_49000	1566	7.71681	7.71681	13.2758
k141_57957	1970	7.20165	7.20165	12.8329
k141_11738	6588	43.7867	43.7867	102.888
k141_67644	4115	6.5309	6.5309	8.87422
k141_57958	2090	8.98299	8.98299	10.7903
k141_96097	22413	19.9934	19.9934	49.8222
k141_39280	2850	9.08556	9.08556	8.79338
k141_104925	5998	9.57883	9.57883	22.1946
k141_20341	1550	7.16143	7.16143	10.5829
k141_39281	1588	4.89917	4.89917	6.41501
k141_67646	2090	8.38402	8.38454	10.7906
k141_49007	1606	9.38118	9.38118	18.346
k141_96100	1512	6.58443	6.58443	12.2681
k141_104927	1664	8.31902	8.31902	20.8849
k141_20343	1828	10.0709	10.0709	24.1603
k141_11743	2235	8.07818	8.07818	10.6123
k141_86538	33032	14.9712	14.9712	31.659
k141_67647	1644	18.4946	18.4953	40.068
k141_96102	1905	7.2604	7.2604	8.41276
k141_39282	2468	4.87101	4.87101	4.87889
k141_57966	2763	9.17413	9.17413	19.1002
k141_11748	1856	4.94607	4.94607	7.94662
k141_39285	2119	11.4292	11.4292	21.2999
k141_104930	1834	8.45843	8.45843	8.16998
k141_49012	3965	9.47208	9.47208	10.6373
k141_67652	2722	6.83593	6.83593	7.43178
k141_104933	1868	8.55355	8.55355	10.4325
k141_96112	1655	5.84053	5.84053	6.86689
k141_86548	2473	8.94662	8.94662	16.3113
k141_39290	1802	7.5224	7.5224	9.69967
k141_20356	1584	50.0335	50.0335	2106
k141_104937	2119	7.3291	7.3291	13.3628
k141_11754	7281	9.96803	9.96803	18.5105
k141_49026	1779	7.41007	7.41007	12.72
k141_96114	6885	11.7534	11.7534	27.4845
k141_20360	4647	8.16589	8.16589	19.9594
k141_49027	3134	9.28485	9.28485	12.3003
k141_57984	2952	7.08315	7.08315	12.3141
k141_20363	1531	6.75815	6.75815	14.9937
k141_67670	2368	5.67628	5.67628	9.27995
k141_57985	1731	5.69007	5.69007	11.8127
k141_67672	1623	7.58588	7.58588	16.6261
k141_57987	1890	8.74253	8.7431	15.4976
k141_104944	6127	14.3104	14.3104	31.4164
k141_49034	1631	17.3207	17.3214	95.7345
k141_96116	7643	9.04564	9.04564	16.7842
k141_86559	8868	13.3679	13.3679	30.6957
k141_104947	1636	3.73553	3.73553	2.49764
k141_11756	11567	11.96	11.96	23.2823
k141_49043	1914	6.69841	6.69841	12.382
k141_67681	1703	5.89697	5.89697	3.81665
k141_104954	1555	6.19217	6.19217	9.26937
k141_39322	1563	8.50248	8.50248	10.0929
k141_57994	3570	10.8933	10.8933	22.713
k141_11758	3637	7.60969	7.60969	13.5678
k141_96123	2970	10.6553	10.6553	38.1403
k141_67684	2004	6.18285	6.18285	11.6735
k141_20374	6267	11.6063	11.6063	23.6006
k141_49049	2567	8.69011	8.69011	14.5665
k141_39331	3314	7.61568	7.61568	19.1774
k141_104956	7974	8.96779	8.96779	15.9161
k141_11773	1714	4.4968	4.49744	10.3308
k141_49051	9229	18.7851	18.7851	143.501
k141_20384	2047	21.456	21.456	81.8971
k141_30080	73075	17.6693	17.6693	41.5405
k141_96129	9258	10.6011	10.6011	18.0102
k141_39333	5297	10.6287	10.6287	21.0977
k141_30081	1921	7.63806	7.63806	23.1012
k141_104966	1972	7.38364	7.38364	8.48042
k141_86560	20705	20.8904	20.8904	51.0936
k141_96133	2262	7.03835	7.03835	17.8286
k141_20388	2913	6.28411	6.28411	8.14846
k141_86561	1826	5.93437	5.93437	8.85538
k141_49062	2502	5.71981	5.71981	5.35363
k141_11786	2984	6.11574	6.11574	7.4381
k141_104969	6619	10.2629	10.2629	21.2226
k141_30082	7986	16.5227	16.5227	37.7165
k141_67688	18173	14.8424	14.8424	51.0552
k141_49063	3684	15.339	15.339	59.8612
k141_39351	1662	6.98677	6.98677	9.40416
k141_96146	1914	8.55272	8.55329	16.7601
k141_30085	3340	10.9345	10.9345	20.8372
k141_104971	3916	8.68163	8.68163	23.1657
k141_11794	2102	4.50051	4.50051	4.28192
k141_1798	87833	18.714	18.714	47.6472
k141_76888	90149	32.6306	32.6306	87.4802
k141_49069	2777	6.7107	6.7107	11.0641
k141_30087	1732	4.69279	4.69279	6.21047
k141_1799	1937	8.15893	8.15948	12.7265
k141_67698	2867	8.47552	8.47552	9.59494
k141_39358	1858	10.1669	10.1669	26.1977
k141_49070	1895	5.63095	5.63095	5.79717
k141_1802	1814	18.6118	18.6124	36.7029
k141_104980	1519	7.85975	7.85975	12.2391
k141_86582	4540	8.67722	8.67722	14.322
k141_67703	1697	8.0362	8.0362	8.27679
k141_1803	2131	6.82433	6.82433	8.72274
k141_67704	2064	9.82445	9.82445	15.4412
k141_30089	4969	8.28699	8.28699	15.6708
k141_104984	2076	8.36604	8.36604	20.4275
k141_96153	4193	7.36384	7.36384	9.75693
k141_57996	33815	13.8547	13.8547	32.3447
k141_86585	2870	7.72243	7.72243	12.961
k141_67707	1586	5.35515	5.35515	8.3867
k141_1805	3521	6.15544	6.15544	6.63817
k141_76891	10698	12.8273	12.8273	21.169
k141_67709	2006	7.66541	7.66541	8.12356
k141_96161	1866	4.06352	4.06352	5.18253
k141_11800	11668	19.1887	19.1887	45.2756
k141_1814	2156	6.19641	6.19641	5.78887
k141_39374	1783	7.90937	7.90937	11.2112
k141_86593	2624	12.6083	12.6083	26.5788
k141_58000	4519	10.3838	10.3838	18.8941
k141_104991	4731	8.87317	8.87317	15.9776
k141_86595	2208	5.98008	5.98008	7.06472
k141_39378	1970	8.32253	8.32253	9.80963
k141_1819	1847	6.29405	6.29405	8.89169
k141_96172	2617	10.7252	10.7252	33.1918
k141_58003	4727	9.13612	9.13612	22.4321
k141_76900	5543	8.66067	8.66086	28.4665
k141_104996	2699	8.06002	8.06002	12.584
k141_1822	2200	5.4761	5.4761	8.49156
k141_20391	31544	13.5677	13.5677	31.1942
k141_76902	2667	6.70997	6.70997	8.41416
k141_104997	3441	5.45032	5.45032	7.98736
k141_86600	5258	7.72514	7.72514	15.9448
k141_11805	10473	31.347	31.347	150.305
k141_86602	1526	8.25145	8.25145	9.28526
k141_105001	1739	6.2467	6.2467	14.0877
k141_20399	2613	6.66342	6.66342	7.66366
k141_30092	20489	11.078	11.078	21.3712
k141_49081	18257	19.204	19.204	37.1664
k141_86604	1801	7.49001	7.49001	9.08156
k141_58017	1742	7.37688	7.37688	9.94711
k141_76910	1587	5.55741	5.55741	5.51843
k141_105002	3095	9.44788	9.44788	23.8215
k141_39388	7106	9.70198	9.70198	13.5205
k141_30094	1540	7.69928	7.69928	9.99589
k141_67723	13585	11.8157	11.8157	23.6033
k141_39389	2164	9.33267	9.33267	15.2464
k141_76914	1855	15.1718	15.1718	24.6132
k141_58020	2614	12.2455	12.2455	20.2291
k141_11807	6370	8.97894	8.97894	20.389
k141_67725	1878	8.47569	8.47569	12.6711
k141_1838	3049	9.12901	9.12935	18.584
k141_20404	4443	9.5099	9.5099	14.6224
k141_30100	2202	4.70955	4.70955	3.63572
k141_96183	11694	9.39025	9.39025	22.5127
k141_105004	5992	8.81736	8.81753	12.5033
k141_11810	1537	6.8558	6.8558	9.24617
k141_49089	5063	9.28821	9.28821	16.2196
k141_76920	2610	7.75569	7.75569	18.9297
k141_58027	2158	5.86952	5.86952	7.47772
k141_49090	2504	9.30884	9.30884	10.8723
k141_86618	1757	6.41941	6.41941	6.15393
k141_67729	5585	9.86421	9.8644	14.0863
k141_1843	5000	14.9332	14.9332	33.5205
k141_105011	2324	7.9609	7.9609	6.40668
k141_96191	2024	10.2695	10.2695	11.7345
k141_39395	7660	12.0712	12.0712	23.7067
k141_86621	2546	6.43489	6.43489	9.51932
k141_1844	1888	5.67837	5.67837	7.99263
k141_11819	1799	7.95331	7.95331	11.729
k141_96192	2102	8.59426	8.59426	17.3444
k141_39396	2544	9.15664	9.15664	12.9596
k141_30114	1902	7.64555	7.64555	8.53273
k141_67730	6142	6.58545	6.58545	10.7429
k141_86624	1564	5.86775	5.86775	10.2975
k141_105015	4192	7.16675	7.16675	13.1584
k141_49094	8675	8.29173	8.29173	16.0709
k141_86625	2078	5.98081	5.98081	10.0158
k141_20408	13339	10.1999	10.1999	19.9875
k141_39397	4300	7.32843	7.32843	11.4763
k141_1848	3097	10.5887	10.5887	29.7565
k141_105016	1598	32.4986	32.4986	224.852
k141_1849	1657	7.44857	7.44857	7.54366
k141_49097	3155	8.25591	8.25591	16.0471
k141_105017	3319	6.93216	6.93216	10.9059
k141_30119	6673	11.0633	11.0633	23.7941
k141_39398	6612	50.5837	50.5837	124.753
k141_20419	1594	5.51316	5.51385	7.77314
k141_1852	4758	9.41623	9.41623	13.1737
k141_39403	1558	6.93253	6.93253	15.3707
k141_49099	3449	7.25796	7.25796	17.6922
k141_1853	2570	8.65579	8.65579	9.43539
k141_86638	4119	9.08088	9.08088	15.4482
k141_20422	2788	5.92039	5.92039	10.4526
k141_96212	1712	5.85339	5.85339	6.31229
k141_67738	8846	10.0756	10.0756	19.682
k141_11833	7361	8.9204	8.9204	15.0086
k141_11834	2658	7.1571	7.1571	10.9366
k141_39410	1794	8.10401	8.10401	13.0953
k141_96214	3766	7.32412	7.32412	8.51071
k141_20427	1678	6.48037	6.48037	8.17116
k141_1860	3435	7.20578	7.20578	19.2604
k141_11838	1630	5.31486	5.31554	11.5833
k141_30128	8866	15.7863	15.7863	26.8958
k141_86648	4013	9.87031	9.87031	19.4238
k141_49106	3524	7.05631	7.05631	10.3052
k141_67750	2295	7.13706	7.13706	8.5885
k141_96222	4981	22.4647	22.4647	127.308
k141_1868	3774	6.55822	6.55822	14.9647
k141_105021	20833	15.3964	15.3964	35.3819
k141_67756	1874	10.4582	10.4582	11.5358
k141_86652	3545	10.0459	10.0459	11.1576
k141_30133	4553	10.0684	10.0684	12.0728
k141_1870	2285	6.35222	6.35222	6.31075
k141_96228	1514	7.45455	7.45455	8.45062
k141_105022	2832	8.52796	8.52796	13.0415
k141_86654	1800	6.75879	6.75879	12.8213
k141_1874	1828	11.4642	11.4642	19.5143
k141_11859	1538	5.16499	5.16499	5.9389
k141_49108	12260	10.8917	10.8917	20.3683
k141_105027	2465	6.01771	6.01771	10.6146
k141_39411	20948	13.395	13.395	26.8079
k141_58030	42113	19.4259	19.4259	50.2449
k141_20428	18287	16.3399	16.3399	48.0269
k141_1879	2078	6.72666	6.72666	8.45304
k141_30139	3945	8.77787	8.77787	12.5555
k141_86655	6121	11.99	11.99	35.6253
k141_96229	7810	9.73655	9.73655	13.5353
k141_67763	3965	11.3995	11.3995	27.6437
k141_1880	2325	7.70621	7.70621	17.2895
k141_105029	3835	12.1845	12.1845	20.8156
k141_67764	2547	11.2557	11.2562	20.3776
k141_86657	2667	6.68892	6.68892	10.4385
k141_49116	1637	7.66308	7.66308	9.61778
k141_105031	1746	5.54198	5.54198	9.38078
k141_11864	4639	7.56872	7.56872	14.1535
k141_58035	6096	11.6621	11.6621	24.2976
k141_105036	1588	5.78442	5.78442	7.45661
k141_86664	2409	6.61266	6.6131	5.68992
k141_20436	4116	16.5991	16.5991	32.4198
k141_11868	1876	7.2949	7.2949	14.295
k141_39412	11078	11.2089	11.2089	19.9375
k141_1882	6127	14.1712	14.1712	25.1744
k141_96238	3217	7.10923	7.10923	14.2533
k141_49121	3909	20.6026	20.6026	57.7043
k141_1883	1572	5.13854	5.13854	6.89212
k141_39413	2791	9.3635	9.3635	19.0875
k141_86669	2153	9.99301	9.99301	13.4825
k141_11872	2577	7.43304	7.43304	14.5672
k141_105040	2653	11.5194	11.5194	24.4296
k141_1885	2700	7.36706	7.36706	12.4388
k141_49125	3064	13.5432	13.5432	46.0608
k141_58044	3130	7.25336	7.25336	26.8247
k141_67781	2115	5.28957	5.28957	2.30867
k141_39414	2776	9.80503	9.80503	22.1906
k141_96241	3421	7.75237	7.75237	17.8969
k141_58045	1768	6.32077	6.32077	9.74667
k141_86674	1961	7.24682	7.24682	11.8267
k141_1888	1658	9.43236	9.43302	23.0738
k141_49127	2434	7.61515	7.61515	9.43435
k141_30164	2249	6.51691	6.51691	6.97528
k141_39418	1577	4.57253	4.57253	3.85776
k141_58048	2203	8.67511	8.67511	13.9183
k141_76927	60456	21.2652	21.2652	129.027
k141_11879	4081	9.06767	9.06767	20.6582
k141_76928	2528	5.28217	5.28217	7.3621
k141_96249	2031	7.5327	7.5327	14.9256
k141_49132	1748	11.3173	11.3173	17.945
k141_86684	1861	7.05494	7.05494	20.7093
k141_76930	1621	6.7308	6.7308	10.5248
k141_58052	4184	8.36341	8.36341	18.1885
k141_11885	1874	9.65603	9.65603	22.5055
k141_39428	2067	6.6698	6.6698	8.49474
k141_67784	9248	8.09343	8.09343	16.8873
k141_96254	2967	5.53568	5.53568	7.0877
k141_105046	11946	12.7979	12.7979	31.2031
k141_11887	1909	72.0142	72.0142	1435.48
k141_58057	2295	6.62145	6.62145	7.66537
k141_49140	2041	5.35167	5.35167	4.7276
k141_76931	5996	9.08245	9.08245	18.458
k141_105047	2178	9.17456	9.17456	19.0598
k141_96259	2310	8.10324	8.10324	9.38574
k141_11889	2137	15.5873	15.5873	666.683
k141_86690	3723	8.24881	8.24881	19.4023
k141_76939	2585	7.70842	7.70842	8.15744
k141_96265	2603	9.0636	9.0636	9.06038
k141_105055	2797	15.7212	15.7212	26.3525
k141_39440	2197	5.74841	5.74841	4.7427
k141_58062	4568	8.62856	8.62879	21.9192
k141_30177	11477	19.0938	19.0938	55.129
k141_76940	1593	7.19335	7.19335	18.0699
k141_86698	1578	7.11485	7.11485	7.88452
k141_67794	8204	8.34356	8.34356	14.3149
k141_11897	2263	7.02082	7.02082	9.41722
k141_1911	8387	19.2165	19.2165	62.5399
k141_105059	3278	5.92839	5.92839	9.11294
k141_76945	2343	13.3069	13.3069	28.7728
k141_49156	1706	10.5668	10.5668	31.0958
k141_30179	4400	10.1791	10.1791	11.4142
k141_1914	1508	5.64065	5.64065	6.03147
k141_86699	3284	25.4496	25.4496	143.923
k141_58071	1767	6.28695	6.28695	9.0451
k141_11902	1910	6.4642	6.4642	9.53704
k141_76947	1808	5.09047	5.09047	5.47281
k141_96274	1723	9.43293	9.43357	11.4556
k141_1918	1554	6.48362	6.48362	13.0397
k141_105064	2644	7.93224	7.93224	14.2189
k141_11905	2356	7.87897	7.87897	13.8063
k141_58077	2222	7.44981	7.44981	8.83086
k141_39451	4058	7.25793	7.25793	13.4614
k141_30180	4963	11.4743	11.4743	21.929
k141_96278	2006	6.15571	6.15571	9.39184
k141_49161	4363	6.90268	6.90268	11.5377
k141_105065	3350	9.56	9.56	19.4375
k141_105066	2372	7.09451	7.09451	9.40667
k141_86707	3726	34.2178	34.2178	196.505
k141_11911	2035	5.44509	5.44509	11.971
k141_96279	2746	7.05123	7.05123	12.9635
k141_1928	2544	9.51003	9.51003	18.4423
k141_30183	3007	6.05845	6.05845	8.86735
k141_49163	1774	7.25431	7.25431	14.0505
k141_39460	2018	25.6263	25.6263	117.177
k141_105075	1780	7.87853	7.87853	24.5231
k141_105076	2207	8.18717	8.18717	19.0899
k141_1938	2486	6.59075	6.59075	9.66384
k141_49170	1680	21.4739	21.4739	194.146
k141_86718	3656	5.05819	5.05819	6.53583
k141_105083	1633	5.96831	5.96831	7.22099
k141_76948	18357	13.3811	13.3811	31.0748
k141_105084	1735	7.54637	7.54637	12.9413
k141_11928	3867	9.50713	9.50713	15.3484
k141_30197	5018	9.63127	9.63127	16.9299
k141_1942	2900	9.59818	9.59818	25.9044
k141_96281	12164	18.6586	18.6586	50.0887
k141_105086	1705	6.70096	6.70096	9.49415
k141_86724	1846	7.43042	7.43042	12.676
k141_39483	1583	5.8374	5.8374	4.15715
k141_49172	5829	40.4876	40.4876	229.154
k141_30200	2947	6.90883	6.90883	10.2882
k141_11931	4142	9.55812	9.55812	28.4182
k141_1948	1919	5.73149	5.73149	8.89223
k141_39484	2250	7.32952	7.32952	9.2844
k141_58082	20973	10.7239	10.7239	21.7539
k141_96287	1954	5.51109	5.51109	7.33372
k141_49174	2188	11.4975	11.4975	23.2064
k141_67800	28570	45.4219	45.4219	137.676
k141_76959	1549	9.27949	9.27949	8.94685
k141_67801	1671	7.08416	7.08416	14.6206
k141_30205	1931	7.38405	7.38405	10.1255
k141_58084	2342	61.1478	61.1478	509.547
k141_76962	1771	6.09994	6.09994	8.77396
k141_11938	2468	6.77265	6.77265	12.4442
k141_49176	2749	9.38553	9.38553	12.3301
k141_39490	1835	6.34659	6.34659	12.6423
k141_58086	1678	10.9391	10.9391	25.7493
k141_96295	1569	7.82452	7.82452	10.3903
k141_67803	1967	6.61805	6.61805	9.50715
k141_30206	3086	7.3314	7.3314	12.358
k141_49177	2026	7.27026	7.27026	9.84428
k141_76967	1510	5.17794	5.17794	9.05737
k141_76969	1630	8.42162	8.42162	15.6152
k141_96302	1525	11.1193	11.1193	29.2363
k141_11943	3420	9.46972	9.46972	18.8262
k141_105088	14566	9.23564	9.23564	18.8157
k141_58097	1516	5.00732	5.00732	1.88565
k141_49181	3213	7.64904	7.64904	8.20238
k141_76970	1657	6.4081	6.4081	23.2362
k141_30213	2830	6.94851	6.94851	15.9063
k141_96306	1534	6.57948	6.57948	7.37474
k141_105093	1542	5.31394	5.31394	5.7842
k141_1967	5209	8.29334	8.29334	11.1247
k141_11954	1531	6.39319	6.39319	5.76777
k141_11956	1828	5.9124	5.9124	10.3495
k141_105096	2237	8.03498	8.03498	18.2677
k141_49191	3893	9.05023	9.05023	9.14337
k141_11958	1615	7.74539	7.74539	9.62986
k141_39515	3009	8.33578	8.33613	11.8817
k141_30224	2927	10.4109	10.4109	28.9677
k141_58098	13261	9.75036	9.75036	20.5309
k141_76972	13304	22.8521	22.8521	239.922
k141_1975	4847	9.80818	9.80818	13.4028
k141_39516	2493	9.03329	9.03329	11.653
k141_20437	92360	47.1611	47.1611	119.548
k141_11962	5103	8.00989	8.00989	13.1827
k141_105097	8066	14.2252	14.2252	36.5281
k141_76974	2536	6.55658	6.55658	10.7148
k141_1979	2293	5.90667	5.90667	13.1145
k141_39519	1795	9.40669	9.40669	22.166
k141_76975	2066	8.6571	8.6571	13.8506
k141_96327	2468	5.8654	5.8654	11.5796
k141_49208	2029	13.1794	13.1794	35.241
k141_39522	1522	8.94023	8.94023	11.9789
k141_105103	2263	6.89446	6.89446	8.66932
k141_30235	2998	8.04916	8.04916	8.79711
k141_49210	1516	122.96	122.96	435.86
k141_1983	2971	8.39596	8.39596	19.2634
k141_96329	3020	11.3547	11.3547	16.1084
k141_96330	1768	7.82695	7.82695	11.1364
k141_49214	2432	7.26117	7.26117	14.2588
k141_1986	1928	6.15917	6.15917	12.0867
k141_39531	1618	6.78065	6.78065	11.5988
k141_105109	1523	13.6438	13.6438	33.518
k141_30236	6299	9.46219	9.46219	16.1028
k141_86725	46686	44.5516	44.5516	117.795
k141_58100	14236	19.5381	19.5381	44.4741
k141_30239	1529	7.28716	7.28716	19.5629
k141_49215	4794	8.79565	8.79565	15.3536
k141_86729	1541	8.57153	8.57153	5.70406
k141_96337	1601	5.95107	5.95107	14.3859
k141_30240	1606	5.29808	5.29808	7.15923
k141_39539	1969	8.13194	8.13194	10.3753
k141_1995	1514	10.3387	10.3387	19.7869
k141_11977	6024	7.30507	7.30507	11.0725
k141_76995	1931	6.18473	6.18473	12.8979
k141_49220	1724	8.44028	8.44028	13.1544
k141_58110	1633	7.47404	7.47404	10.9782
k141_30246	2551	9.06372	9.06372	22.9532
k141_11980	2989	9.89644	9.89644	19.2176
k141_58111	1987	10.3097	10.3097	35.5485
k141_86737	2954	6.99786	6.99786	20.3571
k141_96344	2360	7.35611	7.35611	10.2982
k141_1998	4498	11.1863	11.1863	18.8229
k141_76999	2545	12.0714	12.0714	24.9586
k141_58113	1624	6.6194	6.6194	12.9908
k141_1999	1743	5.91714	5.91714	7.49308
k141_86738	2677	8.18243	8.18283	21.2993
k141_39544	5272	9.6515	9.6517	15.5354
k141_49227	1943	6.84384	6.84384	13.8752
k141_2000	2207	12.9305	12.9305	21.4704
k141_30248	5321	6.09108	6.09108	10.2274
k141_86739	2544	19.0518	19.0518	35.9288
k141_49230	1753	6.69619	6.69619	19.013
k141_11985	5945	12.6739	12.6739	25.938
k141_86740	1733	7.57423	7.57423	6.34832
k141_58120	1629	7.7904	7.7904	16.5568
k141_96359	1636	5.49933	5.49933	5.95252
k141_58123	2259	7.22523	7.22523	20.5588
k141_39553	3857	5.22012	5.22012	6.18141
k141_96362	2206	4.47276	4.47276	4.95108
k141_58125	1809	7.85292	7.85292	10.7672
k141_77003	10375	13.5023	13.5023	28.958
k141_58127	1878	8.44792	8.44792	14.9458
k141_39559	2261	5.81715	5.81715	9.3466
k141_2018	2821	6.77312	6.77312	5.58294
k141_49238	5399	10.2298	10.2298	25.3092
k141_58130	1670	5.39276	5.39276	6.64418
k141_30255	9032	9.11551	9.11551	22.5122
k141_77007	4484	9.49792	9.49792	11.6832
k141_96372	2294	7.46315	7.46315	8.1209
k141_12008	1678	9.44437	9.44437	28.1568
k141_39565	4800	9.48366	9.48366	15.0592
k141_2025	1871	7.98838	7.98838	19.1336
k141_58135	2891	7.91755	7.91755	12.3319
k141_67815	57795	33.5877	33.5877	77.7785
k141_49246	1818	10.3915	10.3915	9.9204
k141_12010	2524	9.2818	9.2818	17.3117
k141_2026	2045	5.65805	5.65805	5.62431
k141_77011	3104	8.761	8.76134	14.3782
k141_39567	3141	8.3544	8.3544	13.3185
k141_86756	9194	9.94306	9.94306	28.2529
k141_67818	1779	9.85451	9.85513	9.9839
k141_30269	2167	10.9445	10.9445	15.0604
k141_58138	2541	8.0435	8.0435	14.9772
k141_49247	4884	9.18019	9.18019	12.8156
k141_39571	2345	6.60729	6.60729	10.8302
k141_77016	2251	8.53213	8.53213	22.647
k141_67823	1746	7.09336	7.09336	12.0621
k141_49248	2029	6.75838	6.75838	7.09599
k141_39573	1840	6.10947	6.10947	7.689
k141_12020	1911	6.33277	6.33277	8.25964
k141_67827	1571	6.23997	6.23997	10.1333
k141_49251	1940	8.55028	8.55028	19.2918
k141_58144	2548	5.21018	5.21018	4.8711
k141_77019	2598	6.69444	6.69444	7.67197
k141_30277	2299	8.5477	8.5477	10.0216
k141_39575	4838	7.86988	7.86988	15.305
k141_67829	3692	7.61152	7.61152	11.6581
k141_77022	1886	5.5144	5.5144	5.07068
k141_20439	57590	37.1692	37.1692	91.5161
k141_86769	5278	7.9374	7.9374	10.3361
k141_58146	6760	15.2747	15.2747	48.9632
k141_30285	2003	5.61738	5.61738	7.56247
k141_86771	2097	7.05033	7.05033	10.8732
k141_49260	2730	7.45039	7.45039	9.93271
k141_77025	2311	6.67099	6.67099	8.15973
k141_30286	1502	5.91272	5.91272	11.2404
k141_86772	1575	16.9853	16.9853	105.651
k141_20443	1572	5.56399	5.56399	5.21159
k141_96383	16899	11.6673	11.6673	23.2956
k141_58147	4646	9.31962	9.31962	17.9034
k141_2051	3866	58.4615	58.4615	178.539
k141_12032	8053	8.17614	8.17626	11.0865
k141_86778	2174	6.09289	6.09289	5.76502
k141_30289	3894	10.1595	10.1595	19.5742
k141_49270	1575	6.96912	6.96912	10.5398
k141_77035	2269	5.43605	5.43605	8.67668
k141_20452	2559	8.15152	8.15152	16.303
k141_30292	1552	48.4372	48.4372	758.57
k141_49274	1742	7.09359	7.09359	10.8442
k141_105117	57721	15.1439	15.1439	34.6044
k141_12043	1923	5.17484	5.17484	7.39267
k141_77036	3798	8.57347	8.57347	24.9849
k141_30293	2374	4.35612	4.35612	2.50918
k141_96395	3979	12.2609	12.2609	43.1396
k141_39585	12305	10.408	10.408	18.1049
k141_105122	2221	5.80686	5.80686	8.76081
k141_20460	2772	8.03471	8.03471	14.2618
k141_30296	2795	5.14556	5.14556	10.8091
k141_86783	10051	9.93677	9.93677	20.2208
k141_20461	2835	5.3486	5.3486	8.84391
k141_12044	7330	12.7234	12.7234	24.6027
k141_105126	2881	7.1245	7.1245	8.71568
k141_2067	7639	15.6002	15.6002	33.6982
k141_86785	3209	8.73553	8.73553	12.9866
k141_96409	1668	7.28129	7.28129	11.6381
k141_12045	2752	8.93543	8.93543	13.5474
k141_2071	1590	5.79236	5.79236	13.3141
k141_67830	29540	11.4188	11.4188	24.525
k141_86788	2180	7.20887	7.20887	8.82572
k141_39596	4260	14.2338	14.2338	33.8618
k141_86791	1895	5.96447	5.96447	3.78541
k141_12048	5620	11.017	11.017	28.8259
k141_77039	16846	22.8982	22.8982	189.315
k141_20463	10722	17.1784	17.1784	49.9185
k141_86796	1610	7.61438	7.61438	16.1767
k141_2072	10000	16.8907	16.8907	37.3981
k141_105143	3356	7.81659	7.81659	15.2705
k141_20464	1663	5.62525	5.62525	12.0255
k141_96413	8774	10.7116	10.7116	20.1916
k141_12053	1831	5.69661	5.69661	8.03534
k141_67834	7883	8.06013	8.06013	14.1968
k141_49279	22540	17.1992	17.1992	87.6383
k141_2076	1914	5.90306	5.90306	11.6203
k141_20467	1903	5.85739	5.85739	11.8334
k141_58164	19046	14.0097	14.0097	25.8863
k141_12054	3647	14.5676	14.5676	36.3419
k141_86806	1778	5.89742	5.89742	6.30847
k141_105148	3349	11.6083	11.6083	19.1991
k141_58167	1702	4.56057	4.56121	6.68101
k141_67838	5596	8.43114	8.43114	17.0899
k141_105151	1600	8.54483	8.54483	30.6994
k141_2082	3743	8.12636	8.12636	10.5251
k141_30303	21906	15.6783	15.6783	38.4563
k141_49281	9728	21.9636	21.9636	68.7647
k141_12065	2820	7.65768	7.65768	8.20879
k141_105157	1621	7.09993	7.09993	9.40704
k141_96428	3882	7.6388	7.6388	9.91885
k141_30309	1947	6.24096	6.24096	7.76644
k141_58176	1720	7.30701	7.30701	5.4456
k141_96430	3650	21.4069	21.4069	78.7075
k141_12072	1993	8.27075	8.2713	11.3823
k141_105159	3614	7.2347	7.2347	13.4409
k141_30310	3653	10.2141	10.2141	17.4665
k141_58179	2703	10.944	10.944	13.9086
k141_12075	3017	8.46634	8.46634	9.53088
k141_105163	1925	7.98479	7.98479	15.4897
k141_20487	4595	8.3703	8.37053	16.0398
k141_2106	1714	6.17903	6.17903	14.101
k141_58182	3927	7.89304	7.89304	9.85666
k141_67841	14492	29.9069	29.9069	194.159
k141_30320	1592	5.28017	5.28017	2.74035
k141_49289	13889	14.0668	14.0668	37.9749
k141_20496	1586	5.63997	5.63997	6.36293
k141_58186	1607	9.50309	9.50309	12.8573
k141_49291	1901	4.12336	4.12336	2.50135
k141_12083	5998	70.915	70.915	429.687
k141_96440	6049	27.7822	27.7822	65.5231
k141_67849	1703	3.81455	3.81455	6.41789
k141_2108	5600	7.49486	7.49486	14.1241
k141_30328	2627	4.70206	4.70206	9.50395
k141_58190	3219	7.56109	7.56109	11.6584
k141_96446	1958	12.1399	12.1399	22.3981
k141_12087	2180	6.04335	6.04335	8.31846
k141_20507	1616	5.74079	5.74079	6.99484
k141_49298	6412	10.545	10.545	19.3671
k141_105181	6768	7.74388	7.74388	12.9339
k141_20518	2755	9.25106	9.25106	17.0899
k141_96453	4885	13.0777	13.0777	31.566
k141_67851	11715	10.3945	10.3945	23.0337
k141_2121	8335	12.849	12.849	23.9917
k141_20525	1698	5.21835	5.21835	8.21082
k141_58202	8986	14.7658	14.7658	34.384
k141_49318	2931	10.5642	10.5645	16.9101
k141_67857	2356	9.56346	9.56346	11.8725
k141_58205	1922	7.86061	7.86061	8.46223
k141_86807	47394	25.0826	25.0826	62.9819
k141_49319	3440	6.76261	6.76261	14.9194
k141_20534	1891	9.00402	9.00402	18.2097
k141_67860	3514	11.9685	11.9685	30.033
k141_49320	3009	10.9437	10.9437	19.2973
k141_49321	1527	4.43355	4.43355	7.30101
k141_20536	2141	8.19438	8.19488	10.5419
k141_12105	12590	10.2362	10.2362	24.4947
k141_2132	3700	6.6893	6.6893	13.2563
k141_67861	2691	24.9118	24.9118	152.704
k141_49322	1877	7.0747	7.0747	13.0078
k141_96455	14322	9.74111	9.74111	20.0557
k141_20538	3226	7.13622	7.13622	14.6503
k141_2136	1600	8.77103	8.77103	15.7419
k141_96457	1745	4.33793	4.33793	4.68308
k141_86823	1564	44.669	44.669	179.521
k141_96459	1663	4.89425	4.89425	5.51528
k141_67871	1516	6.72401	6.72401	16.6468
k141_20543	1540	4.57554	4.57554	3.56053
k141_12113	4118	10.4229	10.4229	20.37
k141_105189	21490	14.6921	14.6921	30.0921
k141_67872	3322	5.41866	5.41866	6.77953
k141_49335	1775	89.7212	89.7212	1164.91
k141_96465	2196	8.38416	8.38416	11.6607
k141_67875	1739	8.5966	8.5966	7.3076
k141_49337	2005	10.71	10.71	34.6675
k141_30329	36560	17.369	17.369	37.8981
k141_20547	6229	10.3285	10.3285	23.8061
k141_49338	4031	12.1051	12.1051	41.8271
k141_105193	5725	10.8945	10.8945	21.2371
k141_58210	21745	14.5721	14.5721	37.7104
k141_67883	1857	7.3597	7.3597	5.87757
k141_49341	2031	16.2212	16.2212	75.9055
k141_20554	2520	9.48987	9.48987	26.2536
k141_67884	2128	8.97219	8.97219	11.3807
k141_86839	4785	9.83172	9.83172	17.3691
k141_30340	2808	6.01768	6.01768	8.7715
k141_20555	2654	13.5327	13.5327	41.6818
k141_49344	2824	6.2528	6.2528	9.02159
k141_86846	1839	9.62937	9.62996	12.8292
k141_2139	18792	12.6137	12.6137	18.4083
k141_49348	1736	6.76419	6.76419	6.00494
k141_67887	6322	9.60191	9.60191	13.747
k141_105206	2606	6.72557	6.72557	12.162
k141_96491	3076	5.57211	5.57211	6.10812
k141_96492	1571	5.68825	5.68825	3.5992
k141_2146	1522	6.62828	6.62828	12.3168
k141_12137	12647	10.1965	10.1965	23.7675
k141_58221	12257	90.3631	90.3631	305.584
k141_12139	1680	5.78431	5.78431	8.11038
k141_20566	8373	10.3417	10.3417	27.5537
k141_49358	4773	10.8981	10.8981	17.9469
k141_58224	2868	16.8389	16.8389	58.0792
k141_96502	1754	4.2419	4.2419	5.82542
k141_67908	2456	9.12663	9.12663	27.4781
k141_105217	4692	8.31066	8.31066	10.493
k141_58225	2737	8.71241	8.71241	13.679
k141_49362	1709	6.20975	6.20975	4.01052
k141_2147	9817	15.4987	15.4987	35.8758
k141_12146	2802	6.57655	6.57655	7.51318
k141_67916	1827	7.07812	7.07812	6.43475
k141_86864	10102	10.6343	10.6343	18.7598
k141_20574	3313	5.38571	5.38571	9.65802
k141_96515	1619	9.00817	9.00817	8.4564
k141_58228	2870	9.26103	9.26103	21.9767
k141_12149	3114	6.15182	6.15182	11.5922
k141_67919	2061	9.42491	9.42491	40.5691
k141_49373	1525	7.70109	7.70109	22.5983
k141_96517	3713	5.3991	5.3991	7.55774
k141_12150	1892	7.04191	7.04191	8.64903
k141_49374	1527	5.99782	5.99782	9.39764
k141_20577	3582	23.0224	23.0224	141.792
k141_12151	1552	6.801	6.801	7.16171
k141_86867	3779	9.47754	9.47754	16.6388
k141_105232	2273	7.60339	7.60339	10.2602
k141_96518	2988	7.7234	7.7234	9.25832
k141_58233	2018	4.87259	4.87259	4.58362
k141_105233	1955	7.53352	7.53352	23.0018
k141_2154	5860	12.6292	12.6292	41.0846
k141_86871	1574	5.94031	5.94031	8.05337
k141_67923	4228	12.1474	12.1474	32.5633
k141_20584	1928	6.80709	6.80709	11.7754
k141_2160	2640	8.63173	8.63173	17.8478
k141_49379	1624	7.31954	7.31954	4.49998
k141_58238	4258	6.60711	6.60711	14.1446
k141_12155	5615	12.4873	12.4873	33.6948
k141_77042	130332	31.4392	31.4392	106.545
k141_86872	8072	11.1415	11.1415	17.7027
k141_58240	3279	11.2176	11.2176	19.7374
k141_49383	5309	8.66447	8.66466	12.9818
k141_77044	2451	4.98696	4.98696	4.39289
k141_96520	13123	20.1072	20.1072	54.1192
k141_86875	1732	6.35398	6.35398	6.32491
k141_77047	1660	6.05099	6.05099	7.51298
k141_86876	1555	6.06548	6.06548	5.92307
k141_2169	3651	12.2705	12.2705	24.7288
k141_58241	2399	7.57848	7.57848	13.5285
k141_49385	1935	9.67955	9.67955	14.914
k141_96522	3034	9.5527	9.5527	18.6533
k141_58242	1712	6.74648	6.74648	6.91326
k141_12160	5028	9.40959	9.40959	19.6078
k141_2173	2422	7.57835	7.57835	13.4813
k141_20591	7122	8.11173	8.11173	15.635
k141_96530	1560	5.42766	5.42766	9.92982
k141_86881	2980	8.44912	8.44947	19.6225
k141_2174	4364	12.135	12.135	26.7793
k141_86883	1987	8.81873	8.81873	14.6409
k141_12173	2291	6.3503	6.3503	10.6698
k141_2179	2538	12.626	12.626	41.2532
k141_96541	1831	10.32	10.32	29.9428
k141_20598	5409	12.1921	12.1921	32.9183
k141_58264	2906	7.29898	7.29898	10.5429
k141_96545	2557	7.16909	7.16909	7.01254
k141_20604	1759	6.02175	6.02175	8.93425
k141_12180	3614	9.11461	9.11461	11.9894
k141_12181	1701	6.94649	6.94649	9.64944
k141_20608	2013	8.635	8.635	15.1203
k141_96551	2449	8.21096	8.21096	18.0821
k141_58278	2004	8.02265	8.02265	13.8451
k141_86886	14899	11.1873	11.1873	19.4994
k141_105239	35369	29.4783	29.4783	69.5502
k141_49396	19575	31.1185	31.1185	288.361
k141_2200	1885	5.00922	5.00922	7.89151
k141_20618	1670	8.67039	8.67039	11.6945
k141_96560	2792	7.11847	7.11847	8.19612
k141_2204	1506	8.98746	8.9882	19.1941
k141_105241	3168	11.1359	11.1359	25.6614
k141_86891	4247	10.6471	10.6471	23.5419
k141_20619	3135	7.7799	7.7799	21.2321
k141_49397	5831	10.8849	10.8849	23.4283
k141_105243	1704	7.40412	7.40412	11.664
k141_58279	10001	10.3506	10.3506	20.1781
k141_105244	1744	5.09097	5.09097	10.3263
k141_67935	42517	19.3317	19.3317	55.8444
k141_2212	2897	38.403	38.403	873.519
k141_58284	1619	7.63717	7.63717	8.07331
k141_12188	15673	13.2832	13.2832	23.1891
k141_86903	3121	8.87984	8.88017	13.0691
k141_20632	1878	5.36227	5.36227	12.1082
k141_105256	1909	7.3701	7.3701	8.83386
k141_58291	2219	8.11117	8.11117	11.9218
k141_12191	4924	6.49958	6.49958	7.47436
k141_105259	1824	5.58722	5.58722	8.47087
k141_86906	2798	10.628	10.628	11.4245
k141_2226	1599	4.37474	4.37474	5.59225
k141_67945	2824	13.2427	13.2427	25.8029
k141_58294	1642	8.62399	8.62399	16.5753
k141_96567	13833	25.7242	25.7242	114.252
k141_2228	2223	6.20646	6.20646	6.78261
k141_20644	2809	7.7578	7.7578	13.2076
k141_49403	11382	10.6328	10.6328	24.1045
k141_20646	1849	8.07416	8.07416	11.2112
k141_58299	1533	3.78525	3.78525	0.967602
k141_2230	2495	7.43326	7.43326	9.13298
k141_86917	1616	8.1412	8.1412	11.8155
k141_49406	3717	9.63891	9.63891	28.645
k141_96576	2129	4.69328	4.69328	10.785
k141_58300	4600	10.4225	10.4225	25.817
k141_49408	2122	9.22464	9.22464	13.4012
k141_105270	5728	11.6253	11.6253	20.9729
k141_30342	98584	20.4713	20.4713	51.7102
k141_12194	12873	10.6731	10.6731	27.0996
k141_67956	4686	8.69731	8.69731	17.3933
k141_49409	2828	8.61501	8.61501	14.5327
k141_105271	2395	7.09577	7.09577	14.01
k141_96581	1622	57.7982	57.7982	1201.67
k141_58302	5013	10.8246	10.8246	24.8901
k141_105276	1515	6.92454	6.92454	22.9422
k141_20660	2746	9.04892	9.04892	17.7263
k141_96585	1971	5.0324	5.0324	4.25554
k141_30353	1629	8.1075	8.1075	12.184
k141_86918	13843	10.373	10.373	22.4532
k141_58307	1769	7.07227	7.07227	9.9124
k141_12196	6170	7.57691	7.57691	11.4231
k141_20666	2000	9.00595	9.00595	15.7971
k141_86919	2684	13.9148	13.9148	29.8601
k141_96587	3776	10.6726	10.6726	19.2825
k141_105280	3721	11.6127	11.6127	14.1388
k141_30355	2532	9.13224	9.13224	22.576
k141_86920	1898	5.41934	5.41934	4.98203
k141_67971	3147	8.19887	8.1992	15.4817
k141_77061	61780	15.4937	15.4937	32.1125
k141_86924	1673	8.29087	8.29087	14.0606
k141_96588	4734	11.1477	11.1477	20.6847
k141_30358	1733	6.55022	6.55022	6.12751
k141_12206	1680	7.2366	7.2366	11.7426
k141_77063	1872	5.07027	5.07027	7.72368
k141_105281	6702	9.8431	9.8431	15.3487
k141_67975	4071	8.41188	8.41188	14.5938
k141_30365	1697	15.2877	15.2877	69.081
k141_20679	2968	5.22179	5.22214	4.18
k141_77066	2361	11.1072	11.1072	34.8614
k141_96591	3906	7.09851	7.09851	10.9606
k141_12214	1684	8.68057	8.68057	14.4093
k141_2242	18628	12.4002	12.4002	24.9361
k141_105284	4081	7.8929	7.8929	17.4026
k141_49412	21181	19.1925	19.1925	51.7914
k141_2243	1749	5.94371	5.94371	8.37101
k141_30368	3471	7.44234	7.44234	8.26651
k141_77069	3435	7.37595	7.37595	7.85617
k141_12218	1872	6.97561	6.97561	14.0249
k141_86927	10864	15.815	15.815	39.2053
k141_30369	1828	5.44517	5.44517	9.38609
k141_58315	14743	11.793	11.793	26.3065
k141_105288	1533	3.31526	3.31526	2.11761
k141_67976	7741	9.21328	9.21328	16.0809
k141_77070	2052	9.20925	9.20925	16.0466
k141_49419	1571	5.95144	5.95144	7.20259
k141_96595	5503	9.55296	9.55296	16.2857
k141_86931	1770	8.92037	8.92037	22.528
k141_30374	1740	5.26541	5.26541	5.28505
k141_96599	1637	8.69536	8.69536	13.453
k141_58320	2327	10.4525	10.4525	31.2313
k141_86933	1796	4.87242	4.87242	6.47489
k141_20684	10132	10.5232	10.5232	20.6648
k141_49426	2014	7.30472	7.30472	16.4568
k141_58322	1948	7.28198	7.28198	15.5926
k141_86934	2354	8.03947	8.03947	11.2735
k141_20686	2424	11.3412	11.3412	14.6445
k141_30375	6549	13.7296	13.7296	20.3493
k141_30377	1834	4.98931	4.98931	6.04146
k141_49427	4867	24.191	24.191	126.324
k141_105305	1899	6.41567	6.41567	8.49589
k141_20690	3405	9.97696	9.97727	20.3553
k141_58332	1984	9.36314	9.36314	17.0869
k141_20691	1804	5.2769	5.2769	6.32374
k141_77089	1675	5.83934	5.83934	10.0799
k141_105310	2366	5.85514	5.85514	7.98392
k141_30380	7006	11.8784	11.8784	26.3818
k141_58334	3183	7.45664	7.45664	12.797
k141_105311	2147	40.1547	40.1547	97.5547
k141_20695	1966	10.7627	10.7627	20.8809
k141_2261	13685	16.1718	16.1718	32.5972
k141_96605	12753	13.7801	13.7801	29.0632
k141_86937	12356	14.4789	14.4789	30.2832
k141_96606	1718	4.8074	4.8074	5.85827
k141_2264	1869	15.5672	15.5672	41.1329
k141_86940	1744	29.8206	29.8206	131.117
k141_105313	4535	11.971	11.971	30.4194
k141_58339	4600	23.116	23.116	314.841
k141_49439	4771	11.2993	11.2993	29.0348
k141_96609	3820	10.0673	10.0673	23.239
k141_77106	2313	10.5599	10.5599	50.3738
k141_30390	7898	10.4466	10.4466	28.6981
k141_20704	6842	9.36417	9.36417	18.6159
k141_105324	1889	6.51639	6.51639	7.8989
k141_67983	28630	20.7715	20.7715	55.2215
k141_2283	1511	8.8795	8.8795	21.059
k141_58345	6256	7.81248	7.81248	10.2841
k141_96616	3705	6.61266	6.61266	11.2728
k141_49441	7447	8.92422	8.92422	13.8867
k141_20709	2316	6.06279	6.06279	7.08151
k141_58346	1919	5.26908	5.26908	5.93315
k141_105326	3561	8.87863	8.87863	14.2005
k141_86944	10044	14.478	14.478	39.0574
k141_30398	1839	6.48727	6.48727	10.5118
k141_96619	1811	7.65141	7.65141	13.6429
k141_77116	5472	8.04453	8.04453	15.0972
k141_49443	3190	6.01184	6.01184	10.3525
k141_30399	2380	7.19552	7.19552	11.1398
k141_86947	1577	12.1107	12.1107	21.3398
k141_58350	1821	20.216	20.216	20.1599
k141_2287	6606	8.61416	8.61416	15.8878
k141_96623	2405	5.62528	5.62528	11.9407
k141_30401	1559	6.32505	6.32505	9.35592
k141_86950	1507	11.031	11.031	21.2055
k141_49444	2436	12.4081	12.4081	26.3345
k141_67998	1638	8.02554	8.02554	20.4149
k141_2289	1898	4.90446	4.90446	7.71095
k141_105328	9074	9.65341	9.65341	15.4571
k141_2291	3152	7.2565	7.2565	14.0621
k141_49449	1651	4.40107	4.40173	5.29788
k141_30407	2298	8.30214	8.30214	11.1798
k141_12223	46240	13.7538	13.7538	26.6357
k141_77136	1650	5.17667	5.17667	4.79536
k141_96635	1623	4.5981	4.59878	6.4442
k141_12224	1895	5.34842	5.34842	10.398
k141_96636	2277	7.0992	7.0992	22.1047
k141_68005	2003	10.5148	10.5148	30.9951
k141_86961	2498	29.4438	29.4438	37.1205
k141_77139	3264	8.01638	8.01638	16.5076
k141_12225	3368	10.1706	10.1706	28.2981
k141_58359	8819	11.152	11.152	19.3212
k141_49463	2140	6.65075	6.65075	12.7704
k141_105343	1577	3.84793	3.84793	4.19073
k141_86964	2601	10.5777	10.5777	23.7354
k141_2296	8160	11.8207	11.8207	30.9036
k141_68011	2642	53.9755	53.9755	255.16
k141_77143	4180	13.633	13.633	28.7486
k141_30417	6659	11.8571	11.8571	24.8926
k141_58361	5032	8.03974	8.03974	13.8225
k141_12237	2642	6.89687	6.89687	12.9042
k141_30419	2279	6.04838	6.04838	8.83746
k141_96643	5902	9.60901	9.60901	16.1376
k141_49465	7436	9.94181	9.94181	26.0159
k141_58363	2677	8.16977	8.16977	16.308
k141_12238	1733	9.76816	9.76879	17.2222
k141_77150	2549	5.97666	5.97666	8.16862
k141_49466	1534	5.03757	5.03757	4.60884
k141_68014	3250	6.66355	6.66355	10.533
k141_86967	7884	10.0294	10.0294	16.889
k141_105356	3253	13.826	13.826	44.2527
k141_30423	2951	7.69618	7.69618	12.0479
k141_86968	1700	14.2284	14.2284	29.3871
k141_12241	2448	7.02393	7.02393	14.9926
k141_2299	11243	10.37	10.37	18.0847
k141_96644	4947	55.2418	55.2418	531.389
k141_68019	1879	5.41006	5.41006	11.4168
k141_12243	2099	5.0313	5.0313	8.23051
k141_86975	2634	7.03663	7.03663	15.9129
k141_105364	2338	9.22578	9.22578	11.5256
k141_49471	3508	9.41334	9.41334	15.7695
k141_58375	1997	5.38549	5.38549	3.09393
k141_2302	3364	9.73678	9.73678	16.3676
k141_12245	2931	7.17907	7.17907	5.45066
k141_30428	3937	16.5273	16.5273	45.7113
k141_30429	2186	11.8227	11.8227	31.0008
k141_96654	3819	7.12483	7.12483	8.16925
k141_105368	4361	16.7632	16.7632	40.3998
k141_2308	1806	5.9843	5.9843	7.19616
k141_30430	1724	107.704	107.704	1446.3
k141_12256	1791	6.06764	6.06764	9.26305
k141_58383	4078	8.98065	8.98065	16.8353
k141_96657	2266	9.53261	9.53261	22.577
k141_68033	3788	8.19709	8.19709	15.4006
k141_2314	2257	55.7456	55.7456	193.782
k141_86989	3833	9.68368	9.68368	18.104
k141_2315	1767	4.87941	4.87941	4.79674
k141_96662	1594	7.23199	7.23199	14.2586
k141_58387	1754	8.06172	8.06172	11.2545
k141_12263	1813	5.94167	5.94167	5.43281
k141_68038	2215	7.42179	7.42179	11.492
k141_86993	2234	6.012	6.012	6.71466
k141_96664	2869	5.71092	5.71092	8.74071
k141_49474	16367	11.6311	11.6311	19.058
k141_77152	25477	16.8953	16.8953	36.2404
k141_58396	1747	7.63557	7.63557	20.5714
k141_68042	4102	15.957	15.957	30.6279
k141_105379	9939	10.6588	10.6588	17.1673
k141_96668	4484	7.02677	7.02677	8.51993
k141_12277	2481	5.41742	5.41785	10.3696
k141_86994	9113	15.0109	15.0109	33.6354
k141_77160	1506	6.66003	6.66003	5.30796
k141_105385	1811	39.2378	39.2378	108.161
k141_49481	3175	8.87537	8.87537	20.2128
k141_96672	2549	7.63526	7.63526	14.6173
k141_49482	1607	10.849	10.849	13.5418
k141_86997	1942	7.05692	7.05692	13.1984
k141_2323	12482	13.575	13.575	28.287
k141_77163	2686	8.01262	8.01262	13.5967
k141_58405	2599	9.11964	9.11964	27.3747
k141_68044	10267	10.4135	10.4136	18.7578
k141_96675	4355	9.03329	9.03329	15.1029
k141_77167	1750	4.84812	4.84812	3.87996
k141_105395	1662	8.90079	8.90079	21.1391
k141_49486	2689	5.37968	5.38007	5.16952
k141_12291	1945	5.48914	5.48914	8.80856
k141_96678	1770	5.74815	5.74815	8.40847
k141_58409	2931	5.85868	5.85868	10.6875
k141_77171	2267	8.3368	8.3368	19.9843
k141_58412	1607	7.61633	7.61633	12.0333
k141_87007	2485	7.69893	7.69893	11.5772
k141_105402	2590	8.47664	8.47664	13.2229
k141_58414	1801	6.89158	6.89158	8.66397
k141_2327	8946	20.7053	20.7053	135.044
k141_105403	1598	7.45718	7.45718	13.2518
k141_77175	4982	8.53891	8.53891	19.6819
k141_96689	2801	6.24783	6.24783	9.4023
k141_58418	1589	12.6247	12.6247	36.0205
k141_87014	2434	5.17032	5.17032	4.10368
k141_49504	1891	9.50488	9.50488	27.4583
k141_12299	4748	9.6716	9.6716	17.0332
k141_105406	2418	5.15168	5.15168	9.13085
k141_49505	1669	9.33377	9.33377	12.5308
k141_96693	2383	6.45231	6.45231	5.98703
k141_2333	1739	8.76086	8.76086	9.6531
k141_12301	2073	5.26365	5.26365	7.55729
k141_96696	2203	5.434	5.434	5.0401
k141_105412	2972	7.78349	7.78349	17.782
k141_77183	2933	9.02443	9.02443	23.118
k141_2341	1936	5.12766	5.12766	7.4526
k141_105413	1601	5.42247	5.42316	3.25943
k141_2342	1957	8.36857	8.36857	14.4178
k141_58429	4538	94.8571	94.8571	732.269
k141_49515	8821	10.8964	10.8964	22.2656
k141_105416	1971	6.58484	6.58484	6.52754
k141_87017	11731	10.6025	10.6025	19.9578
k141_30432	50841	19.4224	19.4224	50.5122
k141_87019	1652	4.94674	4.94674	5.22966
k141_49517	2874	9.07269	9.07269	17.4526
k141_77185	6402	11.7946	11.7946	18.7214
k141_96710	6970	10.2176	10.2176	16.6944
k141_2343	9297	7.09555	7.09555	9.83677
k141_58436	2340	6.73425	6.73425	8.93622
k141_12319	3137	8.11316	8.11316	17.855
k141_68045	29996	11.7796	11.7796	23.5296
k141_96714	2360	5.14706	5.14706	4.733
k141_87028	1683	12.5897	12.5897	188.416
k141_2345	5630	9.98157	9.98157	19.341
k141_68051	2074	5.01767	5.01767	13.1832
k141_2346	2220	5.78986	5.78986	12.0402
k141_20711	101193	32.6396	32.6396	80.0367
k141_105433	2733	9.59466	9.59504	21.2017
k141_49525	6828	9.80114	9.80114	14.5508
k141_77187	7400	15.1295	15.1295	32.9161
k141_87038	2119	11.4865	11.4865	40.7235
k141_12333	2004	5.49029	5.49029	10.8124
k141_49526	3605	8.9508	8.95109	13.1779
k141_105434	3294	10.0439	10.0439	15.0861
k141_96729	3903	8.20144	8.20144	16.0027
k141_2353	1602	6.6405	6.6405	5.28348
k141_12336	1522	6.70991	6.70991	14.8378
k141_77192	1648	7.55073	7.55073	8.02714
k141_87039	2445	8.52723	8.52723	21.5063
k141_68054	4042	8.40596	8.40622	25.1813
k141_2355	1538	5.62968	5.62968	3.96802
k141_105436	2531	7.33725	7.33725	6.81263
k141_20727	1976	7.42935	7.42935	13.6236
k141_77194	2302	8.03485	8.03532	12.5017
k141_87042	1659	7.10868	7.10868	8.65664
k141_105438	2376	13.836	13.836	65.3422
k141_12349	1834	9.95428	9.95428	20.6306
k141_87045	3135	8.67672	8.67672	14.2798
k141_20729	4112	8.9629	8.9629	15.0013
k141_12351	2533	8.4465	8.4465	7.73338
k141_96743	3824	7.68917	7.68917	17.3517
k141_49542	2577	10.6877	10.6877	21.5898
k141_105444	5128	10.0952	10.0952	16.0149
k141_68068	4064	7.67578	7.67578	9.32603
k141_58439	24043	15.9216	15.9216	38.8737
k141_87049	2518	8.1609	8.1609	12.5956
k141_96749	1947	6.0562	6.0562	9.41278
k141_12355	4527	9.13617	9.13617	15.5376
k141_49545	3813	9.55556	9.55556	17.2524
k141_20735	2362	6.23599	6.23599	8.87154
k141_105449	1713	4.74216	4.7428	3.816
k141_77210	1692	8.73411	8.73411	18.1979
k141_2362	16965	14.2578	14.2578	25.5483
k141_12360	1572	7.49648	7.49648	14.8905
k141_20738	1850	6.60882	6.60882	12.8328
k141_96755	1995	10.2244	10.2244	17.8564
k141_49552	1755	4.3676	4.3676	3.31614
k141_2363	2522	8.56408	8.56408	17.0273
k141_68076	2146	5.03156	5.03156	4.86362
k141_20740	2837	18.2453	18.2453	29.4213
k141_87057	4018	10.1176	10.1176	22.5547
k141_105452	6449	11.3761	11.3761	19.1586
k141_58445	7116	11.3348	11.3348	20.8773
k141_49561	1787	11.6585	11.6585	19.368
k141_2369	2043	7.1009	7.1009	8.89626
k141_105454	3009	8.6121	8.61245	10.5769
k141_20751	1956	6.33666	6.33666	15.6228
k141_58452	2013	18.737	18.737	70.4095
k141_49565	2504	7.20051	7.20051	11.7745
k141_68085	2275	7.49224	7.49224	11.2265
k141_2372	2704	9.10807	9.10807	15.8474
k141_96768	5108	9.0119	9.0119	15.2173
k141_49568	1990	6.58315	6.58315	8.14202
k141_87067	3323	9.9521	9.9521	17.5897
k141_58456	1626	6.56301	6.56301	11.5317
k141_2375	2741	10.3744	10.3744	18.5516
k141_49570	2525	7.216	7.216	14.701
k141_96769	4487	9.46253	9.46253	21.7592
k141_87070	1827	7.30292	7.30292	13.3831
k141_2379	1753	5.665	5.665	12.5501
k141_58459	5601	12.8094	12.8094	24.0909
k141_96773	1853	18.2595	18.2595	62.2288
k141_105465	5339	10.5354	10.5354	22.5215
k141_12393	1930	3.68315	3.68315	3.41164
k141_20763	1712	4.60051	4.60051	2.93191
k141_87075	2944	10.7316	10.7316	16.0912
k141_12395	1927	6.4592	6.4592	6.15723
k141_105466	2589	6.88602	6.88602	11.992
k141_2381	5865	7.84129	7.84129	14.536
k141_68091	9344	14.5346	14.5346	40.0725
k141_20766	1809	8.79747	8.79747	17.0518
k141_105468	2572	4.98142	4.98142	4.36594
k141_12397	2167	7.81061	7.81061	10.2388
k141_68093	1681	8.04442	8.04442	26.6739
k141_20767	1589	9.51494	9.51494	25.4224
k141_87079	4266	9.75875	9.75875	18.326
k141_20768	2175	9.44839	9.44839	42.6844
k141_49594	1905	6.87464	6.87464	8.5122
k141_87081	1587	6.42241	6.42241	10.3458
k141_96782	3620	12.6865	12.6865	30.4354
k141_105471	2202	7.30409	7.30409	8.34628
k141_87082	2046	8.92933	8.92933	20.639
k141_96784	2063	6.5426	6.5426	9.68854
k141_58475	4578	7.79336	7.79336	12.7884
k141_105472	2667	14.5975	14.5975	122.889
k141_68103	1744	8.84191	8.84253	17.2652
k141_2389	8460	20.4605	20.4605	53.5943
k141_68105	1525	9.55564	9.55564	14.1204
k141_58476	4854	11.1137	11.1137	22.5733
k141_105479	2084	10.9948	10.9948	25.9719
k141_87089	4733	7.42003	7.42003	12.5082
k141_96798	1665	6.28647	6.28647	5.6748
k141_68110	2411	7.12649	7.12649	11.4548
k141_68111	1740	10.6415	10.6415	20.5435
k141_87092	3208	11.3463	11.3463	23.0259
k141_96799	5790	8.8789	8.8789	16.5907
k141_68114	2284	6.37254	6.37254	12.222
k141_105484	5378	9.09813	9.09813	17.7089
k141_49615	2543	7.48517	7.48517	18.9547
k141_96801	3766	13.6936	13.6936	27.6886
k141_68116	3989	6.92732	6.92732	9.49164
k141_2404	5177	11.9745	11.9745	32.5872
k141_105490	2948	5.82773	5.82773	4.24636
k141_12400	23376	14.5928	14.5928	32.1912
k141_20769	25445	15.8712	15.8712	29.4873
k141_96803	2019	24.4794	24.4794	65.4415
k141_68119	1979	14.7135	14.7135	33.5285
k141_96804	1648	12.1736	12.1736	21.9886
k141_49617	5347	17.4012	17.4012	40.47
k141_96807	1645	9.03813	9.03813	16.9767
k141_68124	2216	8.82575	8.82575	19.2142
k141_96811	1631	11.0331	11.0331	19.0482
k141_68126	2126	11.1538	11.1538	11.3747
k141_49627	1662	7.50397	7.50397	14.4394
k141_12412	2627	7.22325	7.22325	15.1509
k141_96813	1811	8.66827	8.66827	15.7953
k141_68128	2317	6.73466	6.73466	11.3132
k141_49630	1629	6.1474	6.1474	10.5778
k141_12416	1694	6.96891	6.96891	8.67564
k141_2421	2175	8.8158	8.8158	26.0002
k141_20773	9793	17.5948	17.5948	57.6274
k141_49631	2911	9.59471	9.59471	11.1635
k141_2425	1960	5.01326	5.01326	6.16564
k141_68130	5964	9.25576	9.25576	14.7736
k141_105491	18133	12.0866	12.0866	32.9163
k141_20777	3864	8.38234	8.38234	10.1337
k141_96826	1662	4.68518	4.68585	4.27517
k141_2427	3841	9.80141	9.80141	16.8544
k141_105495	2117	5.17234	5.17234	6.22009
k141_12428	2008	8.73036	8.73036	13.7416
k141_68135	4236	7.77998	7.77998	19.3938
k141_49643	6837	10.0544	10.0544	16.854
k141_105496	6416	14.922	14.922	24.1628
k141_20794	1525	41.0509	41.0509	181.292
k141_2442	1538	15.1297	15.1297	30.1621
k141_68148	1525	6.94036	6.94036	6.19878
k141_20796	1621	18.8579	18.8579	58.711
k141_77217	82494	38.1531	38.1531	89.9123
k141_49652	2079	6.59876	6.59876	4.54638
k141_12443	1779	5.37815	5.37815	7.54983
k141_77218	1897	6.0601	6.0601	6.85037
k141_12446	1962	4.60817	4.60817	3.22022
k141_49655	1979	19.737	19.737	49.578
k141_20802	1837	5.31832	5.31832	6.86374
k141_2449	2366	6.54693	6.54693	9.85333
k141_105507	3744	9.91068	9.91068	15.5999
k141_68158	1921	8.66685	8.66685	12.655
k141_49656	1670	5.42105	5.42105	4.48751
k141_77223	2257	6.79924	6.79924	9.99335
k141_96829	19546	13.1799	13.1799	29.2151
k141_58480	53565	19.8843	19.8843	48.8003
k141_20805	2248	7.96806	7.96806	10.2455
k141_68162	1571	3.62843	3.62843	2.10549
k141_49660	1857	6.38723	6.38723	10.6372
k141_77224	3235	6.34165	6.34165	8.36757
k141_105514	2923	6.53336	6.53336	6.53108
k141_49663	1666	4.46438	4.46438	4.84032
k141_96837	1730	8.31772	8.31772	13.8281
k141_2460	4421	13.9555	13.9555	25.5056
k141_96839	1965	9.93829	9.93829	30.6181
k141_20816	2289	5.60729	5.60729	10.637
k141_87099	61533	17.9029	17.9029	48.174
k141_96844	1918	9.90894	9.90894	15.9401
k141_39597	502181	45.7825	45.7825	126.485
k141_20823	2624	6.08124	6.08124	10.1992
k141_39598	1815	8.41802	8.41802	16.6833
k141_96845	4124	8.27227	8.27227	18.86
k141_68180	7670	45.6528	45.6528	209.843
k141_77243	1561	7.13678	7.13678	12.1054
k141_87103	1836	15.4081	15.4081	59.1984
k141_68184	1748	6.22153	6.22153	14.7988
k141_39605	1901	9.23587	9.23644	19.8103
k141_12484	2571	6.37257	6.37257	7.72728
k141_39606	2250	14.2648	14.2648	25.383
k141_87107	4534	12.5203	12.5203	24.6812
k141_12485	2078	9.66442	9.66442	9.4696
k141_68190	1763	6.6708	6.6708	9.76815
k141_87108	1843	6.83402	6.83402	11.0002
k141_77253	2978	10.0184	10.0184	18.435
k141_20833	5918	7.86581	7.86581	17.2955
k141_39610	2089	7.15936	7.15936	18.969
k141_87109	3483	8.54005	8.54005	12.9382
k141_68194	2749	11.3247	11.3247	25.1371
k141_12499	2786	7.64454	7.64454	12.0615
k141_87112	4126	7.27163	7.27163	12.3675
k141_68197	1812	6.91215	6.91215	9.99224
k141_39618	3254	9.85374	9.85374	21.4068
k141_20845	5490	10.1573	10.1573	16.3821
k141_2462	36273	30.7617	30.7617	93.767
k141_49667	35076	18.5634	18.5634	36.3321
k141_105515	38251	15.0289	15.0289	35.3215
k141_20846	2820	8.50412	8.50412	8.45536
k141_87125	3789	43.9665	43.9665	206.258
k141_12502	9108	12.5954	12.5954	25.5634
k141_68210	2792	10.788	10.788	37.7203
k141_77258	15931	63.6621	63.6621	260.607
k141_12503	2026	6.20309	6.20309	7.10483
k141_20850	3114	9.21727	9.21727	16.8026
k141_87130	2068	9.38217	9.38217	16.0347
k141_2472	2517	5.95775	5.95775	6.39297
k141_39635	2688	8.8424	8.8424	11.0511
k141_77262	2825	6.69645	6.69645	9.14273
k141_105519	7275	9.56688	9.56688	15.8376
k141_2474	2084	12.2192	12.2192	38.872
k141_39638	1631	6.0871	6.0871	9.34177
k141_20859	1583	4.38939	4.38939	1.59128
k141_39639	1693	4.74336	4.74336	4.02487
k141_12518	3367	8.52689	8.5272	16.4445
k141_87141	1756	13.8861	13.8861	29.5601
k141_77269	2807	6.09861	6.09861	8.14241
k141_2476	3706	6.18898	6.18898	11.0135
k141_20861	1947	7.10907	7.10907	13.978
k141_49670	14942	10.9239	10.9239	18.9953
k141_105528	1903	9.50485	9.50485	13.3631
k141_87145	1673	5.25082	5.25082	5.32339
k141_77274	1954	14.0488	14.0488	35.6026
k141_49671	3208	8.25278	8.25278	17.9861
k141_87146	2583	12.933	12.933	24.6719
k141_68221	12735	15.6932	15.6932	55.1129
k141_12525	1840	7.98166	7.98166	10.0393
k141_87147	1565	9.37951	9.37951	11.2116
k141_39650	1780	15.1442	15.1442	44.3996
k141_77276	1906	6.18109	6.18109	8.44123
k141_49675	1970	6.62308	6.62308	11.5919
k141_87148	3461	7.37119	7.37119	11.3749
k141_2477	9250	10.332	10.332	18.4379
k141_96846	54044	28.451	28.451	66.5838
k141_20863	8857	15.7718	15.7718	52.7729
k141_49677	1893	10.2811	10.2811	37.8933
k141_105534	7561	9.45298	9.45298	18.9183
k141_96849	4181	10.7891	10.7891	22.9499
k141_39653	7873	9.97371	9.97371	15.1812
k141_68228	6718	15.7885	15.7885	39.1611
k141_105538	2450	14.2622	14.2622	44.6161
k141_20870	2175	9.37778	9.37778	13.4773
k141_77293	3817	50.0897	50.0897	258.425
k141_20872	1588	5.77608	5.77608	7.68127
k141_39658	2536	11.5868	11.5868	18.017
k141_87153	7724	10.4548	10.4548	19.0981
k141_12546	2184	13.5718	13.5718	20.8735
k141_96852	4759	72.6613	72.6613	245.585
k141_49681	8802	6.91586	6.91586	12.9565
k141_87154	1613	6.2529	6.2529	6.00984
k141_39661	2149	7.48674	7.48674	11.1489
k141_68229	7446	10.3507	10.3507	19.2273
k141_77300	1949	4.67871	4.67871	6.07248
k141_39662	1802	8.71671	8.71671	14.8767
k141_96857	1810	5.87711	5.87711	9.29404
k141_2479	16512	10.3204	10.3204	20.5889
k141_105551	2414	6.58922	6.58922	10.6045
k141_105552	1558	3.90341	3.90341	3.87833
k141_49689	3664	8.32129	8.32157	17.6694
k141_39665	6573	12.3727	12.3727	31.0057
k141_96868	1891	9.01838	9.01838	26.3594
k141_105558	1904	5.99145	5.99145	7.78026
k141_105559	3337	9.84311	9.84311	19.7632
k141_39671	3204	9.94957	9.94957	19.8553
k141_68249	1616	6.70669	6.70669	5.02382
k141_20895	1907	7.4115	7.4115	21.1966
k141_87172	2677	6.92283	6.92283	10.9595
k141_2491	4776	32.2732	32.2732	96.9055
k141_39674	1587	12.4182	12.4182	32.543
k141_96873	4898	9.83804	9.83804	20.9476
k141_49690	7242	9.85505	9.85505	17.144
k141_2492	2073	5.61726	5.61726	6.25095
k141_105564	1702	4.18299	4.18299	2.74147
k141_39680	1552	6.52639	6.52639	11.4388
k141_2497	2007	7.0447	7.0447	7.93927
k141_39682	2110	9.66531	9.66531	9.73582
k141_68256	4546	9.5621	9.5621	20.6447
k141_77309	16754	9.83016	9.83016	22.3732
k141_39684	2816	6.44524	6.44524	16.5098
k141_96890	2401	6.40782	6.40782	9.31625
k141_49702	2262	6.31297	6.31297	9.87503
k141_12547	32571	18.5709	18.5709	96.6868
k141_20905	6340	10.1691	10.1691	21.0293
k141_39691	2226	9.81696	9.81696	14.2074
k141_68257	5467	7.95185	7.95185	17.696
k141_39693	1811	6.62914	6.62914	8.77326
k141_68258	1562	4.66856	4.66856	3.6165
k141_87196	2654	5.90895	5.90895	13.8902
k141_12552	3234	5.3142	5.3142	6.59896
k141_96895	6577	47.4028	47.4028	181.964
k141_105569	16050	130.63	130.63	2104.21
k141_77327	2130	8.42374	8.42374	17.0932
k141_49717	1767	8.57452	8.57452	12.9872
k141_68264	3211	7.65828	7.65828	12.0701
k141_12553	5065	10.684	10.684	13.7502
k141_87205	1722	9.05216	9.05216	26.9179
k141_49719	1688	6.65865	6.65865	8.59442
k141_77329	2434	5.1458	5.1458	4.26214
k141_105571	3723	8.90176	8.90176	10.9314
k141_96905	1956	8.15393	8.15448	10.6548
k141_12560	1663	9.55056	9.55056	18.9553
k141_20910	10708	9.39581	9.39581	14.9868
k141_68266	5604	10.7395	10.7396	19.3841
k141_105573	2878	8.57845	8.57845	16.1067
k141_20912	2470	6.74526	6.74526	8.71781
k141_39703	10331	11.8646	11.8646	23.8558
k141_68269	2008	9.46502	9.46502	17.9494
k141_96906	5958	8.30096	8.30096	14.0596
k141_77330	4216	9.47811	9.47811	17.358
k141_12564	4453	7.35812	7.35812	9.92684
k141_96908	2250	7.71095	7.71095	16.7964
k141_49728	2462	6.70934	6.70934	8.05998
k141_2505	31199	50.6479	50.6479	314.547
k141_39708	2782	27.9521	27.9521	90.1319
k141_77337	1753	7.199	7.199	7.69012
k141_96912	2064	12.4378	12.4378	35.3054
k141_105579	6585	7.76379	7.76379	10.8931
k141_77338	2023	16.5499	16.5505	97.2595
k141_12573	3259	8.97877	8.97877	15.8502
k141_68279	2881	6.7045	6.7045	14.398
k141_2511	1662	8.3922	8.3922	10.94
k141_87220	10981	10.8888	10.8888	22.1648
k141_2514	1895	7.44355	7.44355	11.9843
k141_77342	2008	5.72766	5.72766	9.51435
k141_49738	3946	6.37987	6.37987	10.37
k141_87221	2550	5.39208	5.39208	7.44878
k141_12580	1767	4.54174	4.54236	5.52435
k141_105589	2087	9.06092	9.06092	23.4344
k141_87224	1587	5.9151	5.9151	7.29229
k141_87225	1737	6.13422	6.13422	4.19194
k141_2519	3730	7.8419	7.8419	13.6872
k141_77348	1974	5.05154	5.05154	8.35056
k141_105592	2268	8.65581	8.65581	20.8532
k141_12585	3080	11.5625	11.5625	26.1508
k141_77350	1976	5.09967	5.09967	10.7078
k141_105593	2389	9.00625	9.00625	16.6764
k141_39734	1579	8.69979	8.69979	11.1864
k141_96917	10715	21.2159	21.2159	64.8214
k141_105594	2004	8.32524	8.32578	9.16415
k141_68280	13137	29.3754	29.3754	154.058
k141_87235	1951	9.71127	9.71127	15.7144
k141_2520	8481	9.89185	9.89185	19.124
k141_39736	3911	10.9208	10.9208	26.7615
k141_68282	3196	7.83716	7.83716	9.20247
k141_49744	13449	12.9621	12.9621	33.7602
k141_2523	3160	9.51262	9.51262	17.7953
k141_39739	1886	8.71947	8.71947	12.2896
k141_12588	8596	11.0189	11.0189	24.9191
k141_96924	2988	6.2766	6.2766	9.90761
k141_20915	29915	16.7829	16.7829	42.7955
k141_39745	2090	7.89021	7.89021	19.1064
k141_96927	2987	6.28939	6.28939	9.92292
k141_105606	2710	23.4809	23.4809	122.999
k141_20918	1515	6.59121	6.59121	6.10694
k141_68292	1849	7.96115	7.96115	9.34365
k141_2536	3021	11.9046	11.9046	19.7637
k141_96931	2094	6.57407	6.57407	10.8169
k141_87256	3965	7.06841	7.06841	12.9835
k141_105611	1870	7.78605	7.78605	9.62263
k141_12605	3422	8.51436	8.51436	13.6268
k141_68301	2152	9.33716	9.33716	18.0326
k141_12606	2482	5.23971	5.23971	7.2386
k141_105613	1653	6.37725	6.37725	13.4666
k141_2541	4316	10.2345	10.2345	17.7961
k141_68302	3550	9.10176	9.10176	17.9387
k141_12616	3717	12.7841	12.7841	36.4078
k141_20937	3675	9.21504	9.21532	17.8272
k141_2544	6443	10.1483	10.1483	22.7269
k141_87277	1743	5.48964	5.48964	7.51768
k141_20938	2939	6.8261	6.8261	7.42208
k141_12622	3190	7.2523	7.2523	9.16019
k141_105627	3696	10.1179	10.1179	19.1478
k141_2549	2789	10.2884	10.2884	15.0726
k141_87279	2409	10.6777	10.6777	29.2026
k141_96933	16036	15.4858	15.4858	37.9006
k141_39772	12836	20.9885	20.9885	58.6136
k141_58482	173786	24.4463	24.4463	57.4072
k141_39774	3118	84.0185	84.0185	362.889
k141_49767	17429	13.9614	13.9614	38.1557
k141_96937	1682	4.59138	4.59138	3.78723
k141_12630	2497	8.60844	8.60844	13.8968
k141_68307	12990	9.74439	9.74439	19.9846
k141_77353	42396	11.9738	11.9738	23.1968
k141_58484	1850	8.34412	8.34412	20.6544
k141_105631	5412	19.2522	19.2524	37.7184
k141_39778	2164	9.17776	9.17776	11.6364
k141_20951	1778	5.99754	5.99754	18.408
k141_68309	2642	10.7055	10.7055	14.0754
k141_12635	1735	9.87571	9.87571	14.9561
k141_2557	4063	7.19831	7.19831	9.91471
k141_20952	1988	8.52067	8.52067	32.3543
k141_105634	2862	35.5218	35.5218	1421.78
k141_39779	3313	14.8922	14.8922	28.207
k141_96942	5845	9.06795	9.06813	27.3293
k141_105635	2337	8.33242	8.33242	12.857
k141_20956	3188	8.12278	8.12311	14.2011
k141_87291	7300	10.5748	10.5748	20.5758
k141_49782	1962	11.0375	11.0375	19.6827
k141_39781	3091	6.47501	6.47501	25.1785
k141_12641	4958	9.07113	9.07113	21.6524
k141_58487	9556	10.2116	10.2116	21.4886
k141_12642	1557	6.94883	6.94883	11.013
k141_96950	5812	7.97086	7.97086	13.0683
k141_105646	2132	5.96317	5.96317	8.37374
k141_49790	3952	6.55734	6.55734	18.6991
k141_39789	2750	10.5808	10.5808	21.2325
k141_20966	3873	10.6054	10.6054	20.0651
k141_96953	1881	4.28076	4.28134	1.79651
k141_2570	5316	9.4429	9.4429	13.0146
k141_20973	1764	5.73854	5.73854	7.12319
k141_77373	11397	19.2113	19.2114	46.0386
k141_49793	4771	7.10149	7.10149	8.83787
k141_39799	2115	24.3043	24.3043	91.1631
k141_87306	8278	14.9017	14.9017	30.4331
k141_2572	4681	8.67115	8.67115	13.8883
k141_20978	2362	7.22559	7.22559	12.5655
k141_58491	11822	14.194	14.194	27.8646
k141_49799	1546	7.34599	7.34599	5.03935
k141_96964	2266	8.23913	8.23913	10.7645
k141_58492	1611	4.38741	4.38809	2.16092
k141_96967	1615	11.8724	11.8724	22.509
k141_49803	1516	8.19912	8.19912	46.0129
k141_12653	11937	10.4648	10.4648	21.8002
k141_58494	2903	6.69125	6.69125	9.23022
k141_49807	1523	5.72906	5.72906	8.98481
k141_77377	10986	13.8627	13.8627	26.2907
k141_58497	1543	6.97128	6.97128	10.4087
k141_96975	2281	4.51197	4.51197	5.16638
k141_20994	4264	6.29995	6.29995	7.22586
k141_39806	8135	10.4999	10.4999	20.9564
k141_49811	3295	8.62289	8.62289	16.9192
k141_39807	1805	5.27976	5.27976	9.47482
k141_58501	2601	8.24439	8.24439	8.96764
k141_20997	1783	7.63931	7.63931	15.1352
k141_12658	5721	9.20373	9.20391	17.6056
k141_96978	3049	22.8265	22.8265	75.1758
k141_39809	2451	7.33942	7.33942	5.58866
k141_49816	1997	11.7916	11.7916	12.0339
k141_77384	6106	8.4681	8.4681	14.7152
k141_105648	23913	31.9625	31.9625	79.897
k141_96979	3459	11.9837	11.9837	23.7983
k141_39810	1864	6.02917	6.02917	10.8152
k141_49818	1874	6.84687	6.84687	9.79315
k141_12659	6069	55.1968	55.1968	2028.57
k141_87308	21775	11.0364	11.0364	22.7375
k141_2588	14045	17.0172	17.0172	37.6407
k141_12661	1918	6.22229	6.22229	15.89
k141_49821	2197	11.319	11.319	21.8253
k141_77393	1549	6.34596	6.34596	7.69852
k141_58503	8907	15.1721	15.1721	33.2014
k141_39811	4997	11.5154	11.5154	26.3713
k141_12664	2560	5.6083	5.6083	4.68751
k141_2594	1861	5.00292	5.00292	8.99004
k141_96991	2425	7.92264	7.92264	15.6396
k141_105655	6724	8.97003	8.97019	11.1877
k141_105658	2740	11.8494	11.8494	20.6841
k141_58512	3111	9.08443	9.08477	12.0114
k141_39819	2643	6.67188	6.67188	7.25812
k141_21004	13238	10.6886	10.6886	19.4319
k141_12667	4184	9.85746	9.85746	25.3378
k141_77399	4482	15.304	15.304	61.2078
k141_2596	4464	7.64465	7.64465	12.4865
k141_49831	7260	13.12	13.12	33.1328
k141_87315	13800	15.2624	15.2624	37.6634
k141_2600	1932	9.94444	9.94444	22.6488
k141_12668	4067	9.29921	9.29921	14.7348
k141_58518	3049	9.69472	9.69472	24.5925
k141_105665	1959	6.48148	6.48148	10.3451
k141_97005	2631	5.64289	5.64289	4.78208
k141_39828	1882	4.59931	4.59931	3.52047
k141_58522	1884	5.59977	5.59977	7.70815
k141_2605	1614	6.55191	6.55191	8.87359
k141_97006	3679	8.57608	8.57608	14.3639
k141_49833	4733	7.43443	7.43443	8.50025
k141_12669	4691	9.59216	9.59216	10.6536
k141_21007	9299	12.2343	12.2343	21.8882
k141_58523	2540	5.21548	5.21548	6.98368
k141_97011	2468	7.15703	7.15703	6.65293
k141_58524	3868	7.90748	7.90748	16.8895
k141_12677	2001	11.3641	11.3641	29.1777
k141_97012	1642	9.23391	9.23391	13.7447
k141_77400	15069	39.3705	39.3705	96.4466
k141_97017	2023	6.56967	6.56967	9.13522
k141_49847	1559	5.85167	5.85167	7.26985
k141_58531	1563	4.35881	4.35952	4.8664
k141_21018	1601	9.204	9.204	18.2881
k141_2625	1519	5.98101	5.98101	5.56693
k141_39830	13620	16.187	16.187	37.1841
k141_97024	1766	9.11881	9.11881	14.0937
k141_49851	3582	7.9458	7.9458	17.0161
k141_2626	2925	10.6685	10.6685	20.4835
k141_49854	1621	6.88307	6.88307	13.2734
k141_97029	1944	7.91639	7.91639	11.2155
k141_2629	2948	9.47105	9.47105	18.9845
k141_87347	3023	16.4222	16.4222	29.2475
k141_2630	1715	5.36422	5.36422	3.73044
k141_49857	2871	10.4884	10.4884	23.3874
k141_105675	18393	10.0442	10.0442	25.0263
k141_21035	2214	5.92006	5.92006	8.02023
k141_2631	3600	8.64754	8.64754	13.6227
k141_58532	12825	15.3516	15.3516	39.2381
k141_49863	1622	5.29076	5.29076	8.22548
k141_21036	2677	6.93906	6.93906	9.77933
k141_49865	1521	5.02261	5.02261	5.03818
k141_2637	2697	9.29407	9.29407	17.595
k141_58539	1758	7.35448	7.35448	11.3977
k141_97043	4476	12.751	12.751	29.5387
k141_2638	2811	8.85118	8.85118	14.4027
k141_77403	21534	14.4857	14.4857	27.2039
k141_2641	1529	9.55765	9.55765	6.88979
k141_39859	2024	5.59071	5.59071	9.03642
k141_49875	1689	10.3047	10.3047	19.2017
k141_97051	2217	7.69666	7.69666	11.2569
k141_2642	1678	4.23233	4.23298	4.35956
k141_87348	14968	9.99406	9.99406	19.6565
k141_21046	1581	5.63033	5.63033	6.92553
k141_58543	6187	12.9689	12.9689	97.0915
k141_49881	2316	8.0928	8.0928	37.5829
k141_58544	2202	52.1949	52.1949	662.434
k141_97055	2565	4.09068	4.09068	4.13132
k141_49882	1727	6.9201	6.9201	9.21442
k141_105704	2040	6.04656	6.04656	10.2741
k141_30436	415928	57.0722	57.0722	163.953
k141_39860	7703	36.9024	36.9024	122.714
k141_2648	2421	7.1845	7.18494	14.7684
k141_87355	2032	9.51063	9.51063	13.9447
k141_77414	2162	8.08549	8.08549	12.4065
k141_21048	6415	7.5427	7.5427	12.6657
k141_12686	33227	14.1432	14.1432	32.0644
k141_77416	2091	4.97785	4.97785	4.31032
k141_21051	1557	5.60554	5.60554	10.2803
k141_2651	2399	6.74922	6.74922	8.82149
k141_30439	1822	6.72667	6.72667	10.7134
k141_87356	3218	5.794	5.794	8.45515
k141_105712	1926	7.58221	7.58221	8.78529
k141_49890	2187	12.2779	12.2779	17.7479
k141_39865	2312	19.3353	19.3353	63.9738
k141_58550	5087	18.5366	18.5366	44.8942
k141_12692	3586	7.91065	7.91065	13.3135
k141_12693	1673	5.79514	5.79514	10.9856
k141_21060	2044	10.2212	10.2212	16.3214
k141_39867	2653	10.0352	10.0352	16.2261
k141_12694	2223	6.10902	6.10902	10.7275
k141_58556	2106	12.7975	12.7975	27.8096
k141_39868	1716	6.79183	6.79183	6.06397
k141_49896	2501	8.08039	8.08039	8.39482
k141_21064	2109	7.45636	7.45636	11.6915
k141_77429	2262	5.69129	5.69129	7.82513
k141_105715	5201	8.94833	8.94833	12.1192
k141_87371	1752	6.07303	6.07303	8.30007
k141_58559	1821	9.01017	9.01017	7.1849
k141_77434	1731	8.44908	8.44908	16.1742
k141_87375	1602	10.1694	10.1701	9.99235
k141_21068	2588	7.29573	7.29573	8.01386
k141_105716	4139	11.7576	11.7576	54.2531
k141_30447	10901	9.75714	9.75714	18.1729
k141_97061	13388	12.482	12.482	30.8862
k141_21071	1658	6.54775	6.54775	12.155
k141_30449	1998	13.0985	13.0985	222.99
k141_39876	2483	14.174	14.174	51.7768
k141_97064	1987	8.31954	8.31954	11.4398
k141_2678	2110	7.80255	7.80255	13.302
k141_105721	1604	4.24966	4.24966	6.14887
k141_21076	1607	3.40151	3.40151	5.06188
k141_105722	1512	7.39941	7.39941	8.94972
k141_105723	1637	7.22932	7.22932	10.7771
k141_77443	6795	8.95561	8.95561	21.9434
k141_39885	2033	7.87201	7.87201	11.0139
k141_58577	1777	5.66441	5.66441	11.8319
k141_87380	7379	10.1901	10.1901	15.8258
k141_49898	13278	19.474	19.474	58.2286
k141_12697	15288	10.2172	10.2172	20.2919
k141_105725	2034	17.0971	17.0971	57.1052
k141_97074	1654	5.7879	5.7879	7.79066
k141_30459	2881	5.69901	5.69901	5.57746
k141_21078	6522	19.884	19.884	46.3637
k141_49901	1517	10.5333	10.534	27.0529
k141_97075	2527	9.88809	9.88809	22.8923
k141_21079	1697	7.63348	7.63348	10.4394
k141_87383	2584	7.1705	7.1705	10.8476
k141_77445	4810	7.84013	7.84013	13.2922
k141_2693	4183	10.276	10.276	13.0277
k141_77446	1556	5.30583	5.30583	3.42525
k141_105729	3460	9.371	9.3713	13.4781
k141_2694	2221	8.05698	8.05698	16.6586
k141_30468	2667	8.70282	8.70282	18.9888
k141_105730	2646	7.82131	7.82131	12.1362
k141_12706	6153	7.29485	7.29485	10.923
k141_77452	1545	4.65448	4.65448	10.3181
k141_49918	1738	12.8117	12.8117	44.9067
k141_39902	3835	11.7634	11.7634	24.3179
k141_2695	4955	12.5858	12.5861	27.6992
k141_97080	8299	25.9004	25.9004	54.3981
k141_21095	1564	5.9024	5.9024	15.8702
k141_105736	1684	3.4987	3.4987	2.36106
k141_12710	1720	6.79172	6.79172	9.80686
k141_58591	6023	12.1006	12.1006	15.9854
k141_87398	3635	9.60976	9.60976	19.9047
k141_49922	1720	5.69618	5.69618	7.19319
k141_39907	2617	6.87191	6.87191	11.6786
k141_97086	2503	5.46579	5.46579	6.72928
k141_21099	2535	6.88889	6.88889	7.38575
k141_77463	1751	9.49781	9.49781	28.1877
k141_12715	1848	7.19847	7.19847	7.22464
k141_39909	1908	9.75142	9.75142	15.472
k141_49926	3278	6.77302	6.77302	8.34381
k141_21101	2401	6.12439	6.12439	5.13382
k141_2696	9768	10.7349	10.7349	17.2552
k141_12716	3844	7.27233	7.27233	10.7214
k141_77467	3149	30.955	30.955	149.762
k141_97090	4664	7.48582	7.48582	12.5636
k141_87407	1696	8.2445	8.2445	12.6107
k141_49927	1986	6.28431	6.28431	9.02314
k141_39912	4061	5.52902	5.52902	5.93469
k141_2699	1862	11.1717	11.1717	14.5527
k141_49929	1984	7.63032	7.63032	12.8584
k141_30472	16089	9.24355	9.24355	17.6285
k141_12717	5278	8.79641	8.79641	14.0498
k141_39917	2081	5.70844	5.70844	6.7973
k141_30473	2652	13.2702	13.2702	28.7954
k141_58593	13736	48.0867	48.0867	220.73
k141_97091	6323	17.7078	17.7078	49.2215
k141_12719	2204	8.29893	8.29893	14.6861
k141_49935	1599	7.69565	7.69565	13.7919
k141_21113	1674	11.4738	11.4738	31.7858
k141_105767	1529	6.13778	6.13778	8.90552
k141_2708	2598	6.72141	6.72141	11.5897
k141_87417	4268	32.704	32.704	122.275
k141_77479	2196	6.80156	6.80156	13.4149
k141_68318	165005	34.4254	34.4254	80.7654
k141_58600	3687	14.3927	14.3927	24.9863
k141_49944	1938	5.81376	5.81376	6.42923
k141_2711	5172	7.90522	7.90522	14.8921
k141_105768	5257	9.62972	9.62972	22.3178
k141_68319	2946	7.23855	7.23855	11.6736
k141_87428	1604	7.69876	7.69876	15.1095
k141_77483	5022	8.52586	8.52586	17.3551
k141_97107	1737	4.71582	4.71582	3.7256
k141_12730	4906	11.9453	11.9453	65.4449
k141_49946	4519	6.44266	6.44266	9.63965
k141_39928	7557	12.2669	12.2669	25.4234
k141_105772	4587	9.24025	9.24025	14.0688
k141_58610	2520	28.2624	28.2624	303.823
k141_2720	1880	5.11329	5.11329	6.42203
k141_68327	2930	8.06187	8.06187	18.2927
k141_97114	1513	6.12472	6.12472	10.5292
k141_87429	6346	22.1938	22.1938	97.0042
k141_12735	4093	6.33325	6.33325	11.8234
k141_77487	5316	9.88676	9.88676	22.9174
k141_68328	2111	5.82713	5.82713	5.83799
k141_87430	2708	6.87608	6.87608	7.71208
k141_39929	7284	9.72876	9.72876	18.1288
k141_68331	1906	28.8064	28.8064	190.633
k141_97123	2327	4.99862	4.99862	6.4306
k141_30490	15418	9.18516	9.18516	16.5243
k141_49968	1552	7.20827	7.20827	15.1158
k141_2733	2197	74.7958	74.7958	730.611
k141_77494	4153	6.69498	6.69498	11.3128
k141_87437	1601	5.23639	5.23639	14.2648
k141_68336	1664	54.6988	54.6988	90.1894
k141_49969	2139	6.74208	6.74208	10.9832
k141_77495	2141	7.82421	7.82421	34.1574
k141_105787	3055	6.61377	6.61377	7.04369
k141_58618	8986	7.56247	7.56247	14.834
k141_30495	1860	4.86725	4.86725	7.98751
k141_87440	1864	8.52392	8.5245	7.83392
k141_105789	1614	5.80328	5.80328	19.3732
k141_68340	2077	8.6383	8.6383	10.097
k141_2736	5738	13.7255	13.7255	24.579
k141_39945	1781	11.1496	11.1496	28.0462
k141_68341	1510	5.55882	5.55882	6.79423
k141_39946	2111	6.04793	6.04793	9.63857
k141_87446	1636	4.88358	4.88358	4.7844
k141_105794	1645	8.4408	8.4408	11.8852
k141_2737	3823	7.32344	7.32344	13.5153
k141_77502	2825	11.0366	11.0366	20.3069
k141_58622	5009	10.1568	10.1568	26.0282
k141_30503	2748	16.6794	16.6794	23.0858
k141_39948	2894	8.53061	8.53098	17.3764
k141_2740	1663	6.14937	6.14937	6.30441
k141_30504	1588	6.49444	6.49444	6.94609
k141_58623	1854	8.39143	8.39143	6.76098
k141_68350	2942	11.0064	11.0064	30.0113
k141_68351	2054	13.6649	13.6649	20.6243
k141_87455	3057	5.40798	5.40798	6.68691
k141_58624	4851	7.61349	7.61349	13.8086
k141_2744	3405	11.7438	11.7438	38.5765
k141_39956	2232	7.21758	7.21758	12.0626
k141_30512	2039	9.03282	9.03282	18.4713
k141_39957	2020	9.24171	9.24171	9.41939
k141_105808	3126	7.43716	7.43716	14.2723
k141_2745	2766	6.79664	6.79664	11.3207
k141_58626	4879	14.4496	14.4496	29.1558
k141_2747	1665	7.40528	7.40528	8.99141
k141_58627	1740	5.17233	5.17233	4.28372
k141_39958	3544	6.95521	6.95521	8.3228
k141_30515	3973	8.5773	8.5773	14.4089
k141_49972	24333	10.212	10.212	20.5268
k141_68364	3348	13.5997	13.5997	24.214
k141_87466	2487	6.08601	6.08601	10.8329
k141_58629	1807	5.28606	5.28606	6.5546
k141_39959	2206	4.75535	4.75535	4.18973
k141_49973	1859	5.92978	5.92978	9.63793
k141_2756	1826	6.17064	6.17064	7.04314
k141_39960	2248	6.56625	6.56625	9.28529
k141_49976	1721	11.6264	11.6264	36.0546
k141_30518	2555	7.93763	7.93763	10.7415
k141_105818	4043	10.5623	10.5623	18.7815
k141_58634	1556	3.16643	3.16643	1.46836
k141_87473	1556	4.62518	4.62518	4.67288
k141_21134	43190	24.1016	24.1016	54.3152
k141_2759	1804	9.38936	9.38936	16.6663
k141_105820	1624	6.58073	6.58073	16.8587
k141_97129	33949	12.8628	12.8628	27.715
k141_49978	5124	10.1393	10.1393	17.8304
k141_105822	2256	8.915	8.915	12.0427
k141_30525	4104	9.49545	9.49545	12.5497
k141_97130	2386	7.49329	7.49329	10.0676
k141_2764	1621	5.71992	5.71992	10.0753
k141_49980	1648	11.2303	11.2303	27.1151
k141_58638	3815	9.6704	9.6704	19.0394
k141_39970	4157	5.69778	5.69778	9.22637
k141_12750	32338	12.3732	12.3732	27.4065
k141_68386	1776	8.08487	8.08549	11.0062
k141_97132	3292	7.72502	7.72502	11.7404
k141_30526	3543	8.58827	8.58827	9.15319
k141_58643	1538	11.3235	11.3235	18.4339
k141_2767	2371	5.54165	5.54165	5.95916
k141_105831	1532	7.86903	7.86903	14.2283
k141_68387	2591	10.1155	10.1155	17.1204
k141_97137	2576	24.1624	24.1624	152.922
k141_2769	2615	7.83976	7.83976	8.40329
k141_49982	8029	79.5258	79.5258	427.988
k141_12752	6475	11.0606	11.0606	25.3987
k141_30529	4766	15.1146	15.1146	34.428
k141_58648	4401	9.77911	9.77911	19.3106
k141_97142	1513	5.75935	5.75935	5.93471
k141_105841	1666	7.36873	7.36873	10.5801
k141_97146	1651	5.74217	5.74217	10.0061
k141_2778	2976	5.78769	5.78769	6.69261
k141_39980	5643	7.98343	7.98343	14.7999
k141_97148	2541	6.47595	6.47595	8.25696
k141_12760	3718	10.535	10.535	18.3479
k141_97149	1638	5.27083	5.27083	7.44842
k141_68391	11105	9.86381	9.8639	22.2094
k141_58649	9222	15.8721	15.8721	33.1214
k141_30542	1550	5.78071	5.78071	4.99619
k141_105853	1563	7.39986	7.39986	11.8775
k141_49998	4191	17.6823	17.6823	135.521
k141_58650	1607	5.6232	5.6232	10.0234
k141_21139	24458	12.0827	12.0827	23.6361
k141_12766	1799	9.88902	9.88902	19.1594
k141_77508	43977	28.0306	28.0306	68.7818
k141_97157	1799	5.59066	5.59066	5.32814
k141_2785	3932	6.79773	6.79773	7.97418
k141_58651	2507	8.43233	8.43233	20.0731
k141_77510	1584	7.64017	7.64017	17.2031
k141_68396	2052	8.76341	8.76341	14.8257
k141_2787	1633	9.81929	9.81929	17.1875
k141_12769	2558	5.23007	5.23007	5.75427
k141_105858	2681	6.21098	6.21098	7.73419
k141_39996	1894	9.41284	9.41284	11.4405
k141_50005	4624	10.0333	10.0333	28.8629
k141_68397	3828	10.0644	10.0644	27.0448
k141_2797	2429	11.2071	11.2071	16.6648
k141_50011	1586	6.66713	6.66713	9.21313
k141_77511	9068	12.2872	12.2872	31.2667
k141_40005	1590	5.90556	5.90556	11.4213
k141_58653	11199	10.1691	10.1692	25.0144
k141_30566	1657	7.20571	7.20571	10.7956
k141_68409	1944	7.15608	7.15608	10.3191
k141_30569	1667	8.97561	8.97561	9.62417
k141_12773	12934	27.4121	27.4121	82.8471
k141_68410	3146	8.99866	8.99866	14.4734
k141_30570	2704	31.9855	31.9855	72.6905
k141_58657	4320	13.2789	13.2789	33.0566
k141_40012	3207	8.2738	8.2738	15.3141
k141_77523	1541	5.39756	5.39827	4.87438
k141_2807	3156	8.16001	8.16001	17.4863
k141_68413	2316	9.15466	9.15466	10.5677
k141_12775	5556	6.59693	6.59693	11.3587
k141_21140	23505	10.6585	10.6585	22.1414
k141_68416	1583	6.3224	6.3224	5.35547
k141_30574	3600	9.55246	9.55246	23.3039
k141_58666	2102	7.70748	7.70748	19.8154
k141_50024	9300	13.4883	13.4883	29.2182
k141_40022	2863	7.40287	7.40287	13.838
k141_30577	1690	4.72403	4.72403	10.4703
k141_12778	3711	7.75428	7.75428	11.7809
k141_68418	2659	7.77601	7.77601	10.8956
k141_77532	2480	5.29227	5.2927	5.33982
k141_58668	2521	5.64952	5.64952	4.18891
k141_12781	1696	4.8978	4.8978	6.89181
k141_50031	1771	9.53979	9.53979	13.5263
k141_30580	1691	4.40104	4.40104	1.8949
k141_77535	1554	5.00071	5.00142	3.9373
k141_68422	2003	9.54938	9.54938	26.3709
k141_58670	1883	7.66417	7.66417	10.4459
k141_2818	5970	11.4229	11.4229	25.0968
k141_50036	1953	9.97726	9.97726	19.6993
k141_21149	1816	5.59664	5.59664	4.05943
k141_58672	4349	10.5261	10.5261	37.5726
k141_21151	2965	19.4973	19.4977	44.0282
k141_77537	6513	7.38221	7.38221	12.3552
k141_40034	6053	9.08284	9.08284	16.0599
k141_2822	6078	9.05331	9.05331	24.9781
k141_40037	3716	6.86455	6.86455	13.6347
k141_30585	11933	10.7427	10.7427	20.8126
k141_12809	3891	8.63218	8.63218	18.5508
k141_77548	3120	11.9973	11.9973	23.9893
k141_68441	2139	6.13725	6.13725	8.375
k141_21165	2596	19.307	19.3074	41.2676
k141_58686	1815	7.17958	7.17958	5.18826
k141_40041	1551	7.2334	7.2334	15.7277
k141_12811	2829	6.10676	6.10676	5.05505
k141_68444	1543	13.9792	13.9792	107.877
k141_77551	2126	6.87045	6.87045	8.48855
k141_58688	1905	5.14245	5.14245	6.78021
k141_40043	2800	6.52377	6.52377	9.97684
k141_58691	1531	5.14555	5.14555	10.0419
k141_21174	2895	8.33078	8.33078	20.3854
k141_12819	1722	6.04008	6.04008	11.8297
k141_50046	20654	13.1617	13.1617	26.7963
k141_40044	3302	8.84042	8.84042	10.2173
k141_58692	2500	10.0226	10.0226	18.7304
k141_40046	2279	8.27853	8.27853	17.4228
k141_12824	1855	5.58651	5.58651	5.88585
k141_77558	3474	15.9789	15.9789	24.688
k141_68452	4463	8.37909	8.37909	22.6797
k141_40047	1571	5.19282	5.19282	5.38957
k141_2829	22739	11.128	11.1281	24.8979
k141_58693	4428	7.27747	7.27747	16.6416
k141_50049	3325	9.05827	9.05827	19.0682
k141_21182	2839	9.50353	9.5039	20.8193
k141_30594	9546	15.4618	15.4618	25.4643
k141_12830	2128	8.85844	8.85844	13.0067
k141_21184	2156	6.65055	6.65055	11.208
k141_12832	2265	8.21418	8.21418	8.07189
k141_40048	5619	12.4769	12.4769	27.1413
k141_58700	2193	6.45913	6.45913	9.77933
k141_21186	4708	8.68714	8.68714	24.7942
k141_12837	1513	4.94938	4.94938	4.26691
k141_40051	2527	10.228	10.228	14.172
k141_50062	2781	9.02052	9.02052	16.0231
k141_2842	3480	14.355	14.355	12.8401
k141_21187	1749	6.60475	6.60475	8.36185
k141_77577	2743	9.45237	9.45237	17.0442
k141_30610	3250	8.56065	8.56065	13.9797
k141_58709	3588	6.53578	6.53578	15.0862
k141_12838	5003	11.2376	11.2376	28.6715
k141_77579	2685	36.886	36.886	937.882
k141_68474	3593	8.13796	8.13796	20.9227
k141_30613	2056	9.30273	9.30273	21.3785
k141_77581	2891	7.58701	7.58701	11.6352
k141_21190	7247	11.89	11.89	19.0799
k141_40062	2128	9.4909	9.4909	12.514
k141_68479	1642	16.0027	16.0027	58.9456
k141_2851	7952	10.2288	10.2288	24.9226
k141_40065	2113	9.56291	9.56291	15.0006
k141_58712	11199	15.7805	15.7805	27.8191
k141_12851	3709	9.22113	9.22113	13.0498
k141_68485	2369	6.2749	6.2749	12.3564
k141_40069	2567	7.41167	7.41167	10.8788
k141_2858	2808	8.30888	8.30888	26.7178
k141_2861	1952	7.92175	7.92175	12.6052
k141_50089	1552	7.34308	7.34308	35.2506
k141_68488	2858	9.59527	9.59564	31.5265
k141_40073	2779	7.23203	7.23203	8.19046
k141_58723	2711	7.03631	7.03631	12.6428
k141_50091	1861	5.9661	5.9661	7.80119
k141_77606	4250	6.86463	6.86463	9.78425
k141_50093	1590	5.74097	5.74097	7.25946
k141_21216	1748	9.9368	9.9368	12.2822
k141_77609	1890	7.57816	7.57816	12.4924
k141_68498	1693	5.76734	5.76734	5.71564
k141_40077	2496	8.81202	8.81202	23.9278
k141_12856	10137	29.7778	29.7778	121.01
k141_58724	4202	8.12932	8.12932	10.6131
k141_68499	1999	8.20822	8.20822	11.4388
k141_77610	4457	8.13791	8.13791	11.9685
k141_12859	1698	7.02326	7.02326	13.8936
k141_40084	1842	7.24173	7.24173	10.6932
k141_50096	7287	9.9469	9.9469	18.7377
k141_68504	2041	6.84717	6.84717	18.286
k141_50097	1776	7.76691	7.76691	10.889
k141_40086	1667	8.22742	8.22742	11.7853
k141_21229	1648	6.19826	6.19826	16.0199
k141_58725	7784	21.9234	21.9234	269.613
k141_2866	15120	12.7752	12.7752	26.0324
k141_97162	111270	33.1952	33.1952	683.202
k141_68507	4376	13.3841	13.3841	23.6288
k141_12869	4373	10.8785	10.8785	22.3262
k141_40093	1899	7.23156	7.23156	13.1254
k141_2868	4191	7.42861	7.42861	10.1345
k141_58730	2764	5.92808	5.92808	12.0767
k141_2869	1503	5.02513	5.02513	7.53492
k141_40096	1680	5.25621	5.25621	4.39868
k141_40098	1717	6.25782	6.25782	11.5924
k141_58734	2140	6.59497	6.59497	7.51507
k141_12878	2028	5.7524	5.7524	10.882
k141_50098	13573	13.6475	13.6475	32.2659
k141_2871	5225	9.66995	9.66995	17.8795
k141_97171	4508	6.93965	6.93965	9.42608
k141_12879	1719	5.3601	5.3601	6.78288
k141_68512	5794	8.2073	8.2073	18.1647
k141_2872	1756	9.12017	9.12017	11.5139
k141_40100	2026	77.871	77.871	1128.34
k141_58736	3189	7.5051	7.5051	13.181
k141_68514	1780	6.56932	6.56932	9.88445
k141_77616	13828	12.216	12.216	24.4598
k141_50104	1699	6.04325	6.04325	6.23651
k141_2876	3280	19.2022	19.2022	93.1677
k141_68519	1638	5.03562	5.03562	7.79355
k141_77619	2933	101.353	101.353	482.001
k141_58746	1621	4.69001	4.69001	2.83582
k141_50109	1554	6.79772	6.79772	27.4644
k141_12886	5777	7.76168	7.76168	14.9047
k141_2880	2767	38.5938	38.5938	108.842
k141_58751	1543	6.69275	6.69275	6.60524
k141_2881	1966	8.04515	8.04515	10.2371
k141_50115	1818	5.11091	5.11091	7.10403
k141_12889	1695	7.45955	7.45955	5.41826
k141_105862	128041	61.0974	61.0974	165.273
k141_40119	2996	7.31167	7.31167	16.2664
k141_97179	9223	9.43062	9.43062	16.324
k141_77623	4727	10.3142	10.3142	13.1959
k141_50116	2898	7.62263	7.62263	8.96896
k141_50121	2451	8.50847	8.50847	14.5613
k141_2890	1561	5.33948	5.33948	5.82724
k141_12892	5741	9.70041	9.70041	14.3173
k141_2891	1809	6.16395	6.16395	8.91157
k141_97183	7435	16.4799	16.4799	34.1616
k141_58752	12041	18.8347	18.8347	60.4157
k141_40126	1997	8.73687	8.73687	10.9254
k141_68525	13016	10.5118	10.5118	20.7963
k141_50133	2248	6.41945	6.41945	19.3861
k141_77637	4300	8.80361	8.80361	17.9895
k141_12903	2105	8.29616	8.29667	11.2067
k141_40130	2702	7.49255	7.49255	14.9634
k141_2896	8240	12.5859	12.5859	33.2684
k141_50138	2878	7.69758	7.69758	12.1619
k141_12906	1736	9.08134	9.08134	20.1833
k141_105879	8255	8.1293	8.1293	18.3276
k141_12908	1573	5.82291	5.82291	10.1599
k141_50139	2874	6.58297	6.58297	12.4181
k141_40134	2637	9.08364	9.08364	12.5128
k141_50140	1939	12.1034	12.1034	22.6184
k141_58753	9081	13.8373	13.8373	24.3947
k141_2899	4008	10.1317	10.1317	21.9429
k141_77638	10656	22.1104	22.1104	48.259
k141_2900	1796	6.27704	6.27704	5.76029
k141_105880	5032	7.20627	7.20627	12.9436
k141_68528	14811	10.8984	10.8984	19.9725
k141_50148	2420	4.4674	4.4674	5.5297
k141_12916	2815	6.0015	6.0015	19.0346
k141_40142	1900	8.50686	8.50686	9.92877
k141_68530	1785	10.2997	10.2997	18.5833
k141_97188	12353	20.4898	20.4898	50.5398
k141_2912	2187	10.4929	10.4929	27.6223
k141_77644	4139	42.4603	42.4603	123.638
k141_50156	2621	6.79563	6.79563	10.3456
k141_40143	5698	10.4883	10.4883	17.8778
k141_77649	1720	7.16115	7.16115	5.1843
k141_105885	9132	11.4631	11.4631	25.8064
k141_40146	1726	6.06345	6.06345	9.01306
k141_97189	7731	13.4853	13.4853	27.8184
k141_12917	12129	12.8689	12.8689	26.5116
k141_40149	1656	5.80478	5.80478	6.76452
k141_2924	4622	12.4582	12.4584	28.6651
k141_77656	3541	11.051	11.051	22.2462
k141_97196	1769	7.1013	7.1013	16.4272
k141_12920	4456	9.07106	9.07106	19.8708
k141_77657	2166	7.57937	7.57937	8.38078
k141_50171	3430	8.79024	8.79024	17.4296
k141_97198	1659	6.17296	6.17296	11.6366
k141_68531	19337	10.0078	10.0078	20.2067
k141_40150	9047	11.4872	11.4872	28.0407
k141_12929	2743	5.84458	5.84458	6.50552
k141_2926	8436	10.5611	10.5611	21.6971
k141_50181	2071	8.49089	8.49089	15.2677
k141_2928	2055	7.08346	7.08346	16.8624
k141_12934	2653	6.88254	6.88254	11.9631
k141_77667	5391	9.93379	9.93379	21.3476
k141_68540	3398	14.9865	14.9865	29.5822
k141_2930	2101	6.78114	6.78114	11.7341
k141_40152	9886	23.2759	23.2759	101.261
k141_97219	1887	6.67703	6.67703	8.02634
k141_12940	2614	13.0856	13.0856	22.1256
k141_12941	1714	8.92903	8.92903	6.72624
k141_68550	1572	5.08861	5.08861	4.86195
k141_77675	2350	6.59727	6.59727	6.06421
k141_50198	1889	11.935	11.935	16.9952
k141_2941	3924	7.06386	7.06386	10.917
k141_77677	5014	8.39391	8.39391	14.1395
k141_68559	1555	5.25338	5.25338	5.45142
k141_2944	2253	8.03471	8.03471	18.3826
k141_50202	2139	10.3379	10.3379	20.7376
k141_12954	1868	5.24447	5.24447	9.6537
k141_97230	7978	9.47202	9.47202	16.1567
k141_58754	52567	26.3054	26.3054	107.232
k141_2947	1944	5.0039	5.0039	3.27772
k141_50204	3467	5.59301	5.59301	6.98401
k141_68565	4258	9.36539	9.36539	19.9986
k141_58760	2241	10.9857	10.9857	16.1155
k141_97240	1501	6.92154	6.92154	18.3597
k141_2950	3337	9.78757	9.78757	15.9358
k141_50205	5351	13.5739	13.5739	29.3339
k141_58765	1790	4.45183	4.45183	5.60713
k141_97241	3594	7.52758	7.52758	13.3948
k141_68572	5872	8.50979	8.50996	11.1074
k141_12959	11504	10.1914	10.1914	19.1761
k141_50208	3841	6.59063	6.59063	11.3177
k141_97248	2162	6.14861	6.14861	7.67807
k141_2956	3887	6.58121	6.58121	11.1315
k141_58773	1557	5.2118	5.2118	9.71754
k141_58774	2113	16.7927	16.7927	18.8781
k141_68574	4504	9.74782	9.74782	14.2259
k141_12961	5001	16.1072	16.1072	29.3031
k141_40181	14324	9.3783	9.3783	23.614
k141_58777	2241	9.13152	9.13152	15.9277
k141_97251	5702	9.15922	9.15922	21.5429
k141_50218	2978	6.23798	6.23798	7.14356
k141_40184	1825	7.25433	7.25433	5.36777
k141_105917	40591	31.5898	31.5898	78.6689
k141_50222	1783	10.3325	10.3325	9.06993
k141_58786	1585	6.70105	6.70105	4.87222
k141_68580	6941	9.82712	9.82712	21.9637
k141_50223	2115	8.06107	8.06107	9.60525
k141_68581	2899	5.98436	5.98436	9.97521
k141_50224	2523	10.2764	10.2764	27.12
k141_40188	4443	9.77545	9.77545	16.5504
k141_105921	1629	6.18526	6.18526	3.92234
k141_58791	2132	6.99142	6.99142	11.3795
k141_68582	3085	4.72641	4.72641	6.03311
k141_58792	1767	9.28139	9.282	16.5293
k141_2976	5349	9.20716	9.20716	19.7044
k141_97266	4273	96.3905	96.3905	2292.07
k141_77678	36778	19.5998	19.5998	41.0699
k141_50232	1636	7.15007	7.15007	8.05488
k141_2977	1691	5.49124	5.49124	3.07084
k141_105926	4058	7.74028	7.74028	12.1974
k141_68586	1539	10.5378	10.5378	32.0198
k141_97267	3121	8.89566	8.89566	18.7339
k141_68591	1822	6.45455	6.45455	8.09011
k141_40201	3511	10.5498	10.5498	23.1563
k141_2982	1973	5.60011	5.60011	4.22694
k141_97273	1510	4.52794	4.52794	5.46941
k141_21232	127485	37.6851	37.6851	96.1346
k141_12984	11398	20.2528	20.2528	69.4468
k141_97274	2067	5.99531	5.99531	6.6341
k141_58796	6950	7.84029	7.84029	13.2042
k141_50240	3295	8.45723	8.45723	10.3143
k141_12985	2588	6.75349	6.75349	10.3697
k141_105929	7423	14.9806	14.9806	29.5946
k141_50242	2636	6.31014	6.31014	12.0563
k141_21237	2514	4.75804	4.75804	4.70319
k141_97280	1896	5.92841	5.92841	7.34213
k141_68600	1732	6.59987	6.59987	4.7829
k141_58801	2287	7.89986	7.89986	12.5396
k141_40211	4020	9.29225	9.29225	13.7963
k141_58804	1596	7.77801	7.77801	13.5432
k141_50245	2326	5.82491	5.82491	6.25853
k141_68608	1545	4.93548	4.93548	2.78064
k141_58806	3389	9.37326	9.37326	16.7133
k141_105940	1901	6.49343	6.49343	8.57124
k141_12997	1692	5.25875	5.25875	3.78568
k141_40218	2305	6.80835	6.80835	12.9118
k141_97292	1867	6.66453	6.66453	14.2266
k141_30620	175997	36.5389	36.5389	92.6803
k141_21238	10927	62.7944	62.7944	759.095
k141_30621	2340	9.62511	9.62511	20.3752
k141_97297	1568	6.26446	6.26446	7.02459
k141_40224	4319	13.871	13.871	40.9186
k141_13003	1647	4.50835	4.50835	4.44394
k141_58809	6309	11.9627	11.9627	31.5937
k141_68619	1909	5.0722	5.0722	6.65283
k141_30622	2126	10.3669	10.3669	18.5849
k141_40229	2685	8.66706	8.66706	21.7376
k141_105944	11414	12.4569	12.4569	26.2069
k141_21247	3792	12.4138	12.4138	26.6995
k141_58810	4774	9.3378	9.3378	17.4759
k141_13004	5641	10.1916	10.1916	15.2313
k141_97305	3169	8.60749	8.60782	19.3592
k141_40232	2992	11.139	11.139	28.6689
k141_40233	1778	7.0559	7.0559	8.83946
k141_105951	1975	7.99781	7.99781	12.6666
k141_68631	3860	8.66577	8.66577	15.2088
k141_13005	7166	12.1408	12.1408	40.2983
k141_68638	1735	6.05047	6.05047	6.55052
k141_40239	2149	9.84092	9.84092	12.0278
k141_13008	1659	6.37641	6.37641	7.20573
k141_105960	2625	8.39798	8.39798	14.4103
k141_21262	2562	8.54809	8.54809	9.53776
k141_13009	2237	10.3215	10.3215	22.1262
k141_13011	1698	19.5594	19.5594	197.575
k141_21268	2817	7.90026	7.90026	12.0973
k141_68647	2266	7.81805	7.81805	14.2217
k141_97324	8523	9.87603	9.87603	19.477
k141_13017	3991	15.8605	15.8605	51.2962
k141_97327	3007	7.15401	7.15401	17.4771
k141_21272	5499	10.7003	10.7005	22.3102
k141_105968	8456	8.94402	8.94402	15.0524
k141_68661	1988	6.44124	6.44124	24.4398
k141_21273	1754	5.55798	5.55798	8.64479
k141_13020	5356	9.32117	9.32117	15.0173
k141_58824	15206	10.9337	10.9337	19.2842
k141_97333	2129	8.01364	8.01364	13.7262
k141_97336	2056	5.51521	5.51521	5.40053
k141_68672	1726	10.4594	10.4594	20.8518
k141_58825	11223	13.6633	13.6633	74.2125
k141_21287	3541	5.31436	5.31436	7.67287
k141_97339	8484	9.48488	9.48488	18.2424
k141_68673	7534	8.13908	8.13908	17.3141
k141_21288	2500	8.47319	8.47362	16.2673
k141_40276	12422	19.6435	19.6435	60.4748
k141_97340	1680	10.4373	10.4373	17.6747
k141_58829	3298	8.91328	8.91328	12.5406
k141_13030	13705	12.9079	12.9079	37.5731
k141_13031	1571	6.29557	6.29557	7.6027
k141_97343	3508	9.29422	9.29422	17.7645
k141_68680	2741	8.62447	8.62447	18.647
k141_105969	23292	16.1146	16.1146	37.5114
k141_97344	1979	5.16184	5.16184	8.19589
k141_13033	4113	8.80267	8.80267	11.2267
k141_50259	62295	16.3768	16.3768	37.6046
k141_68683	1752	10.5493	10.5493	25.0995
k141_87474	346350	19.8076	19.8076	45.4631
k141_97345	1943	15.2733	15.2733	35.2892
k141_40285	3941	8.66869	8.66869	13.4954
k141_13035	2800	12.0498	12.0498	28.761
k141_21297	5727	10.8469	10.8469	21.08
k141_50263	1613	4.0123	4.0123	4.50466
k141_40286	1832	19.5809	19.5809	84.9919
k141_105970	4925	8.63037	8.63037	13.7461
k141_105971	1806	5.69143	5.69143	5.03159
k141_97350	2768	9.40451	9.40451	12.163
k141_13040	1778	6.5344	6.5344	5.69331
k141_68691	3352	9.59057	9.59057	14.9336
k141_105973	1779	7.79435	7.79435	13.7875
k141_21305	1897	4.70464	4.70464	7.77521
k141_13042	1922	5.93623	5.93623	6.2427
k141_97352	2846	7.74407	7.74407	14.8839
k141_105976	1703	8.35158	8.35158	9.68054
k141_87489	2536	16.562	16.562	112.675
k141_2983	90245	30.5919	30.5919	85.4506
k141_50267	7042	8.6953	8.6953	13.9954
k141_2984	2182	6.19144	6.19144	9.83499
k141_13047	2505	12.0123	12.0123	27.0377
k141_21306	4636	6.7967	6.7967	7.82499
k141_40307	1659	7.45659	7.45659	8.89683
k141_2986	2522	23.2007	23.2007	114.182
k141_13052	1793	5.62203	5.62203	7.53849
k141_97364	2024	11.7305	11.7305	22.5613
k141_68709	3441	9.45397	9.45397	14.3599
k141_21311	1885	5.66282	5.66282	9.34707
k141_2988	2005	6.80863	6.80863	15.5249
k141_13053	1758	5.97823	5.97823	9.46993
k141_50279	2269	8.6857	8.6857	12.5008
k141_2994	1800	5.32303	5.32303	5.15396
k141_68711	3397	7.31106	7.31106	12.4609
k141_87493	9445	13.974	13.974	32.8186
k141_40314	4915	10.1135	10.1135	24.9618
k141_21320	1932	10.2424	10.2424	14.5206
k141_13058	2123	6.00912	6.00912	15.7798
k141_68713	1564	4.91231	4.91301	4.78577
k141_105991	7188	9.98764	9.98764	18.8531
k141_68716	1744	7.70013	7.70013	9.71923
k141_40315	3682	9.11042	9.11042	19.4175
k141_21324	2230	10.4731	10.4731	20.6054
k141_105996	1842	11.3989	11.3989	14.5853
k141_21325	2501	6.85325	6.85325	8.15512
k141_68720	2655	6.1521	6.1521	8.15778
k141_40321	1616	19.7578	19.7585	175.099
k141_50282	10520	12.3817	12.3817	30.5951
k141_50284	2024	31.5779	31.5779	92.0467
k141_105997	6109	10.8283	10.8283	46.1555
k141_21330	1533	14.3615	14.3615	29.9228
k141_30623	91504	47.3849	47.3849	131.642
k141_21331	1734	10.4154	10.4154	84.2778
k141_50287	2114	6.92719	6.92719	9.1811
k141_68729	1911	7.21919	7.21919	7.42004
k141_50288	1783	6.39008	6.39008	12.6596
k141_40333	2008	12.0953	12.0953	27.6426
k141_58843	39865	12.5394	12.5394	24.385
k141_87511	5528	10.1943	10.1943	13.698
k141_40335	1735	5.23407	5.23407	8.5581
k141_21339	2073	6.57514	6.57514	15.6801
k141_50290	2277	8.81899	8.81899	20.6422
k141_106002	6596	10.2287	10.2287	24.5329
k141_40337	1782	8.72794	8.72794	21.7186
k141_3017	9890	20.944	20.944	80.1502
k141_87516	2905	6.9637	6.9637	10.5238
k141_21346	1522	7.60204	7.60204	8.35493
k141_106005	1515	7.15092	7.15092	9.21471
k141_50294	1963	4.53723	4.53723	3.14389
k141_30630	11750	14.4614	14.4614	32.0992
k141_87518	1548	11.8662	11.8662	25.5105
k141_21348	2363	4.97153	4.97153	4.27271
k141_58853	3203	8.03636	8.03636	18.9727
k141_40345	1692	6.1952	6.1952	6.95407
k141_3018	4257	76.5685	76.5685	325.23
k141_40346	3019	8.28337	8.28337	21.2681
k141_3019	3336	9.46265	9.46265	27.553
k141_21353	1665	5.93795	5.93795	7.12559
k141_50297	4492	8.82957	8.82957	21.9202
k141_3020	1728	5.58048	5.58048	7.16824
k141_30639	2298	8.50093	8.5014	18.0964
k141_58855	4626	119.25	119.25	2147.06
k141_50301	1595	11.3003	11.3003	23.1797
k141_106016	3013	28.4677	28.4677	97.7607
k141_58857	1918	8.03846	8.03846	5.15187
k141_77679	144053	23.8576	23.8576	68.5903
k141_21354	8590	13.0684	13.0684	26.6704
k141_97385	32542	12.2051	12.2051	27.7972
k141_30641	4355	8.76766	8.76766	14.6476
k141_50306	1691	5.6989	5.6989	11.7612
k141_58861	1772	6.88039	6.88039	6.64333
k141_106025	1907	7.7103	7.7103	15.6774
k141_97388	1584	6.12134	6.12134	12.7529
k141_50308	1773	7.02156	7.02156	10.1456
k141_68734	19728	10.4508	10.4508	20.3909
k141_13060	44300	28.1753	28.1753	67.5168
k141_3025	11227	12.0804	12.0804	25.7998
k141_21367	1680	6.46797	6.46797	11.425
k141_40347	15778	10.1437	10.1437	17.1138
k141_50315	1554	5.95085	5.95085	11.6476
k141_106036	1625	8.94034	8.94034	19.9232
k141_40348	1715	3.96358	3.96358	3.20136
k141_77696	1511	6.98824	6.98824	8.77044
k141_30651	6913	10.6777	10.6777	124.929
k141_97390	8731	10.401	10.401	22.4549
k141_40351	2196	32.9756	32.9756	117.566
k141_30653	2603	6.21647	6.21647	8.09546
k141_50321	4791	13.162	13.162	17.3691
k141_97391	4427	7.04489	7.04489	14.507
k141_13068	7929	8.22239	8.22239	17.4583
k141_106051	2530	11.8265	11.8265	28.061
k141_50322	2430	8.96535	8.96535	12.4416
k141_68761	1504	7.23634	7.23634	10.8206
k141_77704	3948	6.29226	6.29226	10.3781
k141_40360	2230	5.89567	5.89567	5.22672
k141_13073	1994	7.96095	7.96095	18.2481
k141_106056	1535	9.84188	9.84188	13.6462
k141_77709	1684	6.49674	6.49674	7.97489
k141_68766	2318	6.43773	6.43773	12.2684
k141_21385	2420	7.84846	7.84846	21.2674
k141_58872	15833	17.1537	17.1537	42.8216
k141_40367	1817	7.55609	7.55609	17.888
k141_3033	13455	12.1015	12.1015	29.1376
k141_50329	1563	7.38004	7.38004	14.3094
k141_87541	23504	17.0615	17.0615	40.0074
k141_106060	2671	7.49663	7.49663	14.2222
k141_3035	1806	17.8249	17.8249	75.6636
k141_21388	2116	12.3306	12.3306	36.198
k141_77714	1736	5.33228	5.33228	6.87446
k141_50332	1652	7.13782	7.13782	17.1208
k141_13082	1850	8.32765	8.32765	4.47474
k141_106061	2968	7.91803	7.91803	12.5375
k141_87547	2007	4.81206	4.81206	3.79387
k141_13083	1992	6.62812	6.62812	14.5726
k141_106062	2852	14.4067	14.4067	22.9678
k141_30654	15028	10.0092	10.0092	17.6026
k141_21392	3385	8.11005	8.11005	15.9972
k141_13084	1771	9.77915	9.77915	20.7438
k141_68780	1909	7.4531	7.4531	11.1751
k141_77721	1658	5.18103	5.18103	8.06344
k141_40368	9741	16.734	16.734	57.3833
k141_3041	2355	8.31429	8.31429	12.3018
k141_58881	5677	10.6723	10.6723	24.6148
k141_97415	2871	6.88938	6.88938	11.6432
k141_30659	1559	4.61746	4.61746	2.9466
k141_106068	1634	4.60377	4.60377	4.11399
k141_58882	1883	5.71437	5.71437	13.1937
k141_40371	2229	7.9317	7.9317	13.9011
k141_13089	1611	6.26968	6.26968	11.493
k141_68784	2367	6.41768	6.41768	9.28748
k141_106071	1711	6.53619	6.53619	9.63737
k141_87557	1848	7.88457	7.88457	18.715
k141_50336	8027	10.2072	10.2072	23.5358
k141_30663	1586	6.91435	6.91435	8.53276
k141_21401	2251	6.76583	6.76583	8.83466
k141_13091	1820	6.81617	6.81617	9.00821
k141_30665	1996	7.487	7.487	8.73991
k141_3044	6080	11.9386	11.9386	19.3133
k141_87560	1824	5.50956	5.50956	3.58778
k141_68786	4530	11.2868	11.2868	23.5631
k141_106076	3024	8.08629	8.08629	9.78089
k141_50338	2868	10.8929	10.8929	24.4615
k141_87561	2130	7.37323	7.37323	9.74903
k141_30666	3073	7.90318	7.90318	11.6686
k141_13096	1726	4.86548	4.86548	7.56931
k141_40378	3511	5.66528	5.66528	7.62925
k141_21402	6314	15.4987	15.4987	59.0039
k141_3049	2694	8.91942	8.91942	18.8653
k141_50342	1717	7.50351	7.50351	16.2668
k141_58898	1626	4.47967	4.47967	2.89653
k141_21404	1604	6.19257	6.19257	8.55341
k141_3050	1510	7.58529	7.58529	10.7344
k141_40380	1565	8.37456	8.37456	13.2019
k141_106087	1675	5.88393	5.88393	5.85459
k141_97437	1990	5.61141	5.61141	8.15287
k141_13099	3863	6.37436	6.37436	9.40829
k141_13101	1554	6.57194	6.57194	5.72613
k141_40385	2045	79.6016	79.6016	294.77
k141_13102	1780	9.33865	9.33865	33.1488
k141_106092	2544	7.61988	7.61988	15.9974
k141_58908	1645	7.7311	7.7311	7.44037
k141_68801	3063	8.98043	8.98043	15.0094
k141_3061	2243	9.64071	9.64071	12.04
k141_13106	1725	5.02921	5.02921	7.54302
k141_77727	19133	15.0332	15.0332	37.7969
k141_3062	1734	8.09785	8.09785	11.7422
k141_68805	1824	6.61828	6.61828	8.10941
k141_50358	2116	5.58749	5.58749	3.09033
k141_106098	2392	6.39117	6.39117	11.2717
k141_40397	1770	5.02963	5.03025	4.30359
k141_68806	2543	5.75763	5.75763	8.23555
k141_21413	8705	10.0567	10.0567	17.8022
k141_87593	1863	14.7542	14.7542	21.4205
k141_30681	12369	12.625	12.625	26.5881
k141_13115	3618	19.5179	19.5179	65.553
k141_58916	4848	7.72989	7.72989	11.2454
k141_77735	3777	7.71409	7.71409	8.47451
k141_40405	3060	6.39691	6.39691	4.1906
k141_68813	2856	6.81781	6.81781	9.56419
k141_87597	4655	11.2457	11.2457	23.8253
k141_3072	7154	12.188	12.188	30.8816
k141_68815	1953	6.58514	6.58514	10.678
k141_87599	1684	5.27119	5.27119	3.12407
k141_21417	3855	9.59352	9.59352	13.9551
k141_58923	2090	10.9624	10.9624	57.2098
k141_13124	2574	19.2516	19.2516	124.345
k141_30688	2300	7.44744	7.44744	18.1553
k141_58927	1587	6.01461	6.01461	6.7414
k141_68820	1761	6.51397	6.51397	7.77412
k141_40410	3890	9.41658	9.41658	21.047
k141_3081	2635	5.45352	5.45352	6.97898
k141_13133	1976	11.5465	11.5465	22.5406
k141_13134	1569	8.31501	8.31571	17.3883
k141_21425	1500	6.86519	6.86519	7.49698
k141_58928	1878	5.76852	5.76852	6.00898
k141_87604	1539	8.06192	8.06192	23.6432
k141_106110	11268	10.7115	10.7115	21.6225
k141_50362	17318	16.664	16.664	37.6379
k141_68825	2650	7.9736	7.9736	16.3964
k141_40414	3382	15.0671	15.0671	39.9557
k141_21426	2070	10.7667	10.7667	20.0028
k141_97440	32206	19.5857	19.5857	36.8062
k141_13136	5014	6.456	6.456	8.54959
k141_30702	2376	9.06379	9.06379	16.8606
k141_50366	1531	8.2071	8.2071	14.8267
k141_68826	4558	7.50839	7.50839	11.006
k141_13138	1778	9.15479	9.15479	13.568
k141_97445	1553	4.5866	4.58731	5.19118
k141_87609	1746	6.96491	6.96491	9.86464
k141_77747	10627	47.3731	47.3731	115.109
k141_21430	3013	9.48271	9.48271	20.9353
k141_40419	2741	7.88846	7.88846	12.8729
k141_3085	11452	35.8804	35.8804	78.4764
k141_21431	1776	47.3868	47.3868	87.9852
k141_50370	2245	9.34988	9.34988	16.6134
k141_106119	8107	13.8591	13.8591	26.722
k141_13144	2514	6.95728	6.95728	6.894
k141_77752	2401	5.64016	5.64016	6.03395
k141_40426	1787	5.94013	5.94013	3.49155
k141_106124	1599	5.80331	5.80331	8.14982
k141_97448	6731	8.957	8.957	16.0938
k141_68832	5477	56.9816	56.9816	375.412
k141_77753	3428	10.8923	10.8923	18.0076
k141_13153	4019	10.1416	10.1416	19.3741
k141_50385	1591	6.68355	6.68355	13.658
k141_97450	2673	5.77527	5.77527	7.2821
k141_13155	2330	7.52339	7.52339	13.9536
k141_30706	10168	23.1498	23.1498	125.091
k141_13156	1629	6.7762	6.7762	8.29699
k141_50390	1676	6.63172	6.63172	5.91152
k141_97451	4541	18.4088	18.4088	84.0643
k141_58936	12220	11.7894	11.7894	27.0867
k141_87630	2491	9.40538	9.40538	20.8907
k141_97452	1561	4.98512	4.98512	8.03594
k141_50392	3294	8.72042	8.72074	13.0732
k141_21449	2203	6.62299	6.62299	9.15023
k141_77761	1698	8.10853	8.10853	15.9171
k141_21451	2295	6.17856	6.17856	6.19153
k141_13169	1510	5.35809	5.35882	5.7534
k141_106132	2747	12.824	12.824	142.487
k141_77763	2210	6.90049	6.90049	13.2086
k141_30714	1611	10.0315	10.0315	22.2977
k141_58938	1827	16.0119	16.0119	192.169
k141_13172	1662	9.39286	9.39286	12.7178
k141_68848	2345	6.85831	6.85831	15.0596
k141_21452	1519	6.35281	6.35281	5.69194
k141_87632	2809	12.0218	12.0218	14.1748
k141_58940	2206	6.46206	6.46206	14.8189
k141_40432	10585	9.6643	9.6643	16.3434
k141_50401	2253	5.9106	5.9106	8.07476
k141_30717	1746	7.30326	7.30326	20.5789
k141_3093	21193	13.4098	13.4098	30.5351
k141_58943	1585	8.81533	8.81533	18.491
k141_40433	1729	7.58391	7.58391	11.0809
k141_13176	3589	10.5109	10.5109	21.5233
k141_97456	10792	14.8152	14.8152	34.8141
k141_21459	1950	7.57278	7.57278	12.8552
k141_77767	1567	6.13973	6.13973	6.08782
k141_106136	3219	10.7709	10.7709	43.7756
k141_106137	1608	9.40604	9.40604	16.9867
k141_50409	2331	8.68134	8.68134	14.9263
k141_87638	2994	11.2145	11.2145	20.5295
k141_50410	1991	9.06138	9.06138	17.4206
k141_97458	5832	9.60349	9.60349	18.932
k141_40441	2733	11.0751	11.0751	12.8735
k141_3100	6707	12.2914	12.2914	22.2305
k141_13182	3749	7.03695	7.03695	13.538
k141_97459	2176	8.16288	8.16288	21.6051
k141_50414	2323	4.4763	4.4763	5.52302
k141_3103	2042	10.9271	10.9271	14.5097
k141_58947	4634	7.82114	7.82114	14.1312
k141_21468	2100	9.98615	9.98615	20.9731
k141_13185	2284	7.28397	7.28397	14.4743
k141_3104	1576	7.64446	7.64446	9.8868
k141_50416	1854	15.6385	15.6385	147.309
k141_87640	2144	10.2633	10.2633	21.9472
k141_21471	2633	10.2066	10.2066	7.99073
k141_68866	8107	12.8898	12.8898	24.7328
k141_21473	2096	8.63001	8.63001	11.9431
k141_30739	2704	5.88998	5.88998	14.1418
k141_106139	10481	13.8043	13.8043	33.2722
k141_40445	8182	8.93289	8.93289	19.2462
k141_87647	2167	10.0307	10.0307	15.2281
k141_50420	1883	7.42066	7.42066	8.29229
k141_40446	1787	5.5675	5.5675	7.6796
k141_13195	3018	10.107	10.107	6.66345
k141_40447	1868	4.71886	4.71886	6.76948
k141_50424	1677	9.08055	9.08055	11.4596
k141_3108	6819	7.95202	7.95202	14.9028
k141_77768	18232	15.6081	15.6081	53.0757
k141_13199	2888	5.91088	5.91088	8.34649
k141_97460	17631	18.1587	18.1587	30.5055
k141_3111	1636	5.69314	5.69314	11.2472
k141_13200	1505	6.10184	6.10184	6.1196
k141_77771	2084	16.1608	16.1608	47.6063
k141_3114	2461	8.35309	8.35309	16.8839
k141_40453	4116	11.6727	11.6727	24.0678
k141_58950	15679	14.0509	14.0509	34.4679
k141_97466	2865	6.38048	6.38048	10.9109
k141_3121	1577	7.94184	7.94184	10.7363
k141_58951	2303	7.2471	7.2471	8.7976
k141_77775	2573	10.4272	10.4272	19.5759
k141_87650	12106	9.95224	9.95224	23.3247
k141_40458	3027	6.49983	6.49983	6.85721
k141_21489	4496	8.98642	8.98642	19.4415
k141_40460	2546	9.78297	9.78297	16.4371
k141_13213	1759	6.2542	6.2542	6.59519
k141_68879	13164	10.5412	10.5412	23.4034
k141_50434	5566	12.6651	12.6651	24.4906
k141_97477	3102	8.35603	8.35603	16.4469
k141_30761	3830	7.35842	7.35842	10.9749
k141_13215	1623	6.56415	6.56415	9.60205
k141_21491	5286	22.0092	22.0092	80.7253
k141_40461	3262	8.19923	8.19955	19.4135
k141_87657	2638	8.29904	8.29904	11.108
k141_21493	2106	10.7572	10.7572	17.288
k141_106146	23166	11.1561	11.1561	19.4852
k141_50439	2601	7.82823	7.82823	11.2517
k141_58962	2194	8.0044	8.0044	12.5773
k141_87658	2926	5.95605	5.95605	6.72025
k141_40469	1653	4.96806	4.96873	3.13418
k141_21496	3117	7.48365	7.48365	14.67
k141_77792	4093	15.1141	15.1141	27.2067
k141_21497	1884	4.4654	4.4654	4.46015
k141_87664	1640	4.96846	4.96846	10.048
k141_106148	7196	8.53662	8.53662	18.2181
k141_3123	13163	16.3906	16.3906	41.4284
k141_21499	2858	35.863	35.863	94.5485
k141_50441	5686	12.3121	12.3121	24.4863
k141_97486	9143	12.6839	12.6839	27.9232
k141_40478	1874	6.59281	6.59281	10.0106
k141_97487	1707	6.11432	6.11432	10.1193
k141_58972	2128	15.725	15.725	70.5424
k141_87670	3496	11.023	11.023	15.3211
k141_21506	1662	6.25926	6.25926	8.91499
k141_97500	1595	7.65329	7.65329	12.9095
k141_3131	1645	5.14448	5.14448	3.61101
k141_58973	4282	9.33567	9.33567	15.1095
k141_40480	15835	15.8008	15.8008	33.5319
k141_50453	4203	11.3018	11.3018	23.4239
k141_13248	2370	7.01712	7.01712	9.37417
k141_87675	1549	8.47105	8.47105	18.8745
k141_87677	1677	7.49967	7.49967	8.07584
k141_3135	2006	6.50269	6.50269	10.1316
k141_97516	2052	6.89905	6.89905	6.43271
k141_13250	4884	10.2438	10.2438	20.7202
k141_68913	2749	27.5887	27.5887	1649.83
k141_50454	7100	9.86388	9.86388	15.7509
k141_97522	1743	7.9705	7.9705	8.23717
k141_68915	1936	8.75308	8.75308	13.8052
k141_87681	5404	12.7556	12.7556	33.1617
k141_13251	1725	8.87111	8.87111	14.1707
k141_106162	19220	10.036	10.036	21.0897
k141_97525	1651	5.24384	5.2445	6.64615
k141_30764	34496	44.8822	44.8822	139.764
k141_68916	2124	9.50811	9.50811	11.0427
k141_50455	4537	7.60201	7.60201	10.703
k141_30766	2455	6.21952	6.21996	7.03275
k141_87689	2894	10.0904	10.0907	21.7289
k141_13259	2764	8.18592	8.18592	15.8552
k141_21510	15506	12.2661	12.2661	26.8734
k141_97528	4731	16.057	16.0572	29.8401
k141_68918	4651	8.11664	8.11664	10.2111
k141_58984	15350	10.6764	10.6764	21.1249
k141_87691	1964	10.0502	10.0502	10.885
k141_68921	3358	8.04426	8.04458	15.7789
k141_30769	3421	5.98227	5.98227	7.9545
k141_13263	1636	12.4576	12.4576	23.113
k141_50463	8163	7.6125	7.6125	12.8003
k141_68922	2589	7.75892	7.75892	10.3742
k141_87695	1524	5.00073	5.00073	7.83896
k141_13265	2391	6.80812	6.80812	6.7222
k141_40491	14399	35.1323	35.1323	133.11
k141_87696	1697	5.90692	5.90692	9.20088
k141_106183	1669	5.55826	5.55826	6.20988
k141_68923	2960	7.16548	7.16548	13.8148
k141_68924	2957	7.77877	7.77877	10.0861
k141_97533	13875	11.7497	11.7497	22.9675
k141_3138	25600	15.991	15.991	50.0223
k141_87698	2192	8.30607	8.30607	10.8788
k141_30777	2170	6.74851	6.74851	8.42319
k141_13271	2502	7.69388	7.69388	12.997
k141_58986	11794	21.0813	21.0813	51.6711
k141_87704	1577	6.2712	6.2712	6.92572
k141_68934	1578	4.94468	4.94468	7.70607
k141_13275	2515	11.5095	11.5095	20.3304
k141_3146	2314	6.87939	6.87939	9.57713
k141_50464	10590	9.77031	9.77031	17.5356
k141_87708	2403	5.94363	5.94363	5.76017
k141_40497	4991	9.7798	9.7798	19.3229
k141_40498	1517	6.53255	6.53255	9.36622
k141_3154	1524	7.02329	7.02329	10.585
k141_13277	1656	8.24236	8.24236	19.4529
k141_50466	6903	11.3458	11.3458	25.2398
k141_87717	1695	5.25761	5.25761	12.9155
k141_106202	2145	6.27569	6.27569	8.24694
k141_77793	45453	17.266	17.266	56.0633
k141_13280	1761	8.83613	8.83613	11.9781
k141_87719	1521	13.0401	13.0401	30.2939
k141_21513	17365	9.80976	9.80976	16.9117
k141_30793	2679	7.64176	7.64176	14.9483
k141_3155	5921	16.8851	16.8851	53.8653
k141_13281	2321	6.24182	6.24182	8.89495
k141_97557	1653	5.25416	5.25416	5.93792
k141_87721	1732	7.6024	7.6024	7.65901
k141_77794	2557	7.49231	7.49231	14.442
k141_59000	2420	8.03921	8.03921	15.485
k141_3158	1675	6.28525	6.28525	9.26574
k141_106205	3013	8.90499	8.90499	12.4564
k141_59001	1658	7.79178	7.79178	20.2618
k141_21516	2811	9.43555	9.43555	13.3316
k141_30796	2588	5.78753	5.78753	6.52767
k141_59002	1558	5.13778	5.13778	8.79696
k141_50473	2793	9.85131	9.85131	13.8278
k141_13284	2261	8.22975	8.22975	20.3194
k141_77797	4831	7.39799	7.39799	18.8282
k141_30797	5524	33.1608	33.1608	98.2767
k141_59013	1978	8.26258	8.26258	9.72524
k141_97563	4295	5.67286	5.67286	7.91106
k141_68945	11682	13.4018	13.4018	26.9345
k141_30800	1951	4.40255	4.40255	2.83731
k141_40502	11908	8.10248	8.10248	13.9654
k141_97565	2456	17.7121	17.7121	60.5773
k141_68947	1694	6.53756	6.53756	12.1022
k141_13287	2968	9.31867	9.31867	12.0588
k141_77806	1745	7.09718	7.09718	9.12664
k141_59020	1533	8.2885	8.2885	14.4615
k141_106216	3942	5.99631	5.99631	6.95698
k141_77807	1574	6.32163	6.32163	6.06934
k141_13293	2177	8.65466	8.65466	18.9479
k141_77808	2063	6.17146	6.17146	3.92036
k141_50489	1549	4.84918	4.84918	9.45721
k141_59023	3217	6.74046	6.74046	15.9945
k141_97574	2194	6.87965	6.87965	13.4716
k141_13297	2396	10.0525	10.0525	16.0115
k141_21519	15829	14.3082	14.3082	34.4525
k141_30812	6067	16.5581	16.5581	27.3417
k141_97576	3144	28.6453	28.6453	101.129
k141_59027	2254	5.4634	5.4634	9.43653
k141_13302	4061	6.77116	6.77116	12.0344
k141_30817	1535	6.70614	6.70614	15.9259
k141_3160	27005	12.4742	12.4742	21.6699
k141_106218	9543	11.6296	11.6296	26.4683
k141_97580	2047	11.4618	11.4618	21.5673
k141_21524	1633	7.84558	7.84558	10.3398
k141_77816	5448	7.70215	7.70215	12.4356
k141_50491	15069	16.4486	16.4486	30.8079
k141_13312	1771	8.0438	8.0438	12.2197
k141_40508	17384	11.6799	11.6799	20.3526
k141_30825	1814	4.67428	4.67428	3.34783
k141_40510	1768	11.33	11.33	48.4248
k141_50492	5237	11.3483	11.3483	23.0677
k141_59031	6136	9.91346	9.91363	31.8567
k141_87723	29369	17.9635	17.9635	39.7864
k141_21533	2142	8.1501	8.1501	15.6233
k141_97583	5544	12.602	12.602	29.0825
k141_40512	2285	12.3939	12.3939	24.2285
k141_3172	1555	6.79146	6.79146	14.8104
k141_59032	2477	4.88483	4.88483	7.593
k141_77824	2731	8.26889	8.26889	15.0488
k141_13318	2818	4.71514	4.71514	6.45203
k141_87726	1950	8.285	8.285	10.9766
k141_97585	3474	17.1483	17.1483	51.316
k141_13320	2349	8.80673	8.80673	14.7957
k141_50500	1865	10.2111	10.2111	12.61
k141_87729	1846	9.78302	9.78302	12.6432
k141_30833	2268	8.89046	8.89046	12.4537
k141_106235	2168	7.43508	7.43508	11.4458
k141_3179	3122	5.98217	5.98217	9.70241
k141_30836	1731	6.68627	6.68627	6.97752
k141_21538	6627	13.0523	13.0523	20.8112
k141_97588	4223	24.8564	24.8564	249.08
k141_87733	2227	12.2744	12.2744	37.6895
k141_40524	2478	10.0215	10.0215	36.2568
k141_30839	2214	5.3905	5.3905	5.12617
k141_13326	1787	5.19304	5.19304	7.21943
k141_21543	2025	7.52693	7.52693	10.9036
k141_77832	5591	8.75427	8.75446	14.4227
k141_87736	1902	14.1216	14.1216	22.2154
k141_59034	12914	14.4371	14.4371	39.7339
k141_3195	1611	7.29637	7.29637	10.6991
k141_50515	3168	11.8453	11.8453	21.3823
k141_97590	7893	17.7671	17.7671	53.0408
k141_3198	6891	10.3594	10.3594	24.8094
k141_30842	8475	14.237	14.237	28.2867
k141_97592	3451	5.76462	5.76462	11.5989
k141_40529	6488	13.0781	13.0781	29.934
k141_50523	3839	9.62781	9.62781	18.4972
k141_87741	3745	9.89819	9.89819	17.7572
k141_59046	1626	8.62263	8.62263	28.8438
k141_50524	2495	6.62431	6.62431	10.0683
k141_3204	4180	10.5598	10.5598	24.4836
k141_40535	1770	7.74938	7.74938	5.83343
k141_50529	2131	9.68147	9.68147	24.2882
k141_21558	1562	7.60836	7.60836	11.6105
k141_87744	3742	8.53341	8.53369	12.142
k141_3205	2241	9.58584	9.58584	18.4085
k141_97606	1537	9.40014	9.40014	19.3209
k141_13329	14605	10.7736	10.7736	20.5741
k141_21560	1799	7.28927	7.28927	16.7894
k141_59054	2042	7.24524	7.24524	9.49985
k141_97607	2010	6.59032	6.59032	5.61266
k141_106242	16848	12.2695	12.2695	22.2204
k141_40541	1832	4.78835	4.78835	3.82078
k141_87746	3349	6.92779	6.92779	8.31968
k141_68954	45738	15.0844	15.0844	28.6459
k141_21564	1923	7.98928	7.98928	11.1911
k141_106243	1609	5.82522	5.82522	4.95916
k141_59059	1880	9.41272	9.41272	6.22164
k141_50533	5106	16.7536	16.7536	30.5392
k141_40544	2682	8.91193	8.91193	31.6171
k141_97608	6418	11.7969	11.7969	25.5875
k141_13337	2670	9.36349	9.36349	10.2823
k141_30864	1973	13.7619	13.7619	41.0982
k141_50538	1708	5.65148	5.65148	3.68898
k141_87759	1679	6.62655	6.62655	8.12156
k141_13341	1720	6.41083	6.41083	10.6513
k141_30866	1523	4.9461	4.9461	4.98687
k141_97610	5221	15.5808	15.5808	27.4113
k141_40549	3091	8.9966	8.9966	12.7734
k141_21565	9489	9.06146	9.06146	20.344
k141_59062	2877	9.34103	9.34103	9.89984
k141_87763	1653	6.67399	6.67399	8.82707
k141_50546	1882	10.0433	10.0433	10.7197
k141_97614	3022	63.7274	63.7274	1578.68
k141_21566	5751	19.4153	19.4153	166.847
k141_13349	2962	8.8702	8.8702	14.5934
k141_3210	16928	10.7981	10.7981	17.0802
k141_106256	7769	9.83292	9.83292	15.8998
k141_77848	19329	11.7819	11.7819	24.2483
k141_30872	1944	6.44314	6.44314	12.4422
k141_50557	2543	10.557	10.557	32.6115
k141_13351	1749	13.1526	13.1526	71.4697
k141_21571	1962	4.71523	4.71523	5.19331
k141_3213	1903	8.23959	8.23959	15.6606
k141_68969	3081	9.98465	9.98465	15.1947
k141_50561	1517	4.4038	4.4038	4.83392
k141_59072	1887	7.11917	7.11917	9.77088
k141_97619	7047	10.0896	10.0896	18.1811
k141_3221	1515	3.34945	3.34945	3.06328
k141_13358	1538	4.61671	4.61743	6.05616
k141_3222	1631	4.82714	4.82782	4.21828
k141_97620	1704	5.97683	5.97683	7.25251
k141_50566	1550	8.26714	8.26714	13.0294
k141_30876	3028	8.20639	8.20639	11.8524
k141_59076	1932	93.569	93.569	521.925
k141_13362	1872	8.73287	8.73287	5.19995
k141_3223	2926	8.14589	8.14589	9.19215
k141_40552	6816	8.85013	8.85013	15.0968
k141_106263	3715	5.73548	5.73548	12.997
k141_13363	1888	7.86709	7.86709	9.37835
k141_21578	1991	8.85388	8.85388	17.4205
k141_40556	1868	15.479	15.479	58.8707
k141_68974	3476	6.97114	6.97114	12.0677
k141_59079	2070	4.38438	4.38438	7.58843
k141_77857	5620	8.58391	8.58391	16.424
k141_97625	4346	10.7097	10.7097	24.6908
k141_21584	1515	9.45348	9.45348	15.0017
k141_68980	1514	6.32771	6.32771	6.76632
k141_30879	5303	9.18785	9.18785	19.0443
k141_59082	2252	9.54519	9.54519	12.0149
k141_106271	1613	7.53178	7.53178	7.76216
k141_59084	1940	10.5358	10.5358	19.4798
k141_106272	2139	17.8029	17.8029	39.6395
k141_21587	4678	8.60402	8.60402	22.5135
k141_3230	4927	10.569	10.569	14.8076
k141_87766	20267	12.7759	12.7759	32.3204
k141_97628	8024	9.50775	9.50775	19.8727
k141_30887	1854	46.1473	46.1473	768.946
k141_77862	2629	7.17184	7.17184	15.0477
k141_13373	3715	5.91978	5.91978	10.1017
k141_3232	3200	75.0607	75.0607	4525.3
k141_59087	3224	6.97398	6.97398	11.6094
k141_40569	1606	12.3853	12.3853	18.4803
k141_13377	2239	4.2001	4.2001	4.03082
k141_97632	3205	6.65794	6.65794	3.89641
k141_30891	1589	7.71091	7.71091	10.9916
k141_59091	1620	8.3415	8.34218	6.95635
k141_50569	20573	10.7665	10.7665	21.4444
k141_3239	1933	7.30174	7.30174	8.52164
k141_97633	1612	8.17989	8.17989	13.9189
k141_106285	2967	9.68548	9.68548	11.1851
k141_40574	1699	6.35249	6.35249	8.79683
k141_87778	2495	5.97441	5.97441	9.31165
k141_3240	2032	6.30393	6.30393	12.7646
k141_13383	3631	7.87446	7.87446	15.6862
k141_59096	2713	8.86695	8.86695	21.7049
k141_97640	2454	29.5438	29.5438	170.028
k141_30893	5217	48.8644	48.8644	110.368
k141_97641	3241	8.46781	8.46813	14.8012
k141_3251	1710	12.2878	12.2878	12.9044
k141_106289	5745	11.1121	11.1121	26.3934
k141_3253	1730	11.4589	11.4589	33.7432
k141_97645	1886	5.6106	5.6106	7.42761
k141_3255	1541	5.39468	5.39468	7.20741
k141_13392	5373	20.6169	20.6169	43.1147
k141_87785	1730	6.38165	6.38165	17.1747
k141_50584	3046	7.24931	7.24931	8.21073
k141_13396	1639	6.80054	6.80054	14.1423
k141_106295	4307	11.0625	11.0625	17.5632
k141_87787	5063	18.7173	18.7173	49.7952
k141_3262	4563	10.6025	10.6025	19.3385
k141_40595	1712	10.6031	10.6031	24.379
k141_13400	2539	5.95354	5.95354	8.72189
k141_50591	1502	6.63462	6.63462	9.46373
k141_106297	3743	7.30476	7.30476	15.2952
k141_30901	9066	11.7172	11.7172	28.7599
k141_97658	1508	7.6377	7.6377	11.2686
k141_50595	2363	7.9277	7.9277	15.0151
k141_77903	5625	10.8904	10.8904	16.1985
k141_106298	2161	7.39085	7.39085	12.3059
k141_97659	1531	7.06662	7.06662	9.27093
k141_50598	1694	6.57189	6.57189	11.4737
k141_3272	1650	5.52733	5.52733	8.6431
k141_97662	1582	4.41411	4.41411	5.64602
k141_21591	40597	35.3165	35.3165	92.2813
k141_87792	5608	11.3481	11.3481	21.8205
k141_68987	36789	51.261	51.261	180.896
k141_59100	18187	20.3517	20.3517	46.0678
k141_97668	1553	5.93514	5.93514	7.93947
k141_40605	4906	7.88541	7.88541	14.4387
k141_3279	2809	8.07296	8.07296	11.3498
k141_30905	7880	22.6048	22.6048	66.4993
k141_13403	17701	9.39844	9.39844	15.8864
k141_59101	2145	6.23158	6.23158	9.95438
k141_50607	2618	8.78971	8.78971	14.347
k141_40606	2989	26.9415	26.9415	88.0152
k141_68990	2593	6.7061	6.7061	7.65068
k141_13405	1634	8.35647	8.35714	15.4987
k141_3286	1504	8.01034	8.01108	19.869
k141_59106	1532	6.33792	6.33792	5.78074
k141_50611	2973	8.2051	8.20545	13.4583
k141_30910	3981	9.53615	9.53615	15.7653
k141_68994	1515	7.36264	7.36264	8.69027
k141_40610	1833	7.25847	7.25847	8.72323
k141_21602	1596	6.22199	6.22199	8.98387
k141_68997	2609	12.072	12.0724	21.1005
k141_68998	1988	8.04026	8.0408	9.866
k141_40614	3200	10.5259	10.5259	13.9255
k141_87806	6477	10.4516	10.4516	18.8957
k141_21609	1737	4.97227	4.9729	8.28993
k141_13418	2976	6.01592	6.01592	10.0949
k141_3298	3638	14.7589	14.7589	29.8067
k141_106302	18458	13.8208	13.8208	32.1428
k141_21612	1813	6.39928	6.39928	8.23156
k141_13421	2092	7.04789	7.04789	20.8761
k141_106304	1551	9.54104	9.54104	12.7257
k141_3300	1879	6.0428	6.0428	8.13593
k141_69005	1994	5.782	5.782	7.94707
k141_50612	13586	10.2612	10.2612	18.2232
k141_77904	25718	13.0712	13.0712	44.6894
k141_30918	5883	6.97105	6.97105	11.8045
k141_50615	1765	7.12322	7.12322	15.8417
k141_13428	1915	6.73881	6.73881	11.0616
k141_21617	3177	7.77932	7.77932	11.4964
k141_50616	2220	7.743	7.743	12.859
k141_3303	6597	14.5151	14.5151	38.6563
k141_13431	1878	7.62037	7.62037	11.6927
k141_106305	5581	11.3611	11.3611	21.8929
k141_30920	3974	8.7874	8.7874	11.7421
k141_69012	2370	8.66802	8.66802	12.3462
k141_3311	2603	6.00082	6.00082	7.31074
k141_21619	2610	10.7935	10.7935	18.7552
k141_13433	5790	10.0984	10.0984	21.5839
k141_21621	2163	6.92846	6.92846	13.151
k141_106307	4230	10.2625	10.2625	20.8
k141_30926	1697	5.81965	5.81965	16.0185
k141_87818	6817	7.80546	7.80546	10.4702
k141_50619	13974	10.6208	10.6208	21.7443
k141_77916	1507	4.44731	4.44731	5.67809
k141_13441	3027	11.7612	11.7612	26.707
k141_13450	1588	7.14465	7.14465	10.8976
k141_50623	2958	6.13996	6.13996	10.9676
k141_106316	2016	6.64041	6.64041	7.41002
k141_13452	1773	8.20333	8.20333	15.9611
k141_30936	2883	6.42627	6.42627	6.44747
k141_77927	2162	8.12127	8.12177	7.76588
k141_69017	9078	20.3698	20.3698	65.5857
k141_50626	3543	9.05688	9.05688	24.8307
k141_3341	1953	5.30837	5.30837	11.3887
k141_13461	2614	12.526	12.526	29.9012
k141_50630	1962	7.77649	7.77649	21.1896
k141_3342	3605	10.6645	10.6645	17.2041
k141_87831	5760	9.63868	9.63886	14.1687
k141_13468	2367	9.33694	9.33694	12.1096
k141_13470	1800	8.64545	8.64545	15.7147
k141_3347	1613	8.68148	8.68148	19.5934
k141_106320	5346	9.21824	9.21824	27.6106
k141_69025	4136	12.8678	12.8678	31.6195
k141_50637	2775	4.90971	4.90971	3.77955
k141_69031	1578	6.40686	6.40686	6.24011
k141_40638	12042	12.7928	12.7928	25.2539
k141_87837	1714	3.65345	3.65345	2.81521
k141_30948	1595	5.92941	5.92941	12.984
k141_106325	4006	7.17401	7.17401	10.7747
k141_77929	5762	12.5903	12.5903	35.8452
k141_69032	1895	7.96218	7.96218	16.3414
k141_13475	2884	9.36028	9.36064	21.0115
k141_40640	3082	10.2285	10.2285	19.0175
k141_87838	2348	9.4909	9.4909	12.006
k141_77934	1528	5.59071	5.59071	5.54626
k141_106327	1951	7.92282	7.92282	12.7279
k141_87841	2105	5.62967	5.62967	5.85564
k141_69035	4653	10.8286	10.8286	22.8964
k141_97673	66362	16.33	16.33	33.8092
k141_50647	4570	9.35814	9.35814	16.0235
k141_97674	1636	10.5303	10.5303	15.8708
k141_13487	1610	8.12397	8.12397	13.1958
k141_77942	2214	6.46415	6.46415	10.2459
k141_13494	1709	5.53496	5.53496	6.39659
k141_87852	1918	9.20928	9.20928	18.1045
k141_13496	3943	20.6776	20.6776	44.6178
k141_106332	7209	8.94617	8.94617	23.6412
k141_30949	20257	15.8004	15.8004	29.9172
k141_97676	12134	9.95744	9.95744	19.4456
k141_87853	3326	7.89956	7.89956	13.3539
k141_97678	1981	5.8509	5.8509	7.55858
k141_40642	14033	11.4943	11.4943	26.0308
k141_30953	1751	5.72267	5.72267	7.06188
k141_13511	1829	6.56284	6.56284	23.355
k141_3393	6665	7.83438	7.83438	16.6208
k141_13512	1798	9.17233	9.17233	14.0321
k141_50648	16092	13.4065	13.4065	27.8898
k141_3396	1921	10.3337	10.3337	18.4021
k141_30955	4884	6.61766	6.61766	7.90528
k141_87862	1694	5.84391	5.84391	4.92119
k141_30957	1845	22.6419	22.6419	138.443
k141_97688	1969	9.00605	9.0066	10.8526
k141_97691	2875	7.60881	7.60881	10.1502
k141_13520	2479	4.83298	4.83298	7.1538
k141_106349	1718	7.84949	7.84949	13.3748
k141_30966	1792	8.68636	8.68636	18.5165
k141_50651	8342	10.2114	10.2114	26.4169
k141_40658	2528	9.57065	9.57065	20.2351
k141_106351	1858	9.13408	9.13408	25.2247
k141_97695	1530	5.47826	5.47899	6.3455
k141_13522	4995	16.5333	16.5333	35.0876
k141_50656	2109	8.45584	8.45584	13.7651
k141_97697	1814	5.10457	5.10457	6.46412
k141_50657	1580	14.8441	14.8441	24.8077
k141_77961	5965	7.79639	7.79639	15.5327
k141_87864	13201	14.3512	14.3512	32.5894
k141_3401	9377	14.2209	14.2209	29.6829
k141_13524	4702	8.39214	8.39214	16.3946
k141_3404	2146	6.51503	6.51503	10.2248
k141_87866	2449	7.54197	7.54197	14.472
k141_50660	2066	4.97495	4.97495	7.59626
k141_106355	2886	8.69554	8.69554	16.3362
k141_30982	1525	5.90327	5.90327	5.16169
k141_87868	1561	4.46208	4.46208	3.01043
k141_77965	2665	8.00914	8.00914	12.6789
k141_87871	2131	7.05351	7.05351	16.4345
k141_13535	1535	7.51625	7.51625	7.7152
k141_30983	2427	7.05621	7.05621	12.1541
k141_97710	1674	4.80577	4.80577	12.2091
k141_50669	2328	8.7337	8.7337	10.3388
k141_69036	34332	13.0214	13.0214	27.3531
k141_106362	2706	10.4085	10.4085	22.6622
k141_69038	1645	7.12107	7.12107	9.16537
k141_106365	2588	16.7432	16.7432	18.7844
k141_77977	6175	16.6186	16.6186	79.893
k141_50680	3049	10.2335	10.2339	25.1358
k141_106368	2058	6.21017	6.21017	5.36901
k141_97712	7275	13.1743	13.1743	23.66
k141_13541	5859	9.85006	9.85006	23.0818
k141_30986	6474	9.95636	9.95636	24.1866
k141_40674	9534	15.2462	15.2462	51.9846
k141_69039	5051	9.40339	9.40339	18.7961
k141_87884	10641	10.385	10.385	22.5191
k141_3405	17753	9.89229	9.89229	18.2981
k141_13545	2587	5.82519	5.82519	5.18535
k141_87886	1987	4.60533	4.60533	7.18787
k141_106372	3294	8.05407	8.05407	15.243
k141_77978	5215	10.6796	10.6796	18.9776
k141_97721	4402	10.3577	10.3577	16.5611
k141_21626	59444	21.2999	21.2999	51.2119
k141_40683	1581	6.18658	6.18658	14.0666
k141_87889	1709	7.57729	7.57729	14.0593
k141_59113	98230	31.8042	31.8042	76.8933
k141_97723	2451	8.2086	8.2086	12.26
k141_87892	1605	9.05155	9.05155	19.5111
k141_21630	1579	5.28691	5.28691	11.5255
k141_106378	1629	5.81542	5.81542	8.26834
k141_69046	4912	6.90655	6.90655	11.7667
k141_30994	7101	13.9865	13.9865	28.5209
k141_77983	1715	7.96869	7.96869	15.4459
k141_21632	1597	5.96199	5.96199	5.78072
k141_13559	2455	9.64252	9.64252	10.161
k141_50694	4084	13.9245	13.9245	56.7041
k141_40691	2360	11.0285	11.0285	15.5977
k141_30995	2443	5.63061	5.63061	14.3482
k141_77987	1503	5.76792	5.76792	8.85736
k141_69051	2433	7.03592	7.03592	9.82517
k141_21634	3196	9.58273	9.58273	16.1092
k141_106385	1579	6.03919	6.03919	7.15958
k141_87902	1657	9.46715	9.46715	8.36731
k141_30996	5520	12.259	12.259	21.492
k141_40696	1744	5.04893	5.04893	10.3529
k141_50696	7663	11.4983	11.4983	28.0817
k141_59130	2496	5.0503	5.0503	7.10893
k141_21637	4972	8.46495	8.46495	16.9861
k141_97727	9349	8.90716	8.90716	11.5383
k141_69058	1579	6.63401	6.63401	9.53895
k141_87907	2239	7.81044	7.81044	15.2007
k141_30997	2563	7.0862	7.0862	14.0928
k141_50698	1645	12.7498	12.7498	27.517
k141_21638	2024	6.09979	6.09979	9.73111
k141_69059	1776	4.82841	4.82903	4.66739
k141_3421	12263	11.0527	11.0527	22.6276
k141_97730	3125	7.38353	7.38353	12.1989
k141_21646	2163	9.45504	9.45504	10.8445
k141_3423	1925	4.59549	4.59549	4.48341
k141_21647	1917	4.52122	4.52179	3.61322
k141_106396	1892	5.9977	5.9977	9.79436
k141_31006	2225	8.99711	8.99711	21.6289
k141_97735	2835	6.00074	6.00074	13.5068
k141_106398	1893	24.7774	24.7774	334.589
k141_50699	9551	20.2488	20.2488	58.5565
k141_21651	1604	5.80055	5.80055	5.78535
k141_78009	1602	6.98072	6.98072	10.4765
k141_59139	1569	9.73996	9.73996	20.6791
k141_13562	17466	24.8534	24.8534	53.3428
k141_59140	1536	11.1486	11.1486	13.4278
k141_21653	2847	11.4023	11.4023	27.6789
k141_69072	1819	6.59736	6.59736	8.11235
k141_106403	2091	9.00258	9.00258	13.3953
k141_3429	2572	5.39967	5.39967	5.07024
k141_78013	1563	6.72682	6.72682	9.41395
k141_106404	1800	10.003	10.003	24.7441
k141_3430	1654	5.52992	5.52992	4.30518
k141_78015	1506	6.30162	6.30162	10.3496
k141_13567	1855	9.06745	9.06745	17.7589
k141_87919	5755	8.18769	8.18769	12.5834
k141_31018	1594	7.1482	7.1482	25.0438
k141_3434	1768	9.8597	9.86032	23.5847
k141_50710	1851	6.99059	6.99059	8.13522
k141_40703	12214	9.66081	9.66089	16.8023
k141_13571	2223	5.71008	5.71008	5.98301
k141_106410	1592	5.75104	5.75104	10.183
k141_97737	9913	9.87217	9.87217	20.3481
k141_13572	2093	7.63201	7.63201	14.4521
k141_78020	2200	8.28098	8.28098	12.0929
k141_59141	8717	8.03362	8.03362	15.6521
k141_87928	1699	6.60168	6.60168	7.71009
k141_13575	1647	3.8183	3.8183	3.01374
k141_69084	1737	6.83302	6.83302	7.55782
k141_106413	1983	7.16039	7.16039	12.2602
k141_69086	2314	3.96673	3.96673	4.14871
k141_50712	4295	8.48878	8.48878	13.4681
k141_40709	3318	8.6029	8.6029	11.4172
k141_13580	2383	27.0519	27.0519	81.6689
k141_3442	5720	8.75153	8.75171	16.0058
k141_87931	1978	6.62309	6.62309	9.05162
k141_78023	1779	6.5795	6.5795	12.9208
k141_13583	2374	6.12185	6.12185	7.19031
k141_50718	3020	20.6192	20.6192	43.0855
k141_97756	1542	6.26293	6.26293	6.32333
k141_13585	1850	8.94588	8.94588	26.3195
k141_31028	3243	7.57646	7.57646	10.9098
k141_78026	5231	7.86263	7.86263	15.9112
k141_97757	2061	6.65725	6.65725	8.44721
k141_31031	1916	7.15629	7.15629	8.41183
k141_3454	2618	16.2253	16.2253	42.2454
k141_106430	1584	4.60251	4.60251	4.01216
k141_31033	2049	8.59084	8.59084	20.6823
k141_50724	3472	10.5388	10.5388	25.7427
k141_13591	3208	14.9006	14.9006	34.6626
k141_59162	2036	15.711	15.711	30.4103
k141_50725	1919	12.2397	12.2397	44.687
k141_87944	5322	12.255	12.255	57.5363
k141_59163	2320	12.8041	12.8041	54.9568
k141_97762	4889	7.3066	7.3066	12.4674
k141_3459	3545	14.7561	14.7561	45.898
k141_50728	1513	7.9193	7.9193	13.9553
k141_87952	1733	8.12318	8.12318	13.5227
k141_78042	3719	9.32838	9.32838	12.7591
k141_106438	2981	12.1339	12.1339	44.5977
k141_97768	1989	7.17455	7.17455	9.18009
k141_40714	12418	29.6272	29.6272	85.7538
k141_3461	2172	9.25569	9.25569	9.6392
k141_13605	1576	5.77139	5.77139	4.88803
k141_106439	1736	6.1034	6.1034	11.7192
k141_78043	2538	6.55193	6.55193	8.32866
k141_13606	1798	9.68265	9.68265	47.3617
k141_3462	3549	6.2892	6.2892	9.68593
k141_106443	3072	6.30869	6.30869	11.3616
k141_78050	1587	7.34238	7.34238	13.7072
k141_31040	11223	19.0316	19.0316	60.65
k141_59174	3633	18.2509	18.2509	35.3749
k141_40720	3214	8.99674	8.99674	18.935
k141_97773	5603	11.0939	11.0939	15.6362
k141_50744	1609	14.2796	14.2796	31.2606
k141_59176	1747	4.9474	4.9474	5.69271
k141_13613	2982	11.0586	11.0586	21.8705
k141_97776	1803	14.3055	14.3055	35.268
k141_31044	4757	6.70176	6.70176	6.38044
k141_78055	2610	9.48171	9.48171	17.1347
k141_40723	3878	9.63171	9.63171	16.6776
k141_50745	3677	6.53757	6.53757	12.0937
k141_3473	2691	51.5482	51.5482	100.402
k141_13616	5213	7.70768	7.70768	13.4465
k141_3474	2087	5.59525	5.59525	3.22453
k141_59177	6293	7.68077	7.68077	16.8995
k141_3476	1849	7.03708	7.03708	13.3362
k141_69097	28652	17.0495	17.0495	43.9128
k141_50749	5178	11.8777	11.8777	27.8001
k141_31048	1619	4.98639	4.98639	4.46438
k141_13623	2587	10.1362	10.1362	20.19
k141_69099	2933	7.28782	7.28782	13.8722
k141_50750	3136	12.562	12.562	22.3354
k141_3482	1808	5.34439	5.34439	12.1523
k141_97786	9873	16.1004	16.1004	34.4592
k141_31054	2103	7.44137	7.44137	14.2553
k141_40731	3045	11.0021	11.0024	19.9547
k141_3485	2103	5.10753	5.10753	10.8838
k141_3487	1594	3.73892	3.73892	2.71557
k141_59179	5445	8.05609	8.05609	11.35
k141_50754	5657	17.7302	17.7302	35.684
k141_106464	3596	9.71097	9.71097	18.111
k141_69103	2852	7.81162	7.81162	15.9323
k141_106465	1692	8.54929	8.54929	16.877
k141_69104	1674	5.82415	5.82415	6.83317
k141_40733	4604	7.62775	7.62775	11.2523
k141_31063	8756	15.7545	15.7545	41.9114
k141_13628	6974	8.61035	8.61035	15.1347
k141_69107	2077	7.04411	7.04411	11.793
k141_40734	1519	9.0599	9.0599	12.8648
k141_31065	1625	7.16542	7.16542	11.9727
k141_87959	28843	27.7335	27.7335	61.3281
k141_106467	4767	8.18259	8.18259	18.1475
k141_31070	3016	8.36497	8.36497	14.6995
k141_50771	2883	17.5924	17.5928	19.8247
k141_69108	4503	9.96899	9.96899	21.6226
k141_31071	2112	6.6208	6.6208	9.43492
k141_50775	1675	6.08984	6.08984	5.43879
k141_87961	2588	6.1653	6.1653	5.02687
k141_31073	1562	6.49363	6.49363	10.3522
k141_87962	1506	10.5472	10.5472	21.3639
k141_50780	2013	5.3956	5.3956	4.49379
k141_69109	1542	5.71839	5.71839	7.16862
k141_69111	2977	6.29112	6.29112	10.731
k141_50784	3239	12.8598	12.8598	34.1788
k141_106474	2545	7.41211	7.41211	10.0161
k141_13636	17912	9.29135	9.29135	18.1306
k141_87964	3491	6.30171	6.30171	10.6958
k141_59185	15410	14.5125	14.5125	41.3449
k141_40744	10348	8.9091	8.9091	19.9884
k141_50788	9164	12.7347	12.7347	29.3536
k141_40745	4421	8.93421	8.93421	12.6384
k141_40748	2357	6.3285	6.3285	8.82814
k141_59196	2457	6.7772	6.7772	9.78028
k141_13644	2789	18.0496	18.0496	36.4262
k141_106486	1656	6.84661	6.84661	11.3844
k141_50801	3207	5.46582	5.46582	10.9019
k141_106489	1662	5.86839	5.86839	6.86886
k141_50804	1679	6.75474	6.75474	8.75589
k141_21659	81483	17.3203	17.3203	194.959
k141_13663	1582	6.81425	6.81425	9.19254
k141_40753	5300	12.1802	12.1802	20.0692
k141_87967	9408	11.0176	11.0176	24.9877
k141_13668	2156	6.85045	6.85045	16.3676
k141_40756	2281	4.55232	4.55232	7.4408
k141_50814	2682	8.15324	8.15324	10.7817
k141_13670	4250	6.73902	6.73902	9.6986
k141_3490	64804	39.3836	39.3836	100.27
k141_50815	2271	9.39745	9.39745	14.1709
k141_3494	1587	3.98191	3.98191	7.85757
k141_13671	2154	8.76347	8.76347	12.9984
k141_31102	4450	35.9265	35.9265	95.7413
k141_106501	1763	6.3261	6.3261	4.82037
k141_40765	2576	4.90643	4.90643	8.13349
k141_31106	2596	8.46688	8.46688	14.3259
k141_106503	3671	11.2744	11.2744	22.3587
k141_87983	4672	8.04246	8.04268	14.5351
k141_87984	1536	25.3752	25.3752	124.854
k141_87985	1905	31.9966	31.9966	276.908
k141_78058	48897	20.0799	20.0799	70.0454
k141_13682	2194	6.42123	6.42123	6.37413
k141_21663	14862	17.853	17.853	36.7809
k141_50827	2248	6.06578	6.06578	8.7377
k141_13684	1924	6.62007	6.62007	13.5161
k141_69116	23412	12.4872	12.4872	22.0446
k141_21665	2030	6.15372	6.15372	5.1328
k141_3511	1737	10.3793	10.3793	12.8761
k141_50831	1916	10.5334	10.5334	23.6121
k141_106507	2319	7.51591	7.51591	6.55246
k141_31108	5102	15.9853	15.9853	78.4053
k141_40769	13288	26.4585	26.4585	76.4811
k141_13693	2438	6.02972	6.02972	4.79845
k141_40770	2020	14.4979	14.4979	42.9104
k141_3515	2188	7.58832	7.58832	8.63801
k141_87988	2847	66.2432	66.2432	290.646
k141_59202	29051	35.9092	35.9092	99.5547
k141_50837	3152	6.46802	6.46802	10.6609
k141_31109	2199	6.51489	6.51489	11.0476
k141_78065	2414	6.35601	6.35601	9.93421
k141_13697	1642	7.10523	7.10523	12.7851
k141_87992	2041	7.27499	7.27499	13.9085
k141_31110	3286	6.12564	6.12564	8.09072
k141_78068	1796	5.72722	5.72722	6.40639
k141_13700	3046	6.6509	6.6509	12.9906
k141_50843	2846	5.15987	5.15987	5.06276
k141_40776	7420	30.0402	30.0402	146.171
k141_31113	1697	5.05042	5.05107	8.55561
k141_3523	9287	11.0889	11.0889	25.9374
k141_50844	2076	6.61319	6.61319	12.0045
k141_69117	14701	13.4176	13.4176	37.64
k141_40779	4259	8.22098	8.22098	9.99265
k141_106516	8768	16.1881	16.1881	43.3999
k141_3527	1506	11.3525	11.3525	34.2416
k141_50848	1533	8.22921	8.22921	7.98289
k141_106518	2101	7.62942	7.62942	14.2907
k141_13701	10568	13.7226	13.7226	72.627
k141_13706	1514	6.56232	6.56232	13.8824
k141_69123	2922	5.26118	5.26118	5.52619
k141_106520	1776	7.7952	7.7952	31.1119
k141_13707	3050	8.16103	8.16103	16.6111
k141_50863	1793	7.46622	7.46622	12.6668
k141_50864	3019	9.96445	9.96445	17.6111
k141_3553	1718	7.47321	7.47321	9.8155
k141_50865	1999	4.78042	4.78042	5.30783
k141_13718	1509	6.05739	6.05739	8.8229
k141_3558	3492	8.73429	8.73429	12.1988
k141_50866	4733	17.6557	17.6557	296.925
k141_40785	12298	18.3849	18.3849	47.9548
k141_13724	2671	5.16065	5.16065	8.71027
k141_78092	10517	28.3459	28.3459	796.678
k141_69132	6317	28.8706	28.8706	74.9879
k141_40787	2480	6.0618	6.06223	9.16788
k141_3562	1578	4.18347	4.18347	3.77428
k141_97789	129150	58.5354	58.5354	158.621
k141_69133	1837	5.67457	5.67457	6.58975
k141_50870	4334	13.8585	13.8585	29.8982
k141_40791	1526	7.12355	7.12355	10.2175
k141_97791	1628	7.44655	7.44655	9.76123
k141_3563	3945	8.717	8.717	15.3401
k141_13725	4732	8.27586	8.27586	25.5391
k141_69136	1767	7.55473	7.55473	6.53796
k141_97792	2203	6.3736	6.3736	8.90079
k141_106523	18455	14.2797	14.2797	25.2233
k141_31114	25979	10.9681	10.9681	23.1837
k141_50875	2383	8.80072	8.80072	13.2545
k141_78101	2739	8.33874	8.33874	13.8376
k141_97794	1711	8.80141	8.80141	12.9427
k141_78104	1804	3.83797	3.83797	3.36996
k141_97799	3048	8.40442	8.40442	15.0109
k141_106533	2055	13.7711	13.7711	57.0063
k141_3571	5112	11.5711	11.5711	31.47
k141_87998	37386	16.6442	16.6442	36.5118
k141_97800	1646	6.21056	6.21056	6.30548
k141_69145	1502	5.0392	5.0392	5.13613
k141_40792	11730	14.456	14.456	46.5291
k141_78105	9973	10.4752	10.4752	21.0587
k141_97805	1517	8.1346	8.1346	11.181
k141_3576	2542	14.3725	14.3725	23.9579
k141_97806	1661	9.51291	9.51291	13.2076
k141_88004	1931	5.99607	5.99607	11.0646
k141_31129	2647	12.9247	12.9247	44.7477
k141_106541	2053	11.4461	11.4461	25.0748
k141_97812	1600	5.72207	5.72207	5.83645
k141_50876	19738	12.7823	12.7823	22.5336
k141_13755	1627	9.04198	9.04198	16.3371
k141_88010	2452	6.38836	6.38836	9.82483
k141_97816	2670	7.38214	7.38214	12.4323
k141_3580	1524	6.49127	6.49127	7.20707
k141_40798	7754	18.9987	18.9987	83.6221
k141_97819	4706	7.08275	7.08297	13.6672
k141_106548	3614	15.5208	15.5208	83.0477
k141_50879	8981	10.643	10.643	21.5145
k141_97820	1512	5.58737	5.58737	9.17265
k141_78117	2625	48.1463	48.1463	86.1307
k141_3584	1658	6.61406	6.61406	12.7215
k141_3586	2061	7.58503	7.58503	11.2901
k141_50887	1829	5.79869	5.79869	8.02139
k141_13760	9069	35.634	35.634	175.27
k141_50890	2232	5.58598	5.58598	4.1995
k141_69160	6967	9.71248	9.71248	21.4603
k141_78121	4137	23.8646	23.8646	100.48
k141_69163	3047	10.7138	10.7142	9.42856
k141_3590	2533	9.64624	9.64624	16.4958
k141_59207	75737	32.2293	32.2293	128.376
k141_3592	4079	7.92492	7.92492	17.4097
k141_88017	10291	16.1817	16.1817	30.358
k141_13763	3488	7.99131	7.99131	13.1426
k141_97835	3543	8.14589	8.14589	20.1928
k141_88018	1810	6.8241	6.8241	13.6314
k141_3593	1715	8.84856	8.84856	10.3984
k141_69164	1747	8.30683	8.30683	18.0625
k141_50893	7937	20.0109	20.0109	111.637
k141_69167	1599	6.13941	6.13941	11.2346
k141_97839	2454	7.25347	7.25347	9.65957
k141_13769	1776	7.83272	7.83272	11.8611
k141_59211	4758	12.2174	12.2174	20.5004
k141_88021	2156	7.11266	7.11266	10.0341
k141_97842	1564	6.41938	6.41938	4.46874
k141_13771	4112	6.42378	6.42378	7.51922
k141_50901	2965	7.21421	7.21421	19.2421
k141_88023	2948	14.0218	14.0218	48.8071
k141_3601	3343	14.3818	14.3818	36.2675
k141_78129	2137	4.3392	4.3392	4.6865
k141_106563	12315	15.8848	15.8848	38.57
k141_97844	1671	6.35371	6.35371	5.53009
k141_69172	2991	9.2823	9.2823	14.8223
k141_3607	1505	6.05978	6.05978	13.8554
k141_31138	36898	40.5293	40.5293	112.608
k141_50911	3071	10.2852	10.2852	15.2248
k141_59218	2178	7.9714	7.9714	21.5701
k141_69175	1554	7.5463	7.5463	11.5923
k141_88027	4134	9.3873	9.3873	22.9091
k141_31139	4945	10.1579	10.1579	14.2018
k141_50915	1589	4.58374	4.58374	4.69384
k141_13775	9645	10.1182	10.1182	17.9177
k141_78137	3110	10.6953	10.6953	18.7849
k141_31142	1848	8.86042	8.86042	11.4789
k141_69180	1916	9.44337	9.44337	18.2201
k141_88030	3015	6.4925	6.4925	8.02524
k141_78142	1985	5.86376	5.86376	6.75459
k141_3614	7736	11.3828	11.3828	22.2473
k141_106580	1886	8.21083	8.21083	16.7901
k141_88034	2160	7.67164	7.67164	11.5704
k141_50922	3756	12.8353	12.8353	24.8857
k141_97848	15444	12.0299	12.0299	22.2868
k141_88039	1853	10.3799	10.3799	23.7984
k141_69181	2934	10.6117	10.6117	18.2002
k141_3618	3340	8.29781	8.29781	13.8851
k141_78146	1622	7.1019	7.1019	7.10181
k141_59227	6044	7.33865	7.33865	13.3733
k141_3619	1880	9.22832	9.22832	18.5292
k141_13779	10262	13.6374	13.6374	139.28
k141_69183	4748	9.14832	9.14854	14.5347
k141_78148	1697	5.74725	5.74725	9.30284
k141_97850	2224	7.83365	7.83365	8.14164
k141_88040	2131	9.12822	9.12822	12.5502
k141_97852	1871	5.42243	5.42243	8.53483
k141_40809	32944	18.6954	18.6954	37.1785
k141_50925	4491	9.11679	9.11679	27.4982
k141_21670	93748	25.922	25.922	55.483
k141_40811	1991	7.81477	7.81477	12.7065
k141_50927	5282	17.6553	17.6553	65.029
k141_106585	12795	9.33523	9.33531	17.1797
k141_88041	4535	7.37719	7.37742	10.7499
k141_21680	1558	9.65554	9.65554	16.8785
k141_31143	25898	17.1975	17.1975	43.8009
k141_106590	2029	36.272	36.272	368.827
k141_78155	4948	19.7568	19.7568	45.4593
k141_97866	3706	7.23875	7.23875	10.2927
k141_31144	2171	10.2533	10.2533	12.0309
k141_69187	7901	9.96323	9.96323	18.3179
k141_78157	2050	7.36895	7.36895	9.07234
k141_50931	2851	9.33876	9.33913	13.0916
k141_88045	1997	15.9361	15.9361	73.1824
k141_21682	3822	12.0831	12.0831	32.5988
k141_21684	1603	4.58706	4.58706	3.91751
k141_97867	2752	14.6422	14.6422	41.1559
k141_13786	11549	10.6683	10.6683	20.3153
k141_106591	5310	9.66996	9.67015	23.397
k141_78165	1685	11.344	11.344	25.1463
k141_97872	1824	7.14217	7.14217	8.8142
k141_50934	2554	7.86398	7.86398	15.8286
k141_59253	2170	7.67525	7.67525	9.8846
k141_97873	1550	5.17214	5.17214	9.57792
k141_31146	8481	10.1951	10.1951	16.3742
k141_50937	2103	6.48899	6.48899	9.54509
k141_21689	1502	8.08284	8.08284	7.53124
k141_40818	11122	17.6487	17.6487	67.0919
k141_50940	1771	7.6095	7.6095	12.7653
k141_59255	4006	7.50467	7.50467	14.9395
k141_21690	1781	5.65849	5.65849	9.30848
k141_88050	2231	8.75012	8.75012	16.2404
k141_97882	1765	6.0644	6.0644	4.71451
k141_78175	2112	8.2105	8.2105	19.7389
k141_3640	15633	9.7775	9.7775	18.8973
k141_69201	1676	5.20118	5.20118	8.48869
k141_31152	1732	12.9956	12.9956	27.4593
k141_50949	2504	5.99023	5.99023	8.064
k141_31153	1668	4.34717	4.34717	3.36855
k141_3644	1610	4.78904	4.78904	3.91982
k141_69204	2465	8.35292	8.35292	17.1119
k141_31154	1850	8.42824	8.42824	14.6407
k141_78178	4237	7.77416	7.77416	11.4133
k141_97892	1609	7.53873	7.53873	12.3488
k141_31159	2314	8.4963	8.4963	11.1775
k141_97893	1947	18.1547	18.1553	66.6549
k141_106607	5363	13.1044	13.1044	34.626
k141_50951	8509	7.23532	7.23532	10.7439
k141_69209	2091	8.43843	8.43895	21.1867
k141_50954	2089	10.5467	10.5467	33.6722
k141_21697	9740	14.9364	14.9364	28.9999
k141_97904	1840	4.52308	4.52308	8.38217
k141_13795	26866	24.633	24.633	49.1851
k141_106609	1726	7.83376	7.83376	20.4714
k141_78185	1532	7.16787	7.16787	9.25201
k141_69211	5110	8.96371	8.96371	15.6065
k141_3658	12825	10.5931	10.5931	19.8659
k141_31161	5263	13.6104	13.6104	102.021
k141_50955	5911	13.7466	13.7466	30.2338
k141_97908	2490	7.2312	7.2312	7.99055
k141_3664	1855	7.73666	7.73666	21.3595
k141_106612	1608	13.2586	13.2586	16.3222
k141_78187	1885	6.74813	6.74813	9.69835
k141_69213	1992	6.88436	6.88436	7.8796
k141_3665	1812	6.97413	6.97413	6.35039
k141_59257	16548	11.2592	11.2592	22.4066
k141_31167	1570	7.07958	7.07958	14.6849
k141_50960	4153	9.30327	9.30327	14.4253
k141_97909	9814	18.9434	18.9434	57.9595
k141_13808	5917	10.0884	10.0884	13.633
k141_69218	4266	10.1212	10.1212	21.4102
k141_3671	6895	9.50986	9.50986	21.5583
k141_31169	7207	12.1951	12.1951	20.7315
k141_78189	9756	10.1518	10.1518	17.7518
k141_13812	10951	8.53939	8.53939	19.0814
k141_69225	1578	6.82983	6.82983	10.6445
k141_31170	1754	7.32107	7.32107	7.19261
k141_88054	24903	15.7536	15.7536	33.4904
k141_21698	16168	15.5569	15.5569	28.7595
k141_50980	6297	14.291	14.291	30.4219
k141_50981	1510	6.09338	6.09338	13.7095
k141_13813	3424	9.94624	9.94624	16.3221
k141_88057	1630	7.64257	7.64257	7.20621
k141_106617	15373	12.7817	12.7817	28.1225
k141_78196	3677	9.77686	9.77686	14.7655
k141_13817	9777	9.80046	9.80046	17.2515
k141_21703	1532	5.32996	5.32996	8.33707
k141_97919	18082	16.5917	16.5917	31.0359
k141_31171	6228	8.54426	8.54442	15.4438
k141_50983	16561	11.7468	11.7468	26.0832
k141_97922	2727	11.1184	11.1184	28.9903
k141_78199	1549	8.59328	8.59328	23.8195
k141_106618	3917	10.3233	10.3233	23.9941
k141_13820	2654	6.58946	6.58946	11.9936
k141_50985	2396	7.60196	7.60196	14.8847
k141_97923	3714	15.4341	15.4341	53.5505
k141_78206	1816	8.57983	8.57983	19.3009
k141_69236	4489	7.39756	7.39756	12.9845
k141_50988	2359	5.93255	5.93255	14.8028
k141_21706	3858	8.3808	8.3808	11.9598
k141_59279	6022	8.01993	8.01993	9.74023
k141_97928	1820	9.07844	9.07844	8.3264
k141_59280	1704	6.30824	6.30824	11.5668
k141_13825	2453	9.38732	9.38732	13.3399
k141_106621	2931	6.40022	6.40022	8.55385
k141_13826	1660	5.47219	5.47219	3.93796
k141_78207	4458	32.6662	32.6662	106.017
k141_13827	2513	9.00889	9.00889	15.7929
k141_97941	3104	6.70684	6.70684	7.22994
k141_13829	6489	9.28853	9.28853	17.4662
k141_69243	2549	5.2722	5.2722	6.55263
k141_78212	1656	5.24104	5.2417	8.22334
k141_106629	2406	9.28369	9.28369	9.46883
k141_13831	3285	10.5241	10.5241	25.9465
k141_88068	5615	7.46478	7.46478	14.6907
k141_69247	1709	6.29314	6.29314	11.785
k141_59285	3235	6.53938	6.53938	8.74341
k141_21710	4829	9.37871	9.37871	12.1204
k141_88073	2079	5.4479	5.4479	5.49019
k141_97959	1773	5.61553	5.61553	8.53891
k141_21711	2974	10.4529	10.4529	15.7038
k141_59286	2111	8.3998	8.3998	17.694
k141_69252	2660	5.91873	5.91873	6.55136
k141_31184	3162	10.0568	10.0568	16.1177
k141_3677	53791	34.2501	34.2501	238.55
k141_106634	7100	16.1797	16.1797	35.3664
k141_69255	1582	26.0265	26.0265	125.62
k141_13833	14500	9.95275	9.95275	18.9753
k141_69256	2889	7.18255	7.18255	12.6576
k141_106635	2769	8.49866	8.49866	10.6405
k141_3679	2038	20.6102	20.6102	84.9955
k141_59292	1896	6.57732	6.57732	7.14965
k141_13838	3446	10.8474	10.8474	31.0678
k141_50989	28076	17.0905	17.0905	35.2755
k141_97979	1718	9.08418	9.08418	34.3374
k141_21714	5459	5.96647	5.96647	8.15498
k141_3686	2078	10.9305	10.9305	28.3658
k141_106637	1993	8.79436	8.79436	13.8691
k141_31192	2505	6.32654	6.32654	10.8886
k141_97980	5343	7.63046	7.63046	16.1044
k141_13843	3798	9.42023	9.42023	20.1627
k141_106638	2812	7.41473	7.41473	10.8944
k141_88076	12275	17.6642	17.6642	43.5602
k141_21715	1660	4.74503	4.74503	3.75536
k141_3690	2062	6.14383	6.14383	7.33409
k141_97982	2941	5.58151	5.58151	9.06861
k141_88079	1616	4.70805	4.70805	4.05806
k141_106643	1538	8.36311	8.36311	19.0173
k141_50997	3161	6.86383	6.86383	13.5855
k141_59294	6996	10.5987	10.5987	21.6655
k141_50998	1545	4.88889	4.88961	5.60617
k141_106645	2200	8.42	8.42	13.7957
k141_97983	5636	13.9105	13.9105	35.6658
k141_50999	2079	23.8175	23.8175	89.9027
k141_13850	4536	7.04195	7.04195	15.6177
k141_21721	1605	8.79381	8.79381	15.7387
k141_97988	1819	7.05452	7.05452	6.19065
k141_78213	23222	16.3276	16.3276	42.1707
k141_88087	5300	12.0555	12.0555	33.865
k141_59295	1739	9.26432	9.26432	23.3079
k141_31196	5061	21.7538	21.754	79.9058
k141_59296	2455	10.4586	10.4586	47.4141
k141_3698	2862	7.43031	7.43031	8.86643
k141_51003	4238	9.7593	9.7593	14.2687
k141_13854	5037	16.2945	16.2945	30.2169
k141_51004	1629	5.41176	5.41176	10.2343
k141_13858	3569	7.3773	7.3773	12.8079
k141_51009	1907	6.18156	6.18156	10.5371
k141_88090	9710	10.2324	10.2324	21.4116
k141_97993	8005	13.0258	13.0258	31.6617
k141_3700	4935	11.097	11.097	25.468
k141_106658	1835	6.82018	6.82018	8.79249
k141_97997	2520	6.98017	6.98017	6.5969
k141_21735	2036	6.17232	6.17232	17.1019
k141_51021	4241	5.70447	5.70447	9.6967
k141_51024	1818	5.15228	5.15228	7.38283
k141_3714	2994	7.82911	7.82911	15.3488
k141_51025	2962	7.8542	7.8542	8.40066
k141_13874	1853	8.43218	8.43218	15.0106
k141_88091	5533	9.36262	9.36262	14.6419
k141_98015	1810	5.27771	5.27771	6.93601
k141_51030	3262	6.46112	6.46112	11.8802
k141_13877	5041	7.11654	7.11654	9.57274
k141_51033	1796	5.73633	5.73633	7.58621
k141_51034	1651	6.45703	6.45703	6.40306
k141_98025	1749	6.88118	6.88118	17.4289
k141_59307	6792	12.6397	12.6397	29.3912
k141_31218	2052	5.37329	5.37329	5.50182
k141_98027	5884	6.56209	6.56209	15.0435
k141_51042	1565	6.08763	6.08763	5.70948
k141_3720	10782	15.4066	15.4066	42.0231
k141_3722	1517	5.63204	5.63204	5.40842
k141_106674	9732	20.4131	20.4131	54.8022
k141_98029	1635	8.04781	8.04781	11.0321
k141_31220	1975	5.31178	5.31178	7.35281
k141_59310	5234	7.07317	7.07317	14.6017
k141_13900	2879	12.3972	12.3972	26.8966
k141_98032	2969	8.34587	8.34587	15.249
k141_51053	1618	7.60831	7.60831	11.1505
k141_3735	1565	5.52933	5.52933	7.00604
k141_88094	5026	12.7646	12.7648	28.4306
k141_21738	9557	9.32189	9.32199	13.9759
k141_31222	3226	8.0013	8.0013	10.5736
k141_98036	1756	4.89602	4.89602	4.1717
k141_78221	18906	12.1178	12.1178	25.1208
k141_31223	2387	11.6218	11.6218	16.7996
k141_106678	3751	18.9781	18.9781	43.2256
k141_13911	2036	18.3457	18.3457	46.1791
k141_3739	4460	275.767	275.767	1863.39
k141_21739	2720	6.53541	6.53541	10.0715
k141_88095	4555	8.24132	8.24132	23.0899
k141_98048	1809	6.66848	6.66848	16.1929
k141_51065	2815	9.01163	9.01163	14.6422
k141_3741	1834	9.64727	9.64727	17.8671
k141_69264	33061	17.9742	17.9742	43.1365
k141_78225	1957	5.75152	5.75152	6.62306
k141_13913	5252	14.2244	14.2244	30.0502
k141_3747	2059	6.9319	6.9319	8.56975
k141_13916	4883	14.903	14.903	22.312
k141_3748	1678	6.0517	6.0517	6.80479
k141_3751	2299	8.95952	8.95952	21.5612
k141_31231	3042	8.93154	8.93154	10.4582
k141_3753	1625	7.47119	7.47119	23.6347
k141_78229	2653	6.3324	6.3324	8.98055
k141_51081	2726	7.22205	7.22205	9.72615
k141_13924	2767	9.85059	9.85059	16.1283
k141_31232	2468	5.18378	5.18421	7.07566
k141_98050	11890	13.658	13.658	27.6539
k141_13926	1734	7.69508	7.69508	11.6283
k141_106682	5279	8.96335	8.96335	12.8349
k141_3756	2878	6.68365	6.68365	12.1114
k141_98051	3291	5.92264	5.92264	9.96055
k141_13927	3116	8.89009	8.89009	18.172
k141_21745	3716	7.5659	7.5659	9.1427
k141_51089	1798	6.12015	6.12015	5.22176
k141_69267	6266	7.18901	7.18901	12.4299
k141_98057	1730	5.83797	5.83797	3.9104
k141_69269	1603	7.57811	7.57811	11.6517
k141_88121	1598	22.7293	22.7293	187.582
k141_98064	5614	16.5152	16.5152	57.1695
k141_13936	5225	8.8197	8.8197	16.3205
k141_78232	3513	10.7074	10.7074	30.4468
k141_51090	15279	26.3415	26.3415	79.1182
k141_31242	2027	10.9046	10.9046	12.114
k141_88124	3711	8.99129	8.99129	17.6243
k141_13943	1535	9.16245	9.16318	9.52394
k141_51091	2846	7.44251	7.44251	8.29801
k141_3764	12816	19.6142	19.6142	46.0015
k141_98069	1502	7.12944	7.12944	14.1364
k141_69274	1803	6.17665	6.17665	6.65882
k141_51092	2411	4.43786	4.43786	3.57633
k141_78234	3868	10.2676	10.2676	16.8499
k141_88127	3086	5.26805	5.26805	9.08346
k141_51094	3273	6.47486	6.47486	11.4646
k141_106687	8044	9.5565	9.5565	19.601
k141_31248	2445	8.28279	8.28279	13.6336
k141_98070	5351	8.99846	8.99846	14.7658
k141_106690	2277	6.64739	6.64739	7.05056
k141_3775	3952	7.27433	7.27433	14.6896
k141_98076	2070	9.05885	9.05885	14.8131
k141_51102	1832	8.81629	8.81629	14.4666
k141_98079	1990	7.91522	7.91522	13.3403
k141_13956	11345	15.2984	15.2984	33.8025
k141_51104	1584	7.38773	7.38773	6.50136
k141_88143	2156	8.27468	8.27468	11.9997
k141_3784	1982	3.31878	3.31878	1.6908
k141_13962	2449	6.1592	6.1592	8.26188
k141_98091	1786	8.91259	8.91259	20.8725
k141_98093	1604	8.14374	8.14374	9.0165
k141_88144	5670	9.1221	9.1221	20.4323
k141_106698	3886	9.78212	9.78212	15.8137
k141_51111	7229	11.92	11.92	22.8402
k141_21765	6198	9.45056	9.45056	20.2226
k141_88145	2771	13.2816	13.2816	41.0625
k141_59312	29747	33.0076	33.0076	79.2126
k141_98097	1683	4.985	4.985	4.67535
k141_21767	1503	5.75462	5.75462	5.99589
k141_78246	1780	4.68221	4.68221	6.36798
k141_3793	2886	7.10051	7.10051	11.3869
k141_51115	2485	17.2715	17.2715	68.1288
k141_3795	3057	11.5869	11.5869	45.4467
k141_51121	1525	3.06764	3.06764	1.85349
k141_88151	1741	5.03143	5.03143	5.1034
k141_98103	1652	12.1418	12.1418	20.744
k141_31249	20271	36.7316	36.7316	91.9056
k141_31250	1549	5.00643	5.00643	4.9406
k141_106709	1648	4.9466	4.9466	3.46274
k141_59320	3009	7.42637	7.42637	16.3189
k141_13975	7542	13.1707	13.1707	30.9362
k141_31251	1539	8.50972	8.50972	20.2962
k141_51124	2199	9.39873	9.39873	16.5163
k141_13979	1502	7.32396	7.32396	11.5679
k141_98106	3145	9.5172	9.5172	19.6103
k141_51125	3234	9.2046	9.2046	12.9419
k141_13981	3884	18.6762	18.6762	92.5622
k141_88156	1960	8.79613	8.79613	12.0552
k141_31255	3068	6.65661	6.65661	19.4459
k141_78250	4650	6.564	6.564	7.02745
k141_13982	1745	4.92226	4.92226	8.39668
k141_106711	1727	7.18833	7.18833	13.0159
k141_59322	1716	8.66986	8.66986	8.46023
k141_69286	9890	20.6852	20.6852	55.6731
k141_51132	2638	9.43649	9.43649	21.4579
k141_88161	2750	8.72923	8.72923	20.3576
k141_3798	9139	10.188	10.188	19.4734
k141_69290	1626	18.5806	18.5806	39.1087
k141_3799	1700	10.3465	10.3471	24.2978
k141_98117	1926	5.21396	5.21396	5.36604
k141_3800	1704	7.19949	7.19949	17.602
k141_13984	5680	10.2864	10.2864	24.1344
k141_51135	2439	9.87768	9.87768	22.3118
k141_98122	3893	8.09671	8.09671	11.6026
k141_78255	3291	7.92582	7.92582	14.7461
k141_51140	2019	5.30979	5.30979	4.83815
k141_13991	2630	12.2685	12.2685	26.0905
k141_21781	3792	8.5777	8.5777	23.9843
k141_51141	2073	4.9324	4.9324	6.08289
k141_88169	1859	6.39263	6.39263	9.41658
k141_21783	1873	6.28323	6.28323	8.89646
k141_51144	1627	6.05755	6.05755	7.54751
k141_51146	1733	6.41251	6.41251	20.2514
k141_98137	2649	7.30172	7.30172	23.7166
k141_69295	1986	6.86928	6.86928	5.73763
k141_98138	1500	8.21482	8.21556	13.4768
k141_78258	2067	5.54512	5.54512	7.70425
k141_3809	7072	7.2271	7.2271	11.1085
k141_88170	1789	19.5528	19.5528	80.6904
k141_69296	3348	9.85397	9.85397	15.9697
k141_3813	1717	6.66624	6.66624	7.67331
k141_106722	8556	14.8777	14.8777	36.7396
k141_59329	7400	18.272	18.272	46.7868
k141_21786	2626	20.0561	20.0561	83.8883
k141_98144	2906	8.57221	8.57221	18.1218
k141_78262	5023	6.68787	6.68787	17.2973
k141_98148	2776	8.51904	8.51904	12.6221
k141_106726	2481	9.86915	9.86915	28.0126
k141_98155	2231	7.1975	7.1975	7.52099
k141_78266	1959	7.78662	7.78662	16.2952
k141_59331	3138	5.52041	5.52041	9.01171
k141_3817	10155	13.0153	13.0153	26.024
k141_106728	1573	6.40337	6.40337	6.85694
k141_21790	2769	9.08706	9.08706	16.0085
k141_78271	2119	13.2514	13.2514	26.5713
k141_98164	3719	8.87644	8.87644	16.8184
k141_59334	2237	8.86152	8.86152	14.9477
k141_98165	3022	13.3416	13.3416	23.6453
k141_106733	1756	4.06476	4.06476	3.17214
k141_21794	2037	7.08267	7.08267	13.2964
k141_69305	8218	10.2168	10.2168	18.5755
k141_59336	3642	6.61254	6.61254	7.38323
k141_98167	2492	8.78352	8.78352	16.6106
k141_3839	1885	7.49452	7.49452	16.2259
k141_3840	1941	10.8157	10.8157	26.7223
k141_88176	15621	20.4895	20.4895	45.7617
k141_13993	46070	16.7435	16.7435	43.7313
k141_98176	1833	7.77481	7.77481	13.5753
k141_88178	1764	7.10781	7.10781	30.6665
k141_78282	2283	8.16971	8.16971	18.9149
k141_13995	2535	8.51111	8.51153	15.7493
k141_13996	2238	11.4492	11.4492	23.3853
k141_40819	160200	45.5619	45.5619	116.022
k141_106735	11152	11.0895	11.0896	25.5318
k141_14004	1510	3.02279	3.02279	3.08631
k141_69322	3427	7.87061	7.87061	10.6591
k141_59353	2548	8.83236	8.83236	12.6527
k141_40823	2731	9.82061	9.82061	20.118
k141_3846	12836	9.25106	9.25106	17.9432
k141_14005	3581	13.102	13.102	30.2869
k141_40824	1758	7.86132	7.86132	15.4863
k141_106739	4170	10.3697	10.3697	19.1855
k141_21799	16236	46.6115	46.6115	121.415
k141_88179	10212	9.6942	9.6942	20.5019
k141_3847	4256	7.92815	7.92815	15.4612
k141_106740	2062	5.02877	5.02877	5.92124
k141_51147	57875	17.2626	17.2626	35.3996
k141_69334	2827	5.39709	5.39709	8.9884
k141_78284	9218	9.90273	9.90273	19.6703
k141_98183	16854	10.3384	10.3384	18.3896
k141_21803	2341	8.77134	8.77134	24.0858
k141_3850	2026	5.02612	5.02612	4.72403
k141_31263	44225	15.2036	15.2036	35.5582
k141_106745	1938	4.60626	4.60626	4.00714
k141_14010	3434	7.5201	7.5201	6.60479
k141_51153	1639	5.54936	5.54936	7.24642
k141_88184	2839	14.1439	14.1439	32.1363
k141_69341	2466	6.93005	6.93005	16.5991
k141_88186	2004	7.35707	7.35707	16.2535
k141_78291	2411	12.5117	12.5117	33.3588
k141_21807	1619	6.41321	6.41321	9.07099
k141_59371	2489	7.34502	7.34502	19.9676
k141_40825	14110	11.3307	11.3307	22.9753
k141_51160	2069	9.28348	9.28348	16.2763
k141_14019	4030	10.6139	10.6139	24.4789
k141_3860	7804	10.9723	10.9723	18.8872
k141_14021	2301	33.099	33.099	817.327
k141_78299	6341	10.1856	10.1856	16.2171
k141_88199	1757	6.25202	6.25202	9.20729
k141_3865	1735	8.70726	8.70726	7.58221
k141_69346	7536	9.17736	9.17736	19.8799
k141_51170	2072	5.81842	5.81842	5.78015
k141_59382	2067	7.5519	7.5519	14.1942
k141_78304	1888	8.24684	8.24684	17.5619
k141_14028	2476	7.66036	7.66036	13.6239
k141_69347	1876	6.73812	6.73812	7.71347
k141_78305	2745	7.00732	7.00732	11.7059
k141_3869	4070	15.0704	15.0704	27.658
k141_98191	22128	15.6182	15.6182	32.1141
k141_51178	2120	5.91371	5.91371	12.5116
k141_40828	7188	9.56635	9.56635	16.9469
k141_14031	3655	13.1044	13.1044	30.4543
k141_98193	1552	5.43937	5.44009	8.29087
k141_40829	1515	7.75531	7.75531	14.6307
k141_78306	4692	9.71246	9.71246	16.1203
k141_98194	2325	7.18621	7.18621	9.61434
k141_21833	1982	7.21124	7.21124	10.7249
k141_98198	3078	8.52527	8.52527	9.97201
k141_14035	5309	15.6802	15.6802	26.6675
k141_59386	5563	8.30316	8.30316	11.5196
k141_51182	7503	8.94642	8.94642	17.0916
k141_106748	23178	12.3848	12.3848	27.2038
k141_21836	2689	31.9949	31.9949	405.952
k141_3884	4576	10.3902	10.3902	18.5896
k141_31270	25310	17.0712	17.0712	39.0542
k141_88201	14332	19.0437	19.0437	70.388
k141_98203	2935	10.4919	10.4919	23.2615
k141_69360	1768	8.49011	8.49011	12.8103
k141_31275	1954	6.99335	6.99335	6.20629
k141_106751	2079	8.2001	8.2001	13.403
k141_14045	4411	8.1096	8.1096	12.6324
k141_51190	2336	6.4538	6.4538	7.9514
k141_40831	14005	9.21306	9.21306	23.0214
k141_98209	2211	5.43814	5.43814	11.8424
k141_88203	1734	8.10669	8.10669	9.38657
k141_69366	1734	8.13194	8.13194	11.2845
k141_88204	2756	20.4923	20.4927	35.2712
k141_31278	2042	6.89641	6.89641	9.18541
k141_21844	2145	6.42606	6.42606	8.14031
k141_69367	1913	14.0891	14.0891	51.0049
k141_31280	1719	6.05354	6.05354	11.1362
k141_3887	17804	22.2824	22.2824	49.2445
k141_40841	1980	8.1306	8.1306	9.43901
k141_69370	2264	12.4972	12.4972	19.7446
k141_78331	2068	9.23045	9.23045	18.7979
k141_21845	4437	12.2391	12.2391	19.495
k141_78332	2997	7.2118	7.2118	12.1411
k141_31285	2036	7.53552	7.53552	20.2159
k141_14060	6089	9.99141	9.99141	18.5043
k141_51194	16652	34.2751	34.2751	85.795
k141_14062	3457	7.316	7.316	11.517
k141_40860	2035	13.2313	13.2313	27.9741
k141_31289	2613	6.74097	6.74097	7.41381
k141_51199	2578	6.95387	6.95387	9.4458
k141_69371	9615	16.245	16.245	39.0231
k141_98213	15730	12.1473	12.1473	31.3676
k141_78333	5296	10.2965	10.2965	19.9819
k141_14064	3821	9.87197	9.87197	20.7015
k141_3901	6548	9.53751	9.53751	26.7486
k141_40863	6310	11.674	11.674	27.1238
k141_3902	2622	8.59102	8.59102	14.317
k141_78339	1719	10.515	10.515	18.4362
k141_31303	1887	5.4859	5.4859	3.75227
k141_3905	1549	8.31737	8.31737	18.0501
k141_40865	2860	8.65978	8.65978	11.8554
k141_3906	2160	4.84378	4.84378	4.58086
k141_69384	1614	5.31831	5.31831	6.71343
k141_14068	5527	7.93249	7.93249	10.5108
k141_40866	2810	5.05038	5.05075	6.82136
k141_14069	1550	3.88	3.88	3.0149
k141_69390	1725	4.80444	4.80444	4.94513
k141_40867	2637	10.5758	10.5758	18.4872
k141_14072	1510	5.81985	5.81985	9.42958
k141_98214	15382	9.32648	9.32648	20.2314
k141_88209	27527	14.6917	14.6917	38.4139
k141_51211	11540	24.2686	24.2686	121.811
k141_40869	5722	7.95513	7.95513	16.0097
k141_88210	2315	7.36259	7.36259	10.295
k141_51214	3161	8.43175	8.43175	14.2527
k141_106763	30302	9.64732	9.64732	19.1046
k141_98220	2717	10.305	10.305	36.3925
k141_14077	9259	11.5151	11.5151	32.9394
k141_40873	2039	6.11911	6.11911	16.6311
k141_88212	1508	4.42563	4.42563	2.7148
k141_31328	1560	6.33688	6.33688	9.3662
k141_69406	5033	10.28	10.2802	13.8959
k141_14078	3970	10.0442	10.0442	27.1467
k141_98226	1600	8.78897	8.78965	26.6411
k141_88214	3810	8.42732	8.42732	14.7265
k141_31331	2651	7.89004	7.89004	12.2555
k141_14080	1542	5.50359	5.50359	3.1905
k141_51215	8168	11.2077	11.2077	21.376
k141_106768	2533	10.3873	10.3873	23.3583
k141_3915	12650	9.24096	9.24096	17.6487
k141_14083	2688	23.5524	23.5524	54.5288
k141_98229	4061	16.057	16.057	42.2732
k141_98230	1569	17.6547	17.6547	45.6395
k141_3916	1502	8.36317	8.36317	10.8503
k141_69413	2019	5.53612	5.53612	10.8054
k141_98231	1710	6.21731	6.21731	12.4435
k141_106771	2777	5.10316	5.10316	6.50003
k141_3917	2502	6.62755	6.62755	6.47538
k141_78365	3818	7.73364	7.73364	28.9973
k141_98233	1885	7.36484	7.36484	6.49943
k141_98234	1825	9.32119	9.32179	19.5375
k141_14089	3079	9.56333	9.56333	13.9107
k141_40874	15996	10.9446	10.9446	25.4086
k141_31338	5344	9.39507	9.39507	12.2942
k141_98235	2330	6.53761	6.53761	9.79903
k141_51219	7425	10.9145	10.9145	18.4357
k141_69420	2602	12.4033	12.4033	27.4199
k141_3925	2833	9.32501	9.32501	8.09415
k141_51220	2513	6.72196	6.72196	12.0009
k141_78370	2417	8.02911	8.02911	17.4226
k141_98237	2572	6.77498	6.77498	9.86057
k141_14092	3436	8.8451	8.8451	27.9941
k141_40878	3589	10.0829	10.0829	21.3883
k141_3930	1780	5.68037	5.68037	14.1304
k141_21879	26291	19.7179	19.7179	37.7622
k141_69424	5022	6.50965	6.50965	9.73793
k141_98241	3030	9.52326	9.52326	14.2626
k141_51224	2280	5.01831	5.01831	7.32
k141_88229	2735	6.42515	6.42515	8.30806
k141_106785	2475	4.3243	4.3243	4.84225
k141_3932	4531	56.4764	56.4764	747.243
k141_51229	2251	7.49262	7.49262	9.25956
k141_88233	2183	6.55042	6.55042	14.5104
k141_21881	1955	6.77507	6.77507	8.48588
k141_106786	2835	7.31769	7.31769	8.01865
k141_14098	3432	8.34979	8.34979	18.1306
k141_3933	6653	30.892	30.892	1894.29
k141_88236	1597	159.361	159.361	3921.43
k141_106787	1868	6.17055	6.17055	10.5865
k141_31365	1683	7.20091	7.20091	16.0953
k141_14101	1728	7.23891	7.23891	6.16418
k141_51236	2655	12.8575	12.8575	35.398
k141_88238	2529	160.899	160.899	1466.99
k141_14103	2108	7.63636	7.63636	14.7936
k141_98252	8699	7.76559	7.76559	13.7202
k141_31371	1749	13.9425	13.9425	57.5078
k141_69434	3096	8.74372	8.74372	12.7523
k141_106791	2081	5.97721	5.97721	6.77462
k141_14110	1563	5.87049	5.87049	9.84502
k141_40891	3129	8.88956	8.88956	17.223
k141_3946	1765	8.90712	8.90712	16.2789
k141_98254	3488	9.36219	9.36219	20.6289
k141_14111	1801	8.22108	8.22108	43.9238
k141_21897	1667	5.55043	5.55043	8.2569
k141_40892	1758	8.33147	8.33147	12.4084
k141_51239	6426	10.0709	10.0711	19.197
k141_14112	2078	7.12033	7.12033	11.9544
k141_40894	2106	7.91667	7.91667	13.4382
k141_88243	3831	8.30209	8.30209	11.0744
k141_106794	4494	8.89319	8.89319	14.7673
k141_21901	2033	7.52894	7.52894	13.0282
k141_69444	1738	6.13098	6.13098	7.52163
k141_31379	5499	6.45055	6.45055	10.1728
k141_3953	1750	6.14937	6.14937	10.9439
k141_98268	2037	7.81452	7.81452	10.166
k141_40899	2286	5.55243	5.55243	5.28062
k141_51248	2221	7.66876	7.66876	6.30859
k141_88245	5169	9.52261	9.52261	18.1236
k141_14122	2469	6.34843	6.34843	9.02352
k141_3954	2603	7.44354	7.44354	6.50461
k141_98271	2946	8.30544	8.30544	15.385
k141_31385	2053	6.08986	6.08986	8.25003
k141_3959	2467	5.65947	5.65947	7.28426
k141_31386	1721	6.01273	6.01273	7.70175
k141_51253	6267	9.4069	9.4069	17.2038
k141_88250	4628	10.2555	10.2555	13.6628
k141_51255	2121	7.43125	7.43125	9.30424
k141_59398	77930	17.0006	17.0006	38.4383
k141_69447	9222	11.0516	11.0516	26.9603
k141_3976	3445	7.18452	7.18452	8.41633
k141_106798	10483	57.6828	57.6828	142.744
k141_51257	4342	18.2121	18.2121	59.4969
k141_3979	1918	8.63744	8.63744	12.4883
k141_88256	1533	7.96602	7.96602	17.1008
k141_69452	2432	7.46889	7.46889	12.8629
k141_98275	11798	10.6801	10.6801	20.2338
k141_14123	16246	38.409	38.409	144.531
k141_106801	1668	5.37286	5.37286	3.70532
k141_88257	2214	6.36773	6.36773	10.284
k141_78391	25038	12.8979	12.8979	23.5011
k141_14124	1738	9.95529	9.95529	25.25
k141_69453	2942	10.0634	10.0634	32.3811
k141_3981	5681	8.71669	8.71669	15.727
k141_59402	7693	8.79995	8.79995	21.0638
k141_88260	1751	10.985	10.985	28.4235
k141_59403	1635	5.66936	5.66936	4.24573
k141_3983	1651	4.20853	4.20919	3.55087
k141_78393	1894	5.46388	5.46388	5.25173
k141_98287	1909	7.30927	7.30927	12.8724
k141_14129	4697	11.163	11.163	18.349
k141_98292	1576	4.66199	4.66199	4.10182
k141_106806	6862	18.6445	18.6445	43.4721
k141_3991	3772	5.71314	5.71314	10.3361
k141_78395	8526	8.38491	8.38491	16.2425
k141_106808	2090	10.4598	10.4598	25.6316
k141_14145	1809	9.40868	9.40868	46.7739
k141_69471	2469	6.72229	6.72229	12.223
k141_98297	3276	8.59821	8.59821	18.2493
k141_78398	3025	10.7273	10.7273	14.1539
k141_88272	4111	6.94244	6.94244	11.7835
k141_51293	3179	5.36349	5.36349	5.3087
k141_3995	4812	13.1008	13.1008	21.843
k141_14150	2144	4.8676	4.8676	5.7045
k141_69475	2825	7.5443	7.5443	11.1749
k141_98301	1764	4.95229	4.95291	5.16333
k141_31403	15212	16.7155	16.7155	218.418
k141_14153	1539	6.59755	6.59755	11.4986
k141_98303	3857	7.45508	7.45508	8.15949
k141_88283	1891	6.98794	6.98794	21.6361
k141_14155	1889	34.6205	34.6205	117.558
k141_88285	1697	12.3575	12.3575	32.0907
k141_14156	2143	7.35625	7.35625	10.9754
k141_98304	1852	5.77497	5.77497	10.1768
k141_4003	8719	8.36294	8.36294	14.4797
k141_106821	2195	4.18191	4.18191	3.43758
k141_4006	3301	7.8848	7.8848	14.7713
k141_98317	1618	4.21798	4.21798	3.80107
k141_4007	2771	10.1587	10.1587	18.5984
k141_69479	1622	7.5163	7.5163	15.8788
k141_4008	1620	6.28639	6.28639	5.57281
k141_98322	3253	7.79697	7.79697	12.4646
k141_4015	1953	6.36051	6.36051	10.9554
k141_51297	24443	11.0734	11.0734	21.6344
k141_4019	2199	5.55539	5.55539	4.32619
k141_51303	1648	9.0267	9.02737	14.5075
k141_69483	2622	6.83738	6.83738	17.1212
k141_14179	4007	8.65647	8.65647	16.7895
k141_69485	2359	7.01992	7.01992	8.60651
k141_51304	3793	9.94867	9.94867	15.5501
k141_106823	7931	17.1536	17.1536	51.4812
k141_14182	5611	9.59055	9.59055	17.1503
k141_4027	6150	13.3523	13.3523	19.5099
k141_69486	6893	8.46433	8.46433	13.5697
k141_106825	2418	4.96517	4.96517	3.93395
k141_98323	21306	10.8715	10.8715	21.7101
k141_31406	12227	8.72882	8.72882	11.9093
k141_69487	3918	9.13323	9.13323	18.4399
k141_51309	9144	13.7856	13.7856	26.4358
k141_88297	1521	7.61415	7.61415	7.6313
k141_51311	1810	6.50542	6.50542	10.0163
k141_51313	2010	6.76022	6.76022	11.7842
k141_106826	1687	6.75146	6.75146	10.4928
k141_98330	4606	9.20714	9.20714	17.6068
k141_14195	7607	16.1317	16.1317	45.5561
k141_69488	7911	16.9059	16.9059	43.6165
k141_31407	3066	9.38786	9.3882	17.0788
k141_14196	1564	7.23126	7.23126	7.42349
k141_51315	1971	4.80395	4.80395	3.50384
k141_69493	1556	7.60526	7.60526	12.6491
k141_21908	74369	15.6236	15.6236	30.8521
k141_51316	2735	14.0681	14.0681	27.1245
k141_78404	22501	17.2393	17.2393	40.2538
k141_98332	5244	8.74833	8.74833	17.6531
k141_4035	17922	13.3875	13.3875	27.4346
k141_51320	2368	8.7908	8.7908	12.2873
k141_106827	3041	6.18886	6.18886	6.54837
k141_69497	1993	6.83939	6.83939	8.32158
k141_31412	1502	4.42973	4.42973	5.24745
k141_14206	1677	8.70007	8.70007	13.7003
k141_51326	2534	6.73993	6.73993	6.8245
k141_88307	1678	5.86191	5.86191	10.7137
k141_31413	2520	7.67975	7.67975	15.1353
k141_21911	2042	11.6649	11.6649	37.8532
k141_51327	2694	11.544	11.544	27.3051
k141_98345	2327	10.616	10.616	17.9168
k141_98346	1531	10.6148	10.6148	16.3718
k141_106832	2096	9.98458	9.98458	11.5504
k141_78413	9374	8.61177	8.61177	13.3557
k141_14212	2520	5.98397	5.98397	8.40498
k141_21913	1500	6.99926	6.99926	6.57599
k141_78416	2125	6.61013	6.61013	12.0547
k141_88312	2931	6.64833	6.64833	9.92084
k141_51337	1747	6.87289	6.87289	7.71634
k141_21914	2126	6.78492	6.78492	7.55422
k141_98353	2329	7.65672	7.65672	21.7317
k141_14218	1502	6.78624	6.78624	10.0586
k141_51341	2127	7.17451	7.17451	15.1957
k141_69504	2498	6.59625	6.59625	6.18798
k141_21915	1689	5.36062	5.36062	13.6285
k141_98354	2695	5.78861	5.78861	9.1565
k141_106837	5854	9.96704	9.96704	32.161
k141_51342	2042	13.2458	13.2458	43.5465
k141_14220	1614	8.24932	8.24932	9.73062
k141_4044	17780	15.2233	15.2233	30.1826
k141_14222	2351	7.55975	7.55975	13.742
k141_88329	1505	6.88561	6.88561	5.93593
k141_31429	2789	7.98901	7.98901	23.8601
k141_98362	1865	6.06356	6.06356	3.10623
k141_21926	3895	13.0451	13.0451	18.7873
k141_51347	7229	9.68979	9.68979	20.4891
k141_14227	2375	9.10202	9.10202	14.6286
k141_51353	2198	9.51025	9.51025	11.655
k141_4048	5483	9.38871	9.38871	17.9453
k141_40906	91007	19.9193	19.9193	41.7172
k141_88330	2597	6.04209	6.04209	8.32981
k141_88331	1617	15.9782	15.9782	54.1017
k141_69521	1986	6.82843	6.82843	10.2675
k141_51360	1814	7.96094	7.96094	16.3156
k141_21927	3310	9.49684	9.49684	34.7225
k141_31434	1635	9.49832	9.49832	16.6747
k141_14235	1845	11.1705	11.1705	45.7424
k141_14236	1977	10.0794	10.0794	20.5014
k141_98367	13879	27.5131	27.5131	73.3732
k141_51363	5637	7.55659	7.55659	11.4724
k141_69527	1798	6.86893	6.86893	12.5026
k141_88345	1628	5.62246	5.62246	3.80456
k141_69529	1637	5.28043	5.2811	4.08782
k141_21931	2437	38.7355	38.7355	217.537
k141_40912	5082	11.8899	11.8899	29.4182
k141_51366	4730	7.19607	7.19607	10.0585
k141_4060	5847	10.8833	10.8833	27.5629
k141_78432	12526	19.5231	19.5231	51.2516
k141_4062	2685	8.2213	8.2213	22.4209
k141_14243	7223	9.99152	9.99152	15.9417
k141_40914	1598	7.41575	7.41575	4.62454
k141_4065	2671	7.61801	7.61801	10.1727
k141_21936	1715	7.0345	7.0345	8.29805
k141_98371	10080	13.0605	13.0605	30.2639
k141_51370	7782	9.6423	9.6423	21.5094
k141_4066	3613	10.7375	10.7375	18.6303
k141_14249	1871	8.57467	8.57467	16.9911
k141_106841	12429	16.7668	16.7669	44.7009
k141_4068	2149	9.90145	9.90145	17.266
k141_51375	2852	5.68579	5.68616	11.4127
k141_4071	1872	8.06794	8.06794	14.4852
k141_69540	1573	7.00351	7.00351	13.0851
k141_40919	1723	8.73617	8.73617	21.5416
k141_98372	7037	9.53666	9.53666	17.9066
k141_21947	1723	7.50032	7.50032	14.3303
k141_4074	2089	10.6349	10.6349	20.3589
k141_51381	1541	3.5248	3.5248	2.68984
k141_98375	2815	10.1332	10.1336	19.9896
k141_31451	5337	36.427	36.427	858.942
k141_98378	2488	9.83148	9.83148	13.5634
k141_14270	1949	5.5592	5.5592	7.94962
k141_4079	4856	7.1921	7.1921	10.1645
k141_98379	4150	9.21825	9.21825	14.1359
k141_51392	1946	7.78229	7.78229	12.0379
k141_98381	1683	7.591	7.591	12.781
k141_69549	3121	15.0858	15.0858	34.2773
k141_51393	1718	11.236	11.236	13.2819
k141_14274	3720	13.1333	13.1333	25.7687
k141_106847	2669	11.8356	11.8356	27.1221
k141_4084	3508	5.10899	5.10899	9.46083
k141_98382	1619	6.38325	6.38325	7.63843
k141_31452	1696	8.16688	8.16688	12.1857
k141_14277	1925	8.41916	8.41916	10.7961
k141_4086	2142	7.70934	7.70934	13.8748
k141_31453	2095	4.38869	4.38869	3.11937
k141_78438	9530	10.0588	10.0588	20.4459
k141_51400	2055	7.18425	7.18425	16.8331
k141_98384	3942	9.58518	9.58518	14.4148
k141_21948	6705	9.0807	9.0807	14.1874
k141_98390	1784	6.8011	6.8011	15.9965
k141_21949	1622	7.13859	7.13859	9.54428
k141_88375	3017	7.0865	7.0865	9.3059
k141_4096	3896	8.48772	8.48772	15.359
k141_14284	3653	10.5675	10.5675	25.7682
k141_69550	5500	8.5385	8.5385	14.3166
k141_31456	2651	8.0056	8.0056	13.5224
k141_14285	3408	6.48097	6.48097	13.2873
k141_51414	1521	4.09993	4.09993	4.83599
k141_59404	113191	19.2368	19.2368	46.0287
k141_14290	1894	9.68578	9.68578	30.304
k141_98397	3382	8.77754	8.77754	22.5402
k141_21950	4430	7.88201	7.88201	10.1859
k141_31461	1850	5.78471	5.78471	5.42039
k141_51419	2483	6.42435	6.42435	7.03084
k141_21953	1791	6.38574	6.38574	10.5235
k141_98398	6598	24.7143	24.7143	46.6474
k141_88388	2958	12.3868	12.3868	26.66
k141_69560	3326	10.2846	10.2849	22.4815
k141_31465	3064	12.2992	12.2992	13.6288
k141_51424	3888	12.0396	12.0396	26.0642
k141_98404	2027	5.83005	5.83005	6.44829
k141_59410	1571	8.96552	8.96552	30.1995
k141_98405	1958	11.9336	11.9336	24.8321
k141_21954	3010	11.3493	11.3493	55.9652
k141_14302	4548	7.72897	7.72897	15.3379
k141_51427	2082	7.72257	7.72257	8.73291
k141_14303	1782	5.89154	5.89154	5.46403
k141_21958	2370	6.10901	6.10901	8.30625
k141_78452	7184	9.89409	9.89409	21.2394
k141_88390	4857	10.8472	10.8472	12.8971
k141_69565	3078	10.0229	10.0229	17.3549
k141_51435	3331	5.37755	5.37755	7.50431
k141_31472	3362	10.2182	10.2182	23.7969
k141_21960	5432	11.1494	11.1494	23.1998
k141_78456	2277	6.52374	6.52374	11.322
k141_59413	9987	9.78225	9.78225	22.4307
k141_51437	2264	6.37086	6.37086	16.7417
k141_51438	1734	8.96717	8.96717	18.4196
k141_31474	1500	5.20074	5.20074	4.32073
k141_21962	2958	6.04131	6.04131	5.62425
k141_69574	3659	7.53577	7.53577	11.8497
k141_51442	2007	6.08939	6.08939	3.62131
k141_59420	2913	6.05031	6.05031	8.54472
k141_51444	1614	6.62158	6.62158	7.69404
k141_59421	2204	6.11003	6.11003	9.02542
k141_78467	1937	4.65809	4.65809	4.04818
k141_78469	2347	5.8944	5.8944	7.26662
k141_51447	3958	7.65966	7.65966	8.40066
k141_21968	3944	32.4049	32.4049	210.919
k141_51451	1904	25.2543	25.2543	310.593
k141_59422	2016	5.98392	5.98392	4.75681
k141_69579	5151	7.56789	7.56789	10.3019
k141_59423	1970	6.50275	6.50275	9.3991
k141_31485	2659	12.1662	12.1662	29.3036
k141_88395	11021	14.8581	14.8581	35.3692
k141_40931	46566	15.4111	15.4111	48.9469
k141_31486	1600	6.03448	6.03448	14.0844
k141_78473	1957	4.60044	4.60044	9.49142
k141_21970	3759	9.37988	9.37988	20.4064
k141_69583	2053	5.56017	5.56017	5.98788
k141_51457	9743	10.8182	10.8182	20.9525
k141_59430	3539	7.6468	7.6468	9.91873
k141_14304	47281	14.5687	14.5687	37.0352
k141_59431	1761	9.24519	9.24519	14.8671
k141_51467	2672	10.3906	10.3906	18.6807
k141_14312	1717	8.05616	8.0568	18.793
k141_51471	2711	14.5521	14.5521	52.7285
k141_40936	3217	6.56896	6.56896	11.5793
k141_69590	1644	7.90027	7.90027	18.7595
k141_21980	1794	5.2938	5.2938	8.92933
k141_51474	1871	6.87682	6.87682	9.83363
k141_40939	1622	5.73505	5.73505	12.4954
k141_21981	2434	7.14054	7.14054	8.85148
k141_14316	6304	10.8235	10.8235	29.9445
k141_51475	3973	6.95292	6.95292	12.9035
k141_40940	1748	4.98623	4.98686	4.0268
k141_40941	1646	7.16711	7.16711	10.2985
k141_88396	12491	18.6077	18.6077	35.6308
k141_14323	1874	4.49072	4.49072	6.37789
k141_69592	4831	9.3057	9.3057	17.4431
k141_40942	2038	6.88612	6.88612	10.2791
k141_21984	2569	6.88508	6.88508	6.10671
k141_59444	2030	4.19628	4.19681	3.51629
k141_78477	14013	11.6385	11.6385	28.0076
k141_14328	3542	9.38886	9.38915	25.3357
k141_14331	1820	4.98623	4.98623	8.95431
k141_88397	3724	13.0951	13.0951	28.044
k141_14333	1685	5.16873	5.16873	7.17039
k141_40945	2630	18.6081	18.6081	50.507
k141_69597	3266	8.04204	8.04204	26.0444
k141_88400	1640	6.47181	6.47181	6.42128
k141_51497	1839	7.91533	7.91533	13.0882
k141_21985	2578	5.73064	5.73064	11.4793
k141_78478	2123	5.05727	5.05727	11.2538
k141_78479	1639	8.50034	8.50034	12.683
k141_14335	4871	11.8257	11.8257	18.2459
k141_51506	4261	6.54488	6.54488	11.1638
k141_69603	2383	7.00717	7.00717	9.5958
k141_40950	4383	7.88661	7.88661	13.057
k141_78484	1677	5.0465	5.0465	4.09548
k141_51507	4987	13.038	13.038	42.3326
k141_51509	1525	6.35927	6.35927	8.91021
k141_21992	1774	7.70998	7.70998	14.2355
k141_21993	2611	12.1646	12.1646	19.0651
k141_88413	2268	5.51558	5.51558	4.53703
k141_14350	5686	8.14126	8.14126	11.7808
k141_51512	3513	8.67618	8.67618	24.5697
k141_78490	2219	6.261	6.261	9.39801
k141_21997	1677	11.0779	11.0779	24.5123
k141_51518	2008	11.1335	11.1335	23.1584
k141_14360	2113	6.3133	6.3133	10.2459
k141_40966	1594	5.97022	5.97022	5.46627
k141_14363	1543	4.60589	4.60589	3.57807
k141_78495	2671	4.87902	4.87902	6.69132
k141_31495	30970	14.9634	14.9634	34.9057
k141_88430	4766	107.178	107.178	1819.21
k141_59448	20750	14.346	14.346	26.2729
k141_78496	2272	5.29595	5.29595	11.3891
k141_4098	128586	17.1118	17.1118	36.6266
k141_51522	11951	11.2725	11.2725	24.9969
k141_14373	1950	8.55111	8.55167	20.3575
k141_51523	2296	8.28891	8.28891	16.4694
k141_14374	1622	6.70177	6.70177	8.76689
k141_78497	4543	9.36513	9.36513	11.5468
k141_22012	2073	5.77483	5.77483	4.26717
k141_4101	7967	9.54241	9.54241	15.6367
k141_14382	1551	6.49893	6.49893	7.46594
k141_22018	1625	14.2312	14.2312	42.9405
k141_88438	4888	11.6579	11.6579	30.3088
k141_4104	1599	8.95169	8.95169	15.7711
k141_14384	3535	9.35657	9.35657	10.291
k141_59452	8520	19.2556	19.2556	86.2342
k141_31510	1715	7.44473	7.44473	9.83792
k141_40981	7731	9.73974	9.73974	19.5428
k141_14387	2570	7.05702	7.05702	7.90164
k141_14389	2146	6.51603	6.51603	14.1646
k141_14390	1773	6.22243	6.22243	12.347
k141_51546	5552	10.0655	10.0655	16.1695
k141_4112	6742	9.22057	9.22057	16.1618
k141_78499	10866	15.7962	15.7962	28.9716
k141_22026	4639	6.48006	6.48006	9.15957
k141_4113	2190	4.91569	4.91569	5.80652
k141_51551	2719	9.47295	9.47295	22.5321
k141_14395	4700	9.16725	9.16725	16.5556
k141_4114	2828	18.8947	18.8947	35.3695
k141_22028	2170	5.11832	5.11832	5.38717
k141_88439	11972	9.21113	9.21122	16.1356
k141_14398	1697	7.49968	7.49968	8.74823
k141_4115	2520	4.32574	4.32574	5.27932
k141_4116	1816	5.06182	5.06182	13.5091
k141_51556	2704	6.1249	6.1249	6.29976
k141_88440	1623	6.52274	6.52274	10.5472
k141_88441	1648	6.49666	6.49666	9.05976
k141_14404	1714	102.053	102.053	2938.62
k141_4117	2550	7.2875	7.2875	9.24962
k141_51557	5022	14.9341	14.9341	39.1991
k141_106852	102978	27.8671	27.8671	61.6201
k141_22033	2920	7.66426	7.66426	12.7967
k141_31533	1618	39.406	39.406	144.995
k141_51559	4403	8.89654	8.89654	13.7804
k141_4124	1831	11.1559	11.1559	22.4221
k141_14411	4007	8.37724	8.37724	13.8481
k141_22035	1527	8.02687	8.02687	19.3371
k141_78517	1543	6.94257	6.94257	16.3775
k141_106857	1735	7.27634	7.27634	10.8086
k141_4128	5293	8.34902	8.34902	14.0807
k141_106858	2914	9.72865	9.72865	10.7965
k141_78520	3602	40.0681	40.0681	280.014
k141_4130	2162	5.0661	5.0661	3.20148
k141_51572	2319	5.20009	5.20009	6.58082
k141_88451	3451	12.7055	12.7055	34.3968
k141_4131	2374	8.33633	8.33633	19.0807
k141_59482	5138	6.76443	6.76443	15.3157
k141_31541	6452	9.32037	9.32053	17.4242
k141_78523	1978	6.65372	6.65372	13.55
k141_51576	1947	6.44352	6.44352	11.7926
k141_88453	2887	10.4004	10.4004	34.4369
k141_51579	1616	5.10437	5.10437	4.23143
k141_4139	1604	5.20702	5.20702	9.53528
k141_51580	2001	9.43706	9.43706	25.0991
k141_59483	3855	37.7744	37.7744	76.932
k141_106862	4548	8.30446	8.30446	21.4484
k141_31543	1729	6.44332	6.44332	13.8299
k141_22041	6528	8.66745	8.66745	16.1804
k141_51583	3230	7.11623	7.11623	12.7693
k141_106864	1843	9.83638	9.83638	11.4548
k141_22043	1500	5.82148	5.82148	4.18829
k141_88455	1740	8.28994	8.28994	12.926
k141_4146	2488	5.51369	5.51369	5.97851
k141_14432	12031	9.75061	9.75061	17.0789
k141_4147	1515	8.18681	8.18681	10.1492
k141_51585	4992	8.73048	8.73048	7.76205
k141_14434	1723	5.21805	5.21805	6.44672
k141_4149	1612	5.57798	5.57798	8.79573
k141_59485	4737	9.23022	9.23022	11.0128
k141_51592	2063	4.23419	4.23471	3.77072
k141_51593	5545	8.84949	8.84968	10.5552
k141_78530	4561	6.92904	6.92904	9.76184
k141_31551	4728	6.49039	6.49039	6.56017
k141_106870	3873	7.50739	7.50739	14.6976
k141_4156	6409	12.8578	12.8578	24.0491
k141_4159	1554	8.19231	8.19231	19.3357
k141_59487	6338	10.25	10.25	19.5688
k141_14437	16687	13.0385	13.0385	31.2598
k141_40988	31976	18.747	18.747	45.8795
k141_4165	1738	3.46662	3.46662	6.6385
k141_4166	1671	8.41815	8.41815	11.1474
k141_14442	2350	6.77136	6.77136	10.2701
k141_4167	2684	7.1322	7.1322	10.0137
k141_40989	1692	9.1952	9.1952	14.614
k141_59488	2830	6.88769	6.88769	8.79978
k141_22061	2479	8.73422	8.73422	25.1129
k141_31557	4670	8.10133	8.10133	10.2748
k141_14445	2160	7.30498	7.30498	17.0494
k141_88463	10265	11.4066	11.4066	22.5165
k141_98415	201448	40.7955	40.7955	114.218
k141_14447	1931	6.58282	6.58282	15.9399
k141_4172	7304	13.0579	13.0579	32.5283
k141_51616	1887	7.60449	7.60449	17.0375
k141_98417	2234	5.74808	5.74808	7.81695
k141_78543	3044	6.41776	6.41776	10.2587
k141_14452	4265	9.74338	9.74338	27.4285
k141_4179	2830	5.70672	5.70672	6.45965
k141_98421	3622	78.8332	78.8332	605.656
k141_51630	1616	7.95634	7.95634	5.55031
k141_106879	5069	8.61557	8.61578	12.4905
k141_40999	3402	7.24816	7.24816	17.8253
k141_4184	3173	9.39861	9.39894	9.30805
k141_31563	3259	25.1534	25.1534	136.801
k141_51634	1543	6.27638	6.27638	12.1339
k141_22065	5454	8.68891	8.6891	18.1283
k141_88470	2814	6.7485	6.7485	9.24883
k141_14456	7581	13.0907	13.0907	19.3658
k141_98424	4941	7.92152	7.92152	14.6034
k141_31565	2305	4.93364	4.93364	7.52909
k141_106883	1795	11.6219	11.6219	16.0941
k141_51639	3844	8.66161	8.66161	12.4245
k141_69608	77836	28.0615	28.0615	65.0566
k141_98425	2291	8.18543	8.18543	12.3594
k141_59499	7170	9.81709	9.81709	14.8887
k141_41007	1575	5.68632	5.68632	10.3235
k141_51640	3323	5.35991	5.35991	5.10502
k141_88474	4683	7.25502	7.25502	9.05678
k141_78548	7475	8.79031	8.79031	17.5085
k141_69609	1539	5.84449	5.84449	4.94702
k141_31571	1606	7.44712	7.44712	16.3821
k141_41010	1756	8.32628	8.32628	7.36638
k141_14463	2730	8.71744	8.71744	12.1423
k141_22074	1984	12.2694	12.2694	22.21
k141_4203	3021	7.49495	7.49495	11.2626
k141_51645	1584	6.76848	6.76848	10.5674
k141_14464	7416	13.477	13.477	32.8615
k141_106884	5773	8.13125	8.13125	12.0842
k141_78550	3094	14.6056	14.6056	22.0555
k141_14465	3436	12.164	12.164	14.1637
k141_98432	10119	17.4646	17.4646	43.1376
k141_88479	1962	9.77152	9.77152	18.9396
k141_51646	7396	10.2349	10.2349	21.3148
k141_14466	1841	8.14902	8.14902	8.94232
k141_98433	2124	9.18237	9.18237	11.68
k141_88480	1874	4.7268	4.7268	2.46223
k141_31577	1938	4.40604	4.40604	8.64983
k141_22081	1626	13.4851	13.4851	32.2919
k141_106886	4754	12.1861	12.1861	19.9412
k141_69615	3172	11.632	11.632	12.1578
k141_98443	1588	9.15647	9.15647	28.5605
k141_78554	3025	9.31548	9.31548	17.9307
k141_98447	1647	9.82365	9.82365	10.1293
k141_14474	5814	9.65713	9.65713	16.4605
k141_51648	13389	13.27	13.27	29.1873
k141_51653	2001	13.2707	13.2707	33.1802
k141_14477	2460	4.64892	4.64892	15.5168
k141_106889	2877	5.73671	5.73671	7.22928
k141_59505	10180	16.6133	16.6133	36.2038
k141_88487	1630	6.94122	6.94122	9.33324
k141_51657	5948	9.59917	9.59917	24.012
k141_14480	7150	11.0823	11.0823	19.9003
k141_4206	32483	12.5252	12.5252	30.8109
k141_41014	10719	14.989	14.989	55.4334
k141_59508	2032	5.95112	5.95112	7.84558
k141_106894	1739	7.25677	7.25677	13.4868
k141_4210	1680	6.38105	6.38105	7.65263
k141_4213	2151	9.6012	9.6012	12.1439
k141_78559	3593	9.85826	9.85826	18.6126
k141_41020	3123	13.6034	13.6034	35.7826
k141_22092	7406	10.1308	10.1308	29.1328
k141_14481	7883	11.1769	11.1769	26.9424
k141_51670	1968	17.1562	17.1562	43.278
k141_4214	2023	8.54939	8.54939	13.893
k141_4217	1662	4.9418	4.9418	2.88607
k141_51674	4010	8.02979	8.02979	8.8979
k141_59514	4264	8.22241	8.22241	24.2405
k141_88502	3069	10.8667	10.8667	37.248
k141_22094	3133	9.36473	9.36473	10.4545
k141_98457	18702	30.5572	30.5572	82.6598
k141_14491	1638	5.00269	5.00269	4.90382
k141_4223	2900	6.64255	6.64255	9.73722
k141_14492	1634	4.36051	4.36051	6.72966
k141_41027	3652	8.78555	8.78584	12.4271
k141_51680	2255	9.27696	9.27696	23.7191
k141_4225	2499	7.21115	7.21115	9.43583
k141_69627	4342	12.3022	12.3022	26.3627
k141_78567	2875	6.90752	6.90752	10.7528
k141_22099	1631	7.45037	7.45037	7.22605
k141_14494	5279	17.9813	17.9813	81.0302
k141_98458	6776	8.57803	8.57818	15.6077
k141_78570	1554	6.9886	6.9886	8.99195
k141_22101	1697	6.52683	6.52683	14.5004
k141_78572	1986	8.87364	8.87364	8.21075
k141_22103	1906	7.96355	7.96355	22.1571
k141_69635	1946	7.52394	7.52394	11.5164
k141_4226	8193	10.5068	10.5068	23.2189
k141_59528	1715	9.46581	9.46581	19.4675
k141_69636	2346	7.37842	7.37842	9.48278
k141_41039	1737	5.31695	5.31695	8.32634
k141_22106	2521	8.85744	8.85744	10.8005
k141_51695	1570	6.03662	6.03662	4.91341
k141_41040	1801	6.80921	6.80921	13.4878
k141_88505	11313	32.2174	32.2175	90.2105
k141_98468	1520	7.14234	7.14234	13.3785
k141_78573	3766	14.9201	14.9201	37.5834
k141_69640	2970	18.2021	18.2021	48.4364
k141_41043	1702	6.08054	6.08054	7.60732
k141_78577	1958	4.44856	4.44856	4.94368
k141_22113	1636	9.53836	9.53836	14.3497
k141_22116	1540	4.40504	4.40504	1.74152
k141_88511	1627	4.73798	4.73798	3.42249
k141_41045	2323	6.59871	6.59871	12.2045
k141_51699	1883	5.55684	5.55684	9.98946
k141_14507	1917	5.86304	5.86304	9.61315
k141_51700	2226	8.2553	8.2553	10.703
k141_78585	2521	8.50612	8.50612	13.0289
k141_88512	2559	8.57949	8.57949	15.7097
k141_22120	1849	6.54915	6.54915	8.75296
k141_51701	2574	8.81518	8.81518	17.9154
k141_14509	2847	14.9755	14.9755	49.0654
k141_59538	1867	8.44787	8.44787	22.4955
k141_22123	2872	6.51543	6.51543	10.8562
k141_59540	1744	7.36449	7.36449	12.4441
k141_78590	3004	7.42151	7.42151	13.9012
k141_4249	1694	8.57642	8.57642	23.6442
k141_88519	2026	8.46748	8.46748	9.15149
k141_106897	36468	15.0495	15.0495	34.8969
k141_22127	2626	8.40913	8.40913	12.7269
k141_106899	2125	5.72557	5.72557	5.39974
k141_51705	1600	5.21517	5.21517	2.46161
k141_41062	4885	9.03358	9.03358	20.3796
k141_88522	8136	77.9072	77.9072	322.172
k141_4253	1781	5.56468	5.56468	7.31346
k141_106905	3954	11.1609	11.1609	32.4322
k141_98477	10332	17.1892	17.1892	42.7105
k141_14518	4978	10.7125	10.7127	21.3072
k141_88524	1615	7.00341	7.00341	9.8094
k141_51714	2059	8.09743	8.09796	31.4984
k141_98480	1703	6.68577	6.68577	9.73237
k141_22133	4067	6.84121	6.84121	7.61319
k141_22138	1613	9.02119	9.02187	17.362
k141_106916	1759	3.85208	3.85208	2.71442
k141_88527	5206	12.1824	12.1824	29.16
k141_69642	28663	16.2032	16.2032	36.2367
k141_51720	3598	23.3341	23.3341	39.2588
k141_98490	3796	13.4734	13.4734	17.3774
k141_4256	11668	10.8251	10.8252	19.962
k141_41068	7088	9.63433	9.63433	20.7587
k141_69644	1736	5.31967	5.31967	12.8801
k141_22148	2135	6.88665	6.88665	15.8295
k141_41069	2058	7.46698	7.46698	8.16722
k141_98491	2898	6.50691	6.50691	9.36695
k141_78598	17959	14.2718	14.2718	23.3341
k141_69648	2022	10.3766	10.3766	17.1072
k141_4257	2153	8.11832	8.11832	20.1553
k141_106922	3897	11.2826	11.2826	18.3294
k141_22149	1582	7.92598	7.92598	12.0266
k141_14523	11222	19.2983	19.2983	58.1267
k141_51725	2238	8.93822	8.93822	21.368
k141_69650	2057	9.28736	9.28736	10.3855
k141_41076	1521	4.40117	4.40117	7.31339
k141_22150	2147	7.32148	7.32148	15.556
k141_106927	2203	11.3512	11.3512	19.4883
k141_78601	2387	7.02325	7.02325	9.47442
k141_88533	5715	10.3119	10.3119	18.9142
k141_4262	2831	9.28534	9.28534	37.0001
k141_41078	2709	6.64478	6.64478	11.0806
k141_78602	2255	158.725	158.725	3190.98
k141_69656	2068	10.7185	10.7185	14.194
k141_41081	2613	7.30572	7.30572	16.1864
k141_4265	1769	6.3286	6.3286	3.73619
k141_14526	4353	10.6457	10.6457	26.049
k141_69662	1568	5.17913	5.17983	4.98456
k141_78606	5344	10.7757	10.7757	37.1155
k141_22154	7213	11.154	11.154	28.0316
k141_98500	6696	9.05943	9.05943	10.2498
k141_4269	1736	7.97604	7.97604	13.8291
k141_78609	1720	5.36879	5.36879	6.50447
k141_22156	3007	7.19671	7.19671	10.9964
k141_98504	1859	7.30895	7.30895	5.61992
k141_106944	2673	5.109	5.109	5.02498
k141_69666	4300	9.5212	9.5212	12.9664
k141_88536	12394	9.77246	9.77246	23.0791
k141_51728	15133	15.7298	15.7298	100.366
k141_98507	3012	14.4483	14.4483	33.7917
k141_69670	1700	13.0129	13.0129	42.7255
k141_51735	2086	7.70506	7.70506	9.28709
k141_22159	6360	9.2132	9.2132	11.7781
k141_98513	1626	7.37602	7.37602	10.464
k141_41110	1654	7.5379	7.5379	10.6998
k141_4273	7559	11.4995	11.4995	22.6258
k141_98514	1604	13.249	13.249	31.8444
k141_88548	1518	6.33333	6.33333	7.6386
k141_69675	3094	7.76359	7.76359	15.1632
k141_106958	2463	8.90099	8.90099	12.5157
k141_41113	1876	7.8482	7.8482	10.1265
k141_51738	1726	6.43655	6.43655	7.54127
k141_88551	2661	6.56033	6.56033	11.225
k141_14530	13851	8.79571	8.79571	19.6698
k141_69676	5025	10.0599	10.0599	14.0519
k141_98519	3485	10.2765	10.2765	16.8683
k141_69680	1562	7.87819	7.87819	10.4826
k141_106966	5557	23.7039	23.7039	49.9392
k141_98526	1614	7.30396	7.30396	7.74694
k141_69683	1924	11.4611	11.4611	25.6677
k141_22184	1731	58.5338	58.5338	283.311
k141_106970	2358	8.09239	8.09239	11.3308
k141_88555	9652	20.9153	20.9153	62.2365
k141_22188	2898	10.3519	10.3519	15.5911
k141_69685	2103	8.92576	8.92576	11.5546
k141_14537	7180	8.65932	8.65946	15.6177
k141_69687	2303	5.7738	5.7738	5.24576
k141_98531	2883	8.7135	8.7135	20.526
k141_22196	1562	4.14235	4.14306	3.36297
k141_51740	14645	11.8664	11.8664	23.7193
k141_88559	5903	10.592	10.592	18.4312
k141_106972	11467	10.0076	10.0076	16.5944
k141_88560	2050	7.71842	7.71842	9.88021
k141_69691	6508	11.6202	11.6202	32.4413
k141_88562	1948	9.67686	9.67686	14.1776
k141_14550	2550	7.7575	7.7575	19.7686
k141_4278	25109	14.5619	14.5619	34.7208
k141_14551	3331	12.3961	12.3961	41.5183
k141_98546	4106	8.16431	8.16431	13.0127
k141_31578	123855	21.907	21.907	117.456
k141_51741	9793	14.0084	14.0084	48.2852
k141_106981	2429	6.31812	6.31812	11.5595
k141_31579	2189	9.4669	9.4669	20.673
k141_88571	1822	4.76675	4.76675	4.67447
k141_41121	30768	17.104	17.104	41.7674
k141_4289	1549	6.35097	6.35097	10.7516
k141_69698	4129	9.79543	9.79543	22.3301
k141_78610	52683	15.7885	15.7885	39.5216
k141_106983	3318	7.06187	7.06187	12.6606
k141_14556	2250	41.9681	41.9681	849.665
k141_88576	1614	7.30601	7.30601	12.0266
k141_22207	12638	7.78227	7.78227	15.8215
k141_41122	6448	9.16593	9.16593	27.2884
k141_31589	1895	75.753	75.753	234.516
k141_88577	3550	11.5579	11.5579	20.731
k141_69707	4555	13.1314	13.1317	63.0513
k141_98563	1527	6.97531	6.97531	10.1534
k141_78616	3806	9.88266	9.88266	17.0305
k141_22214	2313	7.07721	7.07721	15.95
k141_98564	2163	10.454	10.454	17.8116
k141_88580	1685	10.1127	10.1127	16.7024
k141_106992	5372	46.7909	46.7909	154.261
k141_78617	2333	11.3454	11.3454	26.1181
k141_31594	2585	7.20287	7.20287	9.64913
k141_106995	1545	6.43584	6.43584	12.2662
k141_41131	2263	6.67629	6.67629	8.74262
k141_69713	1957	5.07637	5.07637	6.55344
k141_22216	1519	11.8532	11.8539	23.7652
k141_31595	2690	13.6315	13.6315	20.5178
k141_41133	1992	9.60749	9.60749	18.1071
k141_98571	1743	8.37979	8.37979	28.9906
k141_51742	16895	14.5574	14.5574	32.9074
k141_51744	1734	8.69003	8.69003	9.11988
k141_14564	8255	10.4445	10.4445	19.8016
k141_98572	4239	8.15383	8.15383	15.9878
k141_88591	2354	15.1924	15.1924	34.3619
k141_22226	1534	6.03396	6.03396	8.42906
k141_98573	2123	12.037	12.037	29.6381
k141_69728	1579	5.20714	5.20714	10.5425
k141_4315	2941	8.01469	8.01469	13.5118
k141_41144	1724	4.8507	4.8507	8.17164
k141_51750	1823	8.83323	8.83323	15.0577
k141_22229	1876	5.41947	5.41947	6.67725
k141_69731	1826	11.3162	11.3162	24.9793
k141_51751	1591	4.77863	4.77863	5.62389
k141_88595	2752	7.29593	7.29593	11.066
k141_78629	8525	8.15128	8.15128	11.6639
k141_14565	8384	15.6878	15.6878	27.3245
k141_78630	1660	7.92715	7.92715	13.5388
k141_31610	3925	9.95868	9.95868	11.5675
k141_51752	5281	10.6215	10.6217	22.8221
k141_22232	3209	8.93854	8.93887	25.9494
k141_69737	2001	6.20908	6.20908	10.2952
k141_14573	2660	9.0251	9.0251	11.7854
k141_4326	2450	5.01261	5.01261	7.9281
k141_51753	3635	9.14318	9.14347	15.5224
k141_69739	1565	7.7894	7.7894	14.0235
k141_41158	1545	96.4738	96.4738	144.587
k141_88600	5381	15.1742	15.1742	61.9597
k141_14577	1533	7.94288	7.94288	10.0712
k141_51757	2062	8.65272	8.65272	18.0908
k141_31613	4868	7.16257	7.16257	10.2786
k141_69744	1557	4.88486	4.88486	8.91562
k141_98582	9179	13.4028	13.4028	23.7802
k141_88602	2202	6.67446	6.67446	9.62686
k141_78639	4570	8.36041	8.36041	8.72579
k141_51761	1619	11.3758	11.3758	17.4364
k141_22237	5165	7.25563	7.25563	11.1348
k141_14584	1881	7.21202	7.21202	13.0711
k141_22238	2131	6.17718	6.17718	8.0661
k141_88607	2998	5.44066	5.44066	7.90228
k141_4327	8535	10.4508	10.4508	21.1049
k141_41166	2775	6.49029	6.49029	6.09525
k141_31619	1839	7.76199	7.76199	13.929
k141_78647	2547	6.90989	6.90989	9.48441
k141_41169	1522	8.58601	8.58601	20.2749
k141_14593	2042	6.58457	6.58457	6.49469
k141_106996	31361	16.3819	16.3819	61.6382
k141_98593	3115	8.12108	8.12108	9.52535
k141_22252	1724	6.22681	6.22681	6.72223
k141_14594	2353	4.83749	4.83749	4.16248
k141_88620	2509	6.50954	6.50954	9.44931
k141_4334	1546	7.83811	7.83811	11.4204
k141_51767	7091	13.2053	13.2053	26.9172
k141_41170	3064	5.09574	5.09574	6.23901
k141_41171	1648	8.05608	8.05608	15.3876
k141_98597	1528	7.13353	7.13353	12.1652
k141_31628	3501	6.93554	6.93554	19.5473
k141_14596	3276	10.6417	10.6417	14.5501
k141_22254	4228	15.5456	15.5456	46.9622
k141_98600	2617	5.05715	5.05715	4.07738
k141_4339	4078	6.23142	6.23142	7.60944
k141_106999	5881	9.66184	9.66184	18.3484
k141_78666	1582	6.0433	6.0433	7.41389
k141_107001	1505	7.29594	7.29594	5.98547
k141_4341	2659	6.17298	6.17298	7.85596
k141_14599	7936	9.02132	9.02132	11.6734
k141_88624	8973	20.9028	20.9028	75.6175
k141_4345	2163	10.1624	10.1624	11.7505
k141_22268	1593	5.94317	5.94317	5.74715
k141_88627	1778	5.9484	5.9484	5.69984
k141_107002	4627	8.79361	8.79383	15.7134
k141_51784	2241	12.571	12.571	27.8555
k141_14606	1755	5.45296	5.45296	4.29284
k141_98611	4637	10.3178	10.318	22.3173
k141_88630	1530	5.50942	5.51014	10.836
k141_78680	5305	8.76411	8.76431	12.1486
k141_22269	4834	8.75384	8.75384	17.2185
k141_78681	1591	9.90701	9.90701	14.4038
k141_4352	2909	8.8514	8.8514	18.3929
k141_98616	1826	10.1175	10.1175	24.0406
k141_88631	2924	66.7293	66.7293	474.892
k141_107004	7216	8.99165	8.99165	13.516
k141_69754	25207	42.3872	42.3872	170.107
k141_22274	2594	8.48445	8.48486	10.4307
k141_51790	2610	6.66057	6.66057	8.7977
k141_31630	22665	17.2507	17.2507	90.2946
k141_22276	3167	7.71694	7.71694	17.6746
k141_51793	2658	8.16707	8.16707	13.4052
k141_78689	2470	6.84698	6.84698	9.09988
k141_41182	17305	12.8187	12.8187	23.6552
k141_4365	2239	9.55864	9.55864	13.4384
k141_22277	2401	7.84585	7.84585	17.0245
k141_88641	3601	9.26021	9.26021	21.9921
k141_78692	1607	6.58682	6.58682	11.4775
k141_98626	2058	8.8957	8.8957	20.6378
k141_41183	1908	8.57053	8.57053	26.976
k141_98627	2188	4.68793	4.68793	8.03703
k141_107012	1625	4.40746	4.40814	5.83465
k141_31637	4550	8.04	8.04	13.3162
k141_69768	1956	8.15891	8.15891	10.3165
k141_22282	2307	9.30042	9.30042	33.5044
k141_107014	2785	8.54194	8.54194	14.5779
k141_78698	2257	8.04841	8.04841	16.6767
k141_31642	1611	4.31759	4.31827	4.02396
k141_69771	3086	6.15157	6.15157	8.60712
k141_51804	1879	6.28803	6.28803	12.0639
k141_107016	2044	6.51003	6.51003	6.8184
k141_69773	2878	10.007	10.007	8.90534
k141_98629	4510	10.3115	10.3115	18.5498
k141_14617	15554	16.1026	16.1026	52.9896
k141_22293	2939	10.0305	10.0305	21.0682
k141_31645	2114	8.71741	8.71741	10.0969
k141_69775	3089	11.2127	11.2127	39.2764
k141_59559	162755	28.2831	28.2831	79.4537
k141_78703	4568	9.57696	9.57696	19.2402
k141_51805	2324	5.01886	5.01886	6.02952
k141_107022	1831	5.15586	5.15586	8.42805
k141_69776	2175	10.7165	10.7165	9.13206
k141_4384	1793	7.56847	7.56847	4.11996
k141_41202	3403	8.12942	8.12942	20.2941
k141_59560	2252	7.67697	7.67697	8.15122
k141_31650	2816	4.83571	4.83571	7.33438
k141_22300	2740	6.28726	6.28726	11.9607
k141_4391	1622	5.91576	5.91576	8.20094
k141_69779	2777	7.50742	7.50742	12.6567
k141_51813	1739	6.21271	6.21271	5.8741
k141_4394	1871	7.43463	7.43463	9.28076
k141_59563	3382	9.79332	9.79332	28.1585
k141_69784	2231	4.76646	4.76646	8.631
k141_14619	9530	10.1744	10.1744	17.1343
k141_22309	2055	7.11286	7.11286	6.96043
k141_98648	2217	6.93856	6.93856	7.33745
k141_14620	1959	4.96849	4.96849	3.15774
k141_51820	1688	7.46359	7.46359	7.43037
k141_4396	4072	5.33809	5.33809	7.24712
k141_78709	6816	8.24722	8.24722	13.4729
k141_14622	1872	6.13821	6.13821	4.83041
k141_59567	5683	32.0739	32.0739	333.869
k141_88643	26937	16.3596	16.3596	41.7322
k141_4399	3327	10.1014	10.1014	17.5049
k141_14625	2993	9.19979	9.19979	15.2648
k141_69796	3333	11.3616	11.3616	20.0015
k141_4401	1691	8.18365	8.18365	16.5669
k141_14628	2038	8.08792	8.08792	10.1619
k141_41210	10701	10.1556	10.1556	16.3832
k141_51831	2986	7.2165	7.2165	8.272
k141_78715	1914	14.9841	14.9841	37.7897
k141_78717	1505	8.29078	8.29078	13.8593
k141_51833	1980	6.67213	6.67213	13.6673
k141_98661	3999	11.5521	11.5521	29.2181
k141_51834	1501	7.68024	7.68024	7.44136
k141_78720	1984	9.14613	9.14613	16.306
k141_4411	1579	6.93562	6.93562	4.66249
k141_59583	2291	5.89211	5.89211	14.8468
k141_41217	1955	7.1651	7.1651	7.93175
k141_98662	1769	7.20939	7.20939	10.4264
k141_69807	3852	7.21205	7.21205	10.9054
k141_4414	2368	9.73445	9.73445	16.0597
k141_14638	3684	8.66384	8.66384	19.5201
k141_107030	22477	14.6182	14.6182	29.1482
k141_98663	4170	7.96617	7.96617	14.4204
k141_59586	2285	6.07916	6.07916	20.133
k141_59587	1705	6.3164	6.3164	7.48418
k141_88663	4114	10.033	10.033	13.0393
k141_98666	1673	7.16021	7.16021	6.75878
k141_41228	1932	7.45623	7.45623	10.073
k141_14643	3274	7.26601	7.26601	9.47545
k141_51841	9680	10.4085	10.4085	22.9751
k141_41229	1532	4.28726	4.28726	7.99343
k141_4427	3079	7.183	7.183	17.4522
k141_78739	3619	20.597	20.597	57.0311
k141_69815	2274	8.76742	8.76742	15.1122
k141_59588	5202	13.6485	13.6485	36.6718
k141_4428	1598	5.48066	5.48066	7.99139
k141_98673	1564	4.55446	4.55446	3.04123
k141_41232	1811	5.17038	5.17038	4.50889
k141_88674	2388	35.6774	35.6774	144.635
k141_59592	2547	7.75845	7.75845	8.48389
k141_51847	2055	10.3029	10.3029	20.5726
k141_98677	1622	6.67595	6.67595	14.8717
k141_41233	2880	13.5773	13.5773	39.1904
k141_107033	10380	8.81681	8.81681	17.6622
k141_31651	41872	34.0363	34.0363	93.8027
k141_78749	2309	9.58407	9.58407	21.6095
k141_107036	2030	6.24043	6.24043	8.66593
k141_88680	5874	10.5045	10.5045	20.7759
k141_59601	1631	4.89467	4.89467	10.8686
k141_51850	4953	7.07475	7.07475	13.9443
k141_98687	2244	5.52053	5.52053	2.53256
k141_107041	1560	4.14255	4.14255	5.55594
k141_51853	1523	4.06409	4.06409	3.19708
k141_98688	2668	12.0183	12.0183	21.6522
k141_4432	11546	9.96613	9.96613	22.7553
k141_41248	1571	7.88951	7.88951	16.4886
k141_4433	1685	8.98241	8.98241	23.8541
k141_4434	1824	5.61589	5.61589	7.10696
k141_98689	1977	7.5676	7.5676	11.365
k141_78764	2049	6.74144	6.74144	15.9167
k141_69816	19104	10.6992	10.6992	24.0567
k141_22312	43866	14.8345	14.8345	32.374
k141_98690	1773	4.98583	4.98583	6.83754
k141_78765	2294	6.84095	6.84095	21.8611
k141_41253	1700	7.04129	7.04129	19.8899
k141_22314	1999	6.64143	6.64143	12.4293
k141_31676	2498	6.81218	6.81218	10.2445
k141_51858	4434	10.3532	10.3532	13.9959
k141_22316	1506	8.07375	8.07375	14.6972
k141_4437	5940	9.40501	9.40501	18.7887
k141_59602	11385	14.7802	14.7802	26.1436
k141_22318	1536	6.13492	6.13492	7.81934
k141_69825	2790	11.9295	11.9295	32.1729
k141_107047	7912	9.86009	9.86009	19.5476
k141_31680	1651	6.64757	6.64757	11.5777
k141_51862	4623	8.24257	8.24257	13.8416
k141_69827	2918	6.82587	6.82587	12.0283
k141_59603	2253	7.06277	7.06277	10.7487
k141_4443	1875	8.62493	8.62493	15.1197
k141_51863	2401	4.57574	4.57574	8.49324
k141_59605	1830	10.503	10.503	17.3651
k141_4444	2268	6.56893	6.56893	21.7266
k141_78779	1837	10.1642	10.1642	16.1516
k141_41260	4018	9.8136	9.8136	12.2339
k141_51864	1620	6.96463	6.96463	9.41603
k141_41261	2259	5.62873	5.62873	4.54756
k141_88683	18520	12.647	12.647	25.4681
k141_98695	9088	8.47214	8.47225	12.6305
k141_78783	2070	7.57083	7.57083	15.8678
k141_69834	1544	7.27331	7.27331	13.0272
k141_107057	6457	10.1189	10.1189	16.9579
k141_78785	3079	7.01297	7.01297	8.92817
k141_98698	2514	6.24788	6.24788	7.23018
k141_51869	4094	7.64326	7.64326	11.7985
k141_22335	2862	7.92883	7.92883	14.0927
k141_4457	3125	10.1022	10.1022	17.8511
k141_107058	5681	10.5865	10.5865	17.8207
k141_41265	9882	15.1483	15.1483	28.6151
k141_78786	4228	9.63119	9.63119	22.149
k141_51872	4152	8.27661	8.27661	11.9043
k141_41266	1819	131.505	131.505	687.573
k141_78787	2223	8.56295	8.56295	13.5464
k141_22341	2838	5.30915	5.30915	9.17468
k141_69849	2697	7.29132	7.29132	12.3527
k141_14647	47338	18.5735	18.5735	49.0861
k141_98710	2209	5.48713	5.48713	4.44724
k141_41268	2654	8.68051	8.68091	18.6888
k141_98712	1632	52.4271	52.4271	1149.37
k141_22342	3393	26.4258	26.4258	101.964
k141_14648	3102	14.9106	14.9106	40.3118
k141_88698	11227	15.4288	15.4288	32.8337
k141_78790	5677	9.47295	9.47295	20.8224
k141_88699	1516	7.05124	7.05124	6.35488
k141_51888	1934	6.59865	6.59865	9.62791
k141_98723	1546	8.35888	8.35888	13.5062
k141_22350	1962	6.31457	6.31457	12.5393
k141_59617	19121	11.2	11.2	24.219
k141_14656	1726	23.6339	23.6339	140.467
k141_51889	3883	21.2127	21.2127	151.367
k141_22352	1748	7.65207	7.65207	10.1018
k141_88700	5202	9.71793	9.71793	21.6634
k141_98724	3292	12.3746	12.3746	39.5138
k141_78803	2066	6.65553	6.65553	12.6061
k141_22354	1795	6.04863	6.04863	3.99153
k141_14659	3858	7.50836	7.50836	16.086
k141_88701	2068	8.08655	8.08707	13.177
k141_59618	6798	11.7408	11.7408	19.3101
k141_69873	1823	7.06695	7.06695	17.3723
k141_51898	2559	8.58364	8.58364	13.4415
k141_22355	1621	9.27124	9.27124	11.6794
k141_14663	2592	8.28256	8.28256	10.4216
k141_41284	7745	10.312	10.312	17.9773
k141_88703	5753	14.5777	14.5777	68.5391
k141_59620	3486	14.2239	14.2239	36.597
k141_69874	4115	8.33039	8.33039	15.648
k141_22358	3647	9.672	9.672	14.1752
k141_78813	3161	8.28861	8.28861	22.6147
k141_31686	39558	13.0031	13.0031	26.8899
k141_41288	2911	8.1724	8.1724	16.6355
k141_59623	2780	12.7966	12.7966	69.5529
k141_107076	17080	11.6346	11.6346	21.8394
k141_69880	1574	5.43329	5.43329	12.8444
k141_59625	2022	6.53686	6.53686	14.2477
k141_78814	3709	8.1093	8.1093	24.8155
k141_22364	1696	4.82342	4.82342	4.36039
k141_14673	3998	11.1653	11.1653	22.078
k141_51904	4193	8.85506	8.85506	24.8595
k141_31691	2103	6.66564	6.66564	14.5627
k141_41289	3958	8.8687	8.8687	16.5061
k141_98745	3179	8.26345	8.26345	13.9148
k141_14675	1610	5.10137	5.10205	2.72231
k141_22369	2315	6.8933	6.8933	13.3514
k141_107082	1781	10.0196	10.0196	10.1665
k141_98748	1965	5.95647	5.95647	8.89177
k141_41295	1563	8.03255	8.03255	6.35022
k141_69888	1621	4.56832	4.56832	5.58423
k141_31695	1954	2.48614	2.48614	1.4779
k141_14685	1694	8.53109	8.53109	22.9673
k141_59638	1810	9.98675	9.98675	14.0806
k141_51907	5608	16.1246	16.1246	36.6786
k141_31696	3994	7.67144	7.67144	13.5733
k141_59640	2586	7.47906	7.47906	10.8255
k141_78818	6968	8.99736	8.99736	19.6837
k141_14687	2810	6.95714	6.95714	14.8202
k141_98751	3778	8.32938	8.32938	14.6967
k141_31698	1761	10.987	10.987	31.1978
k141_51910	3089	36.9023	36.9023	84.3257
k141_41299	3853	11.6908	11.6908	26.6847
k141_78821	1554	8.87464	8.87464	16.3606
k141_98752	2524	6.41786	6.41786	7.80009
k141_88708	15646	13.2204	13.2204	23.8481
k141_78822	1704	6.57143	6.57143	7.84455
k141_22385	1967	8.73803	8.73858	11.9003
k141_59648	3930	8.36878	8.36905	14.2226
k141_51916	2167	10.527	10.527	29.2464
k141_22386	1750	6.17438	6.17438	9.18215
k141_14701	3952	9.61967	9.61967	18.2057
k141_88714	3137	9.48443	9.48477	12.2365
k141_51918	2045	9.40369	9.40369	35.4867
k141_69889	15713	11.6763	11.6763	22.6638
k141_41306	3131	7.48407	7.48407	10.9277
k141_59652	2272	13.0259	13.0259	67.7386
k141_31710	2542	7.59281	7.59281	12.935
k141_98765	2179	9.37851	9.37851	16.5461
k141_88716	1574	8.44452	8.44452	12.8796
k141_22391	2521	7.72206	7.72206	13.1721
k141_59656	2094	6.72171	6.72171	9.33632
k141_88719	1651	9.54697	9.54697	6.70933
k141_51921	2801	6.78989	6.78989	12.7977
k141_14712	1607	5.51476	5.51476	4.32824
k141_4463	54536	20.0921	20.0921	47.6464
k141_69898	1601	7.00414	7.00414	12.8303
k141_41314	2737	10.7008	10.7008	25.6459
k141_59660	1747	9.91609	9.91609	24.0044
k141_31716	3468	12.1564	12.1564	23.5983
k141_78842	1762	3.55707	3.55707	3.97624
k141_51928	2813	8.87345	8.87345	17.9258
k141_107088	26994	40.2976	40.2976	118.876
k141_41319	2580	8.78807	8.78848	14.5688
k141_51933	1685	6.31661	6.31661	7.61025
k141_31720	3855	8.6278	8.62807	16.277
k141_69904	5582	9.25147	9.25147	22.5097
k141_78846	2742	10.1038	10.1038	17.9981
k141_41323	1735	6.11798	6.11798	2.67864
k141_98787	1805	9.32387	9.32387	21.727
k141_14716	8885	9.42977	9.42977	14.9712
k141_69905	1527	7.30065	7.30065	10.991
k141_31721	2903	5.2786	5.2786	3.8173
k141_88731	6718	19.988	19.988	70.2745
k141_41324	4072	11.8771	11.8771	25.9926
k141_98790	2224	7.21504	7.21504	11.8158
k141_69909	2565	14.2335	14.2335	22.9993
k141_31724	3453	11.2295	11.2295	15.4019
k141_107099	2857	8.39379	8.39379	10.5138
k141_41326	2102	26.7961	26.7961	134.355
k141_51939	6800	8.3582	8.3582	14.3752
k141_22395	18293	12.1359	12.1359	26.1613
k141_31725	2121	5.79604	5.79604	8.90049
k141_78860	2097	6.6867	6.6867	8.00663
k141_14727	3971	11.0864	11.0864	18.0265
k141_98794	3417	7.43251	7.43251	11.2418
k141_78862	1715	21.0588	21.0588	119.055
k141_31728	1785	4.78165	4.78226	6.03578
k141_69918	3125	7.63563	7.63563	8.39717
k141_51946	1749	8.30457	8.30457	17.8414
k141_69921	1524	7.72416	7.72416	6.5568
k141_41335	1739	5.63184	5.63184	9.07541
k141_14735	2353	7.48752	7.48752	22.6388
k141_107109	2947	5.1094	5.1094	3.79345
k141_88745	2144	8.13089	8.13089	12.7292
k141_41337	1879	7.37363	7.37363	6.14275
k141_51947	3048	7.41408	7.41408	13.6043
k141_22399	9215	20.5386	20.5386	56.2433
k141_14737	3509	9.38077	9.38077	21.162
k141_14738	1511	6.03747	6.03747	11.8317
k141_22401	1698	6.52713	6.52713	12.7407
k141_98800	7863	10.9166	10.9166	19.3949
k141_59667	21372	9.74027	9.74027	17.9522
k141_88751	1534	5.34971	5.34971	4.44304
k141_41341	2650	8.0256	8.0256	19.1854
k141_51954	4732	7.95722	7.95722	12.2039
k141_69931	4057	6.78372	6.78372	8.86592
k141_88754	2273	5.22374	5.22374	9.43116
k141_59673	2411	10.1185	10.1185	22.4053
k141_31743	6728	10.5354	10.5354	16.4659
k141_22411	2045	6.60633	6.60633	7.92625
k141_107113	12654	15.6775	15.6775	36.7603
k141_14746	5259	8.46173	8.46173	14.6118
k141_51955	5541	8.82137	8.82137	14.6822
k141_4465	32930	42.877	42.877	117.694
k141_69935	1915	5.07932	5.07932	6.73855
k141_107115	1513	5.45561	5.45561	8.51993
k141_14751	2223	8.50506	8.50506	16.1062
k141_22416	2182	8.56496	8.56496	21.6539
k141_107116	1518	7.93713	7.93713	24.2888
k141_31750	3545	9.33137	9.33137	26.4343
k141_78869	16067	9.59201	9.59201	18.1512
k141_22417	1557	9.62544	9.62544	19.2131
k141_4469	1942	12.9978	12.9978	34.6019
k141_51959	3831	12.7857	12.7857	28.8914
k141_4470	1984	7.4542	7.4542	13.6228
k141_78873	1778	5.97482	5.97482	10.885
k141_41352	7394	13.3893	13.3893	23.1728
k141_107119	4079	7.22347	7.22347	10.3665
k141_51964	1583	7.8716	7.8716	7.95287
k141_88770	6322	17.9823	17.9823	69.6682
k141_14756	1710	5.98141	5.98141	7.88349
k141_22422	3528	16.296	16.296	158.023
k141_69946	2786	14.3376	14.3376	20.5207
k141_31755	1851	8.84186	8.84186	13.0567
k141_88773	1742	4.92651	4.92651	5.89844
k141_4476	2260	6.45498	6.45498	11.9903
k141_78879	2596	9.63246	9.63246	21.1495
k141_41357	1921	7.12027	7.12027	12.0087
k141_107124	1597	6.30339	6.30339	8.90033
k141_51966	1671	5.16437	5.16437	7.4993
k141_22427	2119	6.02489	6.02489	7.57209
k141_14765	2087	10.4512	10.4512	21.7868
k141_4477	3271	8.8555	8.8555	13.247
k141_69951	1623	14.3055	14.3055	117.123
k141_41359	2544	11.2857	11.2857	24.3587
k141_59683	13308	14.5826	14.5826	37.3772
k141_22429	3079	11.0946	11.0949	16.5919
k141_14774	2294	6.29991	6.29991	15.9486
k141_51967	5467	8.53376	8.53376	14.0352
k141_69956	2995	9.81195	9.81195	17.7738
k141_22431	1511	6.45922	6.45922	7.06176
k141_31756	7346	12.6675	12.6675	24.976
k141_22432	1506	6.85914	6.85914	14.1978
k141_51968	1949	8.38132	8.38132	9.50074
k141_31759	1964	6.98346	6.98346	7.19554
k141_22434	1887	8.15084	8.15141	17.5836
k141_69958	3418	13.4394	13.4394	54.237
k141_4490	5869	7.82112	7.82112	11.7268
k141_78886	7644	8.87523	8.87523	15.1048
k141_31761	2600	8.16776	8.16776	9.23485
k141_41370	4150	9.20675	9.20675	13.4824
k141_88783	11916	15.1237	15.1237	43.607
k141_4496	2477	6.74731	6.74731	8.28778
k141_88784	2189	7.81756	7.81756	13.4887
k141_31764	2878	7.99413	7.99413	11.3274
k141_31765	1822	9.12081	9.12081	17.6455
k141_69967	2224	8.32208	8.32208	12.773
k141_88786	1642	6.79625	6.79625	8.08727
k141_59697	7782	9.06394	9.06394	14.347
k141_51990	2461	8.27174	8.27174	8.03952
k141_69968	1840	6.30296	6.30296	5.19771
k141_59698	1658	9.79377	9.79377	37.7657
k141_78895	4956	15.1719	15.1719	42.295
k141_69970	1954	7.35865	7.35865	9.86853
k141_4508	2064	5.27168	5.27168	4.43844
k141_59699	1992	6.90445	6.90445	14.6688
k141_22454	4437	8.98181	8.98181	17.8731
k141_41385	4427	5.99743	5.99743	8.75794
k141_69974	1672	6.70762	6.70762	15.4602
k141_4513	1514	4.71188	4.71188	3.96168
k141_41386	3047	8.52468	8.52468	11.6582
k141_22456	2969	10.8024	10.8024	20.324
k141_51999	2341	7.51985	7.51985	10.8762
k141_4514	2548	8.62344	8.62344	17.6992
k141_52000	2471	8.08574	8.08574	21.1345
k141_69982	1662	7.46495	7.46495	8.71355
k141_14777	25292	15.0585	15.0585	59.1128
k141_59704	4089	13.0411	13.0411	29.432
k141_4516	3245	6.69435	6.69435	10.6319
k141_22460	2187	6.8434	6.8434	9.58889
k141_41391	3080	6.84403	6.84403	8.456
k141_14781	2027	9.38785	9.38785	10.2141
k141_4517	2143	6.37431	6.37431	7.54355
k141_52004	3242	7.71022	7.71022	15.1602
k141_41395	1601	6.74018	6.74018	11.4421
k141_69991	1751	10.0375	10.0375	12.1198
k141_4520	2541	7.32288	7.32288	10.7601
k141_52006	1766	6.35025	6.35025	5.62334
k141_59711	2511	5.7895	5.7895	14.5832
k141_31769	17552	15.3698	15.3698	29.3367
k141_22468	1648	7.79773	7.79773	12.0786
k141_107131	35472	40.1995	40.1995	102.619
k141_41398	2345	6.9836	6.9836	9.40723
k141_14787	5556	9.02608	9.02608	15.0819
k141_31771	3262	7.65392	7.65392	14.0168
k141_41402	1958	5.55752	5.55752	5.47532
k141_22472	2803	6.60799	6.60799	8.63213
k141_52018	1628	4.03383	4.03383	4.9318
k141_14788	4808	9.67046	9.67046	13.4034
k141_88792	22284	9.34797	9.34797	15.1587
k141_22476	2534	8.99413	8.99413	8.88118
k141_88794	1531	6.54453	6.54453	8.99312
k141_52025	1514	7.3871	7.3871	8.51328
k141_14794	2288	7.89195	7.89195	11.7145
k141_22478	2888	6.0336	6.0336	9.36756
k141_4533	8490	8.62158	8.62158	18.7373
k141_88798	2486	7.61045	7.61045	15.3394
k141_14795	2814	11.0522	11.0522	16.7224
k141_107138	11161	9.79021	9.79021	19.2353
k141_22480	2540	6.37197	6.37197	7.23499
k141_78901	30214	20.2248	20.2248	74.9736
k141_88805	2200	4.54341	4.54341	4.1926
k141_22481	1986	7.51198	7.51198	6.54971
k141_107140	1657	7.67551	7.67551	10.7652
k141_69997	15834	15.0903	15.0903	41.3921
k141_14796	5070	11.6213	11.6213	21.3441
k141_31789	4410	8.3716	8.3716	21.837
k141_41406	15553	19.8417	19.8417	63.1682
k141_69998	2355	5.22993	5.22993	9.62003
k141_31790	2680	9.55613	9.55613	10.1585
k141_78904	3659	9.78484	9.78484	23.1298
k141_14801	2757	7.65478	7.65478	14.9332
k141_70000	1829	5.19416	5.19416	5.99093
k141_107147	2077	9.11157	9.11157	30.9039
k141_88806	5420	8.02429	8.02429	15.4712
k141_31793	1511	5.17267	5.17267	4.84886
k141_22490	1999	7.79394	7.79394	13.5609
k141_14804	2714	7.71802	7.71802	9.80839
k141_4542	9554	11.2147	11.2147	18.5388
k141_78908	5364	14.383	14.383	27.8226
k141_4543	2448	7.42602	7.42602	10.6337
k141_59714	27492	16.0967	16.0967	31.8809
k141_70006	2149	6.45022	6.45022	14.8645
k141_22494	3988	8.22955	8.22981	12.6702
k141_14805	4547	7.69752	7.69752	12.5868
k141_88814	3301	6.17233	6.17233	20.7461
k141_78911	2098	9.34805	9.34805	22.1817
k141_31801	4737	9.01352	9.01352	16.8179
k141_22497	1577	6.52348	6.52348	10.526
k141_14809	3619	10.0473	10.0473	22.1634
k141_31802	2564	7.62345	7.62345	17.5718
k141_52026	31149	15.6369	15.6369	34.8655
k141_70010	5564	8.8116	8.8116	14.9555
k141_22499	2538	7.11516	7.11516	9.80283
k141_31804	2042	5.94715	5.94715	8.44992
k141_59718	6252	10.2897	10.2897	14.7453
k141_52028	1639	7.32706	7.32706	5.81566
k141_52029	1888	5.01036	5.01036	4.70915
k141_78921	3102	8.29743	8.29743	16.8705
k141_70012	2356	9.83772	9.83772	18.3176
k141_14817	1884	6.28316	6.28316	4.63011
k141_4550	10539	11.1869	11.1869	26.3805
k141_78923	1670	6.22368	6.22368	6.53451
k141_88821	8582	11.3514	11.3514	18.6294
k141_31808	3085	9.646	9.646	21.3747
k141_70017	1651	12.1019	12.1019	14.5769
k141_4551	2825	6.86019	6.86019	11.9177
k141_98801	119004	34.9699	34.9699	87.7712
k141_31811	1549	6.18585	6.18585	11.9025
k141_88826	2036	6.99417	6.99417	11.8126
k141_98802	2065	8.08094	8.08094	13.9511
k141_59735	2390	7.26696	7.26696	16.3361
k141_88835	1852	4.2074	4.2074	4.1868
k141_4554	7952	9.74225	9.74225	24.3955
k141_59736	4241	17.9643	17.9643	54.6664
k141_88839	1937	6.21936	6.21936	11.3753
k141_98806	3173	14.7016	14.7016	42.5973
k141_14840	2612	6.18725	6.18765	14.2256
k141_88840	2522	6.70152	6.70152	21.0336
k141_98808	2193	6.50857	6.50857	11.0326
k141_78934	8071	10.4665	10.4665	17.927
k141_4560	2957	8.74421	8.74421	15.9006
k141_59741	1958	7.474	7.474	14.7067
k141_70028	6053	8.52194	8.52194	17.2064
k141_88846	2196	5.37879	5.37879	7.07062
k141_107148	37242	15.6753	15.6753	41.3971
k141_4562	1530	6.24203	6.24203	9.13793
k141_59744	1571	6.8677	6.8677	5.00503
k141_70029	3573	8.92229	8.92229	22.5011
k141_14845	8577	44.2717	44.2717	119.017
k141_107151	5508	8.56999	8.56999	13.6305
k141_22505	26018	31.0147	31.0147	126.033
k141_4565	7340	9.17969	9.17969	18.0914
k141_70037	1989	6.29527	6.29527	7.82302
k141_78940	5681	8.30844	8.30844	19.1996
k141_31817	21398	17.0812	17.0812	38.9349
k141_14851	2990	6.80634	6.80634	7.40104
k141_107152	3468	34.4132	34.4132	120.376
k141_78942	1647	8.11289	8.11289	17.0335
k141_52036	31214	15.1772	15.1772	30.7755
k141_88855	11081	10.6884	10.6884	20.8044
k141_22511	3937	7.68339	7.68339	13.3521
k141_88858	1616	5.26808	5.26808	9.28721
k141_22512	2396	10.8237	10.8237	14.6771
k141_70039	7505	15.9678	15.9678	35.3708
k141_22514	2663	5.07123	5.07123	8.33924
k141_31821	8037	9.86269	9.86269	18.6094
k141_52042	4533	19.3682	19.3682	66.4897
k141_78952	3807	9.84359	9.84359	18.6484
k141_52044	1538	5.54611	5.54611	8.58693
k141_107156	7759	10.1681	10.1681	20.2211
k141_70044	1692	11.0357	11.0357	23.5919
k141_59755	13351	14.0407	14.0407	47.4512
k141_78957	1991	5.1874	5.1874	8.96111
k141_22520	3967	8.19492	8.19492	13.9537
k141_88859	11883	10.4882	10.4882	19.9131
k141_59757	2179	12.5338	12.5338	26.5982
k141_98821	25510	11.3506	11.3506	21.5657
k141_14856	17799	11.556	11.556	23.6082
k141_107164	2116	6.98423	6.98423	11.8354
k141_88861	2432	7.22919	7.22919	8.77301
k141_59758	1912	8.55562	8.55619	16.0585
k141_14857	2189	8.27857	8.27857	23.7681
k141_59759	1677	11.6241	11.6241	26.5296
k141_88863	2033	8.69995	8.70048	88.6221
k141_78963	2373	5.10346	5.10346	3.98746
k141_98823	3241	8.65222	8.65254	16.4954
k141_59760	2949	11.7931	11.7931	21.5837
k141_59762	1807	5.36632	5.36632	5.47745
k141_22534	1902	5.08162	5.08162	4.59242
k141_88871	2100	6.88103	6.88103	8.52456
k141_14862	4119	10.4979	10.4979	24.4241
k141_98832	2054	13.4632	13.4632	62.1961
k141_59764	3174	8.1293	8.1293	13.963
k141_4617	2789	8.94619	8.94619	13.552
k141_22540	2653	7.54335	7.54335	7.71752
k141_78972	2816	9.35221	9.35259	14.4941
k141_14863	5300	7.85825	7.85825	15.4669
k141_22541	1871	9.8437	9.8437	21.8771
k141_59771	1536	5.88312	5.88312	6.42817
k141_22543	1939	5.46059	5.46059	8.77432
k141_4629	3312	6.98292	6.98292	9.73461
k141_14864	8188	17.9246	17.9246	156.875
k141_59777	1746	6.86905	6.86905	8.98787
k141_78982	2096	8.12127	8.12179	18.2181
k141_22545	4139	8.19178	8.19178	13.5897
k141_14866	1542	8.50287	8.50359	10.7836
k141_52049	32946	10.6227	10.6227	21.0697
k141_98840	11032	11.1678	11.1679	16.2378
k141_78983	1844	10.1629	10.1629	19.7005
k141_4634	2604	25.2971	25.2971	36.3869
k141_59782	2537	11.2861	11.2861	27.5206
k141_78985	1637	4.78009	4.78009	2.9348
k141_14869	2402	9.92673	9.92673	21.9247
k141_88875	20725	10.6924	10.6924	23.3892
k141_31826	37357	15.3997	15.3997	54.7316
k141_98841	7105	10.6562	10.6562	22.7408
k141_31827	2221	7.04008	7.04008	15.829
k141_78988	4120	9.29698	9.29698	16.3819
k141_22557	1552	7.21683	7.21683	5.72451
k141_4645	5044	9.62648	9.62648	19.4663
k141_88887	1892	4.85189	4.85189	4.1722
k141_52051	14323	8.81479	8.81479	14.3321
k141_31830	3738	11.5769	11.5769	22.7422
k141_98848	3539	7.87961	7.87961	9.87217
k141_88890	1608	3.67353	3.67353	4.43973
k141_78998	2002	7.66145	7.66145	10.4931
k141_107165	41171	19.7902	19.7902	39.3877
k141_52054	1757	7.87243	7.87243	9.0503
k141_22571	1649	7.16144	7.16144	13.7857
k141_88896	2245	8.99857	8.99857	16.2297
k141_4652	2355	9.36417	9.36417	15.8725
k141_107166	4142	8.33768	8.33768	14.2673
k141_14883	6990	9.9652	9.9652	15.5513
k141_79000	5107	14.1053	14.1053	74.1145
k141_88899	1647	7.4656	7.4656	9.52581
k141_52056	5549	11.0708	11.0708	20.8075
k141_14885	1524	4.68996	4.68996	4.54184
k141_79003	1671	6.38922	6.38922	6.44184
k141_4659	3291	8.49889	8.4992	20.3003
k141_14888	2120	6.52843	6.52843	9.20816
k141_52059	2363	10.7018	10.7018	55.0467
k141_107173	4284	8.57886	8.57886	15.5984
k141_41409	127521	37.1433	37.1433	97.0199
k141_4663	1840	7.14438	7.14438	10.3143
k141_88902	5722	11.2714	11.2714	22.4151
k141_14891	1991	6.8164	6.8164	13.6228
k141_41413	1661	32.272	32.272	112.493
k141_14893	1551	5.88865	5.88865	14.1673
k141_52070	1861	8.96435	8.96435	19.3162
k141_22584	9956	9.03263	9.03263	17.9989
k141_107184	2715	5.20741	5.2078	5.66388
k141_41418	3766	8.58656	8.58684	21.6772
k141_98849	25542	14.3997	14.3997	27.6063
k141_4673	6116	9.16879	9.16879	17.7054
k141_41420	1772	12.5912	12.5912	164.828
k141_79022	4685	11.8639	11.8639	32.0703
k141_4674	1816	7.66207	7.66207	18.9672
k141_41423	2176	6.33761	6.33761	6.28992
k141_79025	1838	5.81635	5.81635	7.70069
k141_107186	6141	16.4125	16.4125	48.2638
k141_98861	1698	9.59238	9.59238	11.391
k141_88919	6669	9.48719	9.48719	22.1366
k141_79027	2510	5.725	5.725	6.45374
k141_22586	15269	19.1287	19.1287	48.5635
k141_107189	2771	12.4609	12.4609	10.2357
k141_98868	2027	5.32126	5.32126	6.77382
k141_79029	1914	6.7483	6.7483	12.539
k141_14924	2755	13.2365	13.2365	29.6914
k141_41427	5998	8.88526	8.88526	18.422
k141_14926	1915	8.6204	8.6204	8.81727
k141_98870	3164	10.6241	10.6241	18.2107
k141_22594	1980	14.6492	14.6492	93.3364
k141_107195	1505	7.58155	7.58155	6.74725
k141_98872	2242	8.96558	8.96558	26.7229
k141_14930	2212	6.45344	6.45344	4.42939
k141_41428	6472	10.9767	10.9767	29.2593
k141_70054	87369	17.0301	17.0301	37.2779
k141_107198	2783	9.4398	9.4398	23.527
k141_41429	1758	7.8949	7.8949	24.4923
k141_79033	7000	8.94219	8.94219	19.3242
k141_98880	1833	5.70351	5.70351	8.28011
k141_70055	4627	8.12129	8.12129	12.7889
k141_107205	1742	7.76131	7.76131	17.4639
k141_98882	2691	5.45848	5.45887	4.65707
k141_70060	3170	9.0894	9.0894	12.6664
k141_98887	2153	7.55417	7.55417	14.7887
k141_79039	7469	9.53491	9.53491	16.2947
k141_79040	1859	11.1562	11.1562	13.7208
k141_4706	6482	12.3174	12.3174	25.6177
k141_88924	23760	34.07	34.07	77.2957
k141_14950	5250	5.3802	5.3802	6.40082
k141_98893	1869	6.79465	6.79465	11.1388
k141_88925	2332	7.59074	7.59074	13.4497
k141_4710	4229	9.99117	9.99117	19.1756
k141_98901	1601	8.58305	8.58305	9.07637
k141_79042	7565	10.4523	10.4523	23.9502
k141_14961	1701	5.67247	5.67247	7.14429
k141_98902	2061	4.98169	4.98169	5.94161
k141_4713	3577	7.83105	7.83105	13.1009
k141_88929	6700	14.5105	14.5105	26.7979
k141_70075	4447	11.0086	11.0086	22.8199
k141_41448	11586	15.3578	15.3578	36.4054
k141_79049	1725	7.01079	7.01079	9.08563
k141_22603	28077	14.1916	14.1916	32.3387
k141_79050	1550	5.36786	5.36786	3.0104
k141_14964	5872	11.8553	11.8553	23.5371
k141_41455	2012	8.00967	8.00967	10.9144
k141_88937	2903	8.12604	8.12604	13.9656
k141_70086	2279	5.75434	5.75434	11.2954
k141_14967	2004	7.8835	7.8835	15.177
k141_22608	2065	8.1812	8.1812	9.72526
k141_4721	5556	10.8156	10.8156	15.9828
k141_98915	3165	8.72172	8.72172	14.2068
k141_79053	3148	7.73449	7.73449	9.9095
k141_41462	1508	6.80928	6.80928	5.20233
k141_88938	4634	12.7736	12.7736	39.944
k141_14973	1536	4.38095	4.38095	3.51251
k141_79058	2799	8.3741	8.3741	19.7062
k141_4728	4797	22.6867	22.6867	59.9223
k141_70095	1751	6.5965	6.5965	9.79082
k141_107208	34272	18.1843	18.1843	44.4181
k141_98917	8378	9.13855	9.13855	13.651
k141_70097	1612	7.89056	7.89056	9.56641
k141_4731	2096	8.62384	8.62384	17.8924
k141_107211	1591	9.36502	9.36502	20.6847
k141_14976	7692	7.8983	7.8983	14.5696
k141_88940	9123	14.3429	14.3429	33.1968
k141_70100	3702	18.9029	18.9029	59.6487
k141_79076	1695	6.93269	6.93269	12.1638
k141_107217	2516	11.8842	11.8842	26.3181
k141_79081	1833	6.78491	6.78491	13.5222
k141_88943	3799	12.0222	12.0222	34.4127
k141_4734	6610	11.7542	11.7542	27.5623
k141_70104	1979	8.65774	8.65774	11.2001
k141_98935	1989	5.55193	5.55193	4.76106
k141_52077	77173	15.6231	15.6231	34.6309
k141_22613	19302	18.72	18.72	54.735
k141_4740	1606	9.66483	9.66483	15.1825
k141_107223	1505	4.41255	4.41255	3.11551
k141_14980	9663	11.5138	11.5138	19.2412
k141_41497	2007	8.68067	8.68067	19.3487
k141_88948	2264	7.21902	7.21902	11.8124
k141_4742	1810	6.7512	6.7512	10.2413
k141_98941	1843	7.0443	7.0443	27.1618
k141_70111	2642	4.71348	4.71348	5.47146
k141_59801	100643	39.0954	39.0954	104.194
k141_4744	2951	8.64977	8.65012	17.2176
k141_70113	1803	6.18391	6.18391	18.6841
k141_88950	3512	5.15645	5.15645	6.88477
k141_59806	1855	4.80352	4.80352	4.2706
k141_52092	2478	5.61641	5.61641	11.9383
k141_52095	2091	5.53632	5.53632	8.78594
k141_4748	4759	9.34693	9.34693	14.3156
k141_41504	8426	16.1653	16.1653	29.0155
k141_107225	11918	12.7015	12.7015	26.2308
k141_52097	2660	11.4283	11.4283	25.2964
k141_59815	2129	6.37292	6.37292	4.92454
k141_4751	1547	8.48533	8.48604	14.4234
k141_22614	19118	10.3974	10.3974	20.0505
k141_88951	10296	29.2169	29.2169	131.475
k141_98958	3030	10.3361	10.3361	21.6876
k141_59816	2712	5.83294	5.83294	8.71306
k141_41506	5973	11.5856	11.5856	30.4433
k141_107233	2969	8.652	8.652	13.4626
k141_98961	3005	12.7243	12.7243	29.3384
k141_88955	3024	8.26966	8.26966	15.4286
k141_22619	3351	10.707	10.707	21.5059
k141_52101	8619	15.3408	15.3408	42.7912
k141_88957	2048	6.75764	6.75764	8.08778
k141_59826	2948	8.90636	8.90636	23.3568
k141_107240	2303	7.05295	7.05295	12.525
k141_22622	2029	7.17775	7.17775	16.1428
k141_98966	2795	8.76106	8.76106	13.2683
k141_52107	1725	9.81206	9.81206	8.52115
k141_59828	3867	7.31047	7.31047	17.6368
k141_88962	1646	5.92179	5.92179	6.2099
k141_52108	1848	4.9523	4.9523	3.785
k141_107245	2984	10.7495	10.7495	21.6379
k141_98970	2026	7.99094	7.99094	8.37383
k141_52111	1825	6.05552	6.05552	8.78364
k141_59832	2641	8.82577	8.82617	21.4221
k141_22629	3516	25.885	25.885	133.443
k141_4771	6445	9.26021	9.26021	19.534
k141_41508	13803	9.97063	9.97063	21.9603
k141_98976	1919	10.2007	10.2007	11.9567
k141_22631	2371	10.2206	10.2206	31.4168
k141_88971	2100	6.13487	6.13487	6.009
k141_59837	3168	5.73128	5.73128	12.0017
k141_107255	2302	5.06506	5.06506	5.76051
k141_98977	1639	10.2384	10.2384	18.4426
k141_22633	2722	4.6353	4.6353	6.329
k141_41517	1667	5.12195	5.12195	6.62552
k141_4775	4526	8.85626	8.85626	12.3878
k141_88975	2266	5.73629	5.73629	10.3836
k141_107259	4035	11.7792	11.7792	17.8039
k141_98979	3921	6.1904	6.1904	7.06352
k141_41519	3914	7.84458	7.84458	11.6168
k141_15007	26366	15.8261	15.8261	35.081
k141_4777	4444	9.48323	9.48323	12.8047
k141_41523	1507	6.33825	6.33825	4.24317
k141_98984	2088	5.36326	5.36326	7.32274
k141_107264	5040	12.9254	12.9256	17.3385
k141_52142	2532	7.43871	7.43871	15.1426
k141_22643	3471	7.84703	7.84703	6.52
k141_107267	1909	10.5765	10.5765	21.3547
k141_15018	1568	13.134	13.134	22.2149
k141_22645	2522	6.38659	6.38659	6.60677
k141_52146	2886	7.43238	7.43238	8.70392
k141_107274	1687	8.44242	8.44242	18.7507
k141_41539	2709	7.31106	7.31106	10.255
k141_22649	2623	7.78892	7.78892	12.7014
k141_15024	2187	6.74129	6.74129	12.4757
k141_4795	3091	6.88405	6.88405	16.2563
k141_88977	17379	16.7863	16.7863	46.4579
k141_98999	1844	6.02834	6.02834	7.2137
k141_4797	1519	7.18408	7.18408	22.7862
k141_52155	2930	7.31259	7.31259	17.768
k141_99000	3802	6.5126	6.5126	14.6312
k141_15031	1892	6.94489	6.94489	8.58167
k141_88982	1515	6.75311	6.75311	7.56001
k141_22662	2664	7.4642	7.4642	9.68773
k141_41544	6850	11.6036	11.6036	24.7857
k141_88985	1503	8.12417	8.12417	13.4358
k141_99002	3440	13.6116	13.6116	29.7828
k141_88986	1629	5.92157	5.92157	6.44444
k141_41545	2361	5.97151	5.97151	7.29737
k141_107289	3950	12.7124	12.7124	33.4714
k141_79098	68151	35.7919	35.7919	94.7323
k141_15033	7576	10.3466	10.3466	16.7766
k141_52172	2066	8.77036	8.77036	12.7942
k141_15035	2074	6.39189	6.39189	6.71375
k141_99009	2502	100.33	100.33	1899.44
k141_31837	167090	41.5201	41.5201	117.047
k141_22667	7723	21.3906	21.3906	205.985
k141_4803	11258	10.432	10.432	21.1169
k141_41551	2797	5.76124	5.76124	8.85297
k141_70121	67412	35.3156	35.3156	156.075
k141_79105	1825	8.73313	8.73313	11.2543
k141_107297	2377	5.64796	5.64796	8.02334
k141_15037	3738	9.15106	9.15106	10.9128
k141_22672	1544	5.36801	5.36872	5.45619
k141_88994	4513	11.4644	11.4644	31.8134
k141_41554	1759	6.31137	6.31137	6.44093
k141_52180	2199	48.6452	48.6452	1094.72
k141_59840	43685	31.7962	31.7962	95.2356
k141_88996	2778	8.42884	8.42884	12.6105
k141_107304	2162	3.67992	3.67992	5.69852
k141_41557	3138	7.6747	7.6747	9.22054
k141_88999	1742	6.25879	6.25879	14.0951
k141_59841	3843	12.9337	12.9337	25.2991
k141_22675	6043	16.6691	16.6691	44.0554
k141_107307	1660	8.55298	8.55298	13.8551
k141_99014	9965	10.3896	10.3896	20.4255
k141_15049	2713	7.62622	7.62622	21.9033
k141_79124	2327	6.36518	6.36518	12.8974
k141_107310	1637	6.86214	6.86214	8.1001
k141_4813	6984	9.43971	9.43971	16.2693
k141_89004	2399	13.2014	13.2014	28.8096
k141_31838	15479	22.3538	22.3538	125.12
k141_15052	1659	6.81445	6.81445	10.3779
k141_99019	2469	6.62699	6.62699	15.2312
k141_41566	1920	6.46497	6.46497	7.50382
k141_89005	2135	5.56171	5.56171	11.0931
k141_70143	1767	6.73593	6.73593	11.911
k141_79127	3545	7.38763	7.38763	9.79312
k141_52185	8374	19.1626	19.1626	50.8639
k141_89006	2145	6.25213	6.25213	10.2909
k141_15055	3250	9.71903	9.71903	13.3171
k141_79133	1963	6.11362	6.11362	7.99261
k141_99023	2549	12.7949	12.7949	47.302
k141_107315	7017	6.69171	6.69171	9.10617
k141_52187	4634	8.58185	8.58185	15.8438
k141_31843	6902	11.8334	11.8334	27.6213
k141_59857	4162	23.7557	23.7557	126.668
k141_89011	2427	8.06061	8.06061	19.2266
k141_41572	8288	8.48181	8.48181	18.2665
k141_70157	2875	6.08844	6.08844	8.88981
k141_4817	10336	12.6709	12.6709	22.1396
k141_79134	5378	10.7974	10.7974	15.727
k141_31845	2014	13.0982	13.0982	28.7821
k141_99025	4848	8.42082	8.42082	10.5434
k141_107324	2000	7.85838	7.85838	9.88907
k141_70158	1882	7.21016	7.21016	14.5323
k141_89012	4651	7.25239	7.25239	15.2986
k141_4818	3601	6.29267	6.29267	15.0156
k141_52188	10001	12.9081	12.9081	28.6491
k141_31853	4131	7.88546	7.88546	15.3029
k141_107329	3876	9.28261	9.28261	12.0058
k141_89015	1921	6.28176	6.28176	6.68377
k141_79140	4911	35.1113	35.1113	88.0902
k141_41583	1514	5.34384	5.34384	8.95802
k141_31855	1835	7.76439	7.76439	12.0388
k141_99031	5902	12.2677	12.2677	23.8346
k141_70169	3323	7.64009	7.64009	18.1998
k141_52197	3333	7.49293	7.49293	10.6818
k141_4828	3907	9.71733	9.71733	19.4386
k141_107333	5389	8.33919	8.33919	14.7456
k141_79148	3808	7.22717	7.22717	13.1197
k141_59861	15630	13.2627	13.2627	31.825
k141_70174	2129	7.71905	7.71905	9.46298
k141_107335	1586	9.789	9.789	21.4976
k141_52203	1595	12.8457	12.8457	24.7605
k141_4830	2161	6.04774	6.04774	5.24152
k141_79150	1678	6.25065	6.25065	12.7892
k141_59863	2099	4.05541	4.05541	8.35531
k141_41599	1807	7.3096	7.3096	16.0024
k141_52205	2603	8.14839	8.14839	14.8957
k141_15064	24521	14.6987	14.6987	32.8924
k141_70177	3500	5.74746	5.74746	6.91023
k141_99040	5528	9.45333	9.45333	14.6224
k141_79155	3228	11.9022	11.9022	23.3004
k141_15066	3993	7.92037	7.92037	12.2877
k141_4840	3432	6.38909	6.38909	8.59437
k141_41610	1896	8.50172	8.50172	12.2719
k141_99045	2741	8.40139	8.40139	12.8544
k141_15068	1704	9.59459	9.59459	12.0711
k141_107338	11151	25.5015	25.5015	59.0448
k141_79158	3181	6.71759	6.71759	11.9274
k141_15069	2503	13.7909	13.7909	51.2658
k141_79159	2555	6.81705	6.81705	11.6013
k141_41618	2055	5.67769	5.67769	7.3572
k141_79160	1642	6.5315	6.5315	17.5543
k141_70191	2453	6.89318	6.89318	9.39433
k141_107346	1734	5.01894	5.01894	6.81709
k141_4849	2919	10.7681	10.7681	21.0785
k141_59883	2009	7.03012	7.03012	18.5395
k141_4851	1806	5.92029	5.92029	9.56586
k141_52218	10536	10.693	10.693	15.2636
k141_22682	50719	13.4648	13.4648	29.4394
k141_107350	2815	10.3767	10.3767	16.8085
k141_70197	2865	12.0192	12.0195	30.2561
k141_79169	2126	5.12804	5.12804	9.3117
k141_41631	1774	9.65148	9.65148	15.266
k141_59891	1978	6.53884	6.53884	17.5206
k141_15084	2195	8.63081	8.63081	8.96793
k141_79170	2570	6.49628	6.49628	11.7433
k141_41632	1503	7.00517	7.00517	8.43558
k141_107352	3769	7.30423	7.30423	11.4284
k141_70200	4074	9.1264	9.1264	23.5838
k141_4863	2568	8.12324	8.12324	18.8826
k141_89019	30616	13.635	13.635	28.7297
k141_15085	3651	10.096	10.096	13.2793
k141_22686	6258	8.9684	8.9684	22.3681
k141_107356	2142	8.46285	8.46285	18.7884
k141_41636	2354	6.99138	6.99138	13.4229
k141_70202	2997	4.95504	4.95504	6.4744
k141_52226	5063	7.86057	7.86057	20.091
k141_59896	4211	8.03127	8.03152	12.5754
k141_79178	1531	4.51774	4.51774	2.50349
k141_4864	5171	9.53655	9.53655	15.9303
k141_107365	1507	6.12675	6.12675	8.71845
k141_52232	2859	9.55186	9.55186	20.9416
k141_99047	25175	17.7395	17.7395	48.0406
k141_79180	3505	8.8617	8.8617	12.4741
k141_22699	2746	6.49499	6.49499	10.6108
k141_4870	1964	7.7387	7.7387	18.3883
k141_15100	3352	6.96471	6.96471	14.349
k141_99048	2694	7.16156	7.16156	14.5444
k141_52237	1582	5.77374	5.77374	6.63221
k141_4871	2062	8.04707	8.04707	12.4761
k141_70205	9534	16.2463	16.2463	31.1753
k141_107366	5135	10.1442	10.1442	19.2285
k141_99050	1516	8.39824	8.39824	8.50065
k141_59904	5616	8.85712	8.85712	12.6727
k141_41655	1961	7.50083	7.50083	6.50649
k141_70206	1576	7.49509	7.49509	13.3812
k141_4877	1919	7.74053	7.74053	9.93213
k141_89026	11706	13.3804	13.3804	88.1961
k141_79189	2028	24.5298	24.5298	3146.18
k141_4878	2037	5.24218	5.24218	4.01391
k141_99057	2383	7.70712	7.70712	12.5467
k141_52244	3597	9.66957	9.66957	16.9746
k141_41661	1791	7.50457	7.50457	5.60742
k141_15113	2209	5.00437	5.00437	4.88481
k141_59915	2078	5.0944	5.0944	4.41454
k141_89031	3085	13.4177	13.4177	30.4506
k141_15116	1965	5.42975	5.42975	9.66856
k141_41665	1630	7.48108	7.48108	19.8468
k141_52246	4896	8.50358	8.50358	10.914
k141_70215	5237	7.62591	7.62591	14.5149
k141_89033	2743	7.97686	7.97686	11.4702
k141_31856	61014	20.611	20.611	52.3919
k141_99059	7305	9.18323	9.18323	16.7413
k141_52250	2787	6.92188	6.92188	10.7183
k141_41666	4558	8.473	8.473	9.60677
k141_15124	2500	6.90723	6.90723	13.1312
k141_70222	1738	5.23489	5.23489	4.99647
k141_107369	16051	11.2641	11.2641	27.185
k141_15125	1533	6.05568	6.05568	11.4577
k141_22723	4448	6.7108	6.7108	7.99807
k141_4880	13552	13.8047	13.8047	27.1338
k141_89037	3748	9.995	9.995	13.1415
k141_99062	3702	25.1267	25.1267	72.0646
k141_70227	1794	6.49878	6.49878	10.3427
k141_59930	3022	5.66783	5.66783	7.22418
k141_15130	2197	18.6077	18.6077	162.852
k141_52259	1744	5.05395	5.05395	4.66503
k141_4887	2036	7.18982	7.18982	32.7258
k141_15132	1541	5.73616	5.73616	6.94119
k141_70230	1538	8.10591	8.10591	7.53817
k141_59939	1566	7.1702	7.1702	11.9307
k141_79222	1800	4.81394	4.81394	10.9035
k141_70235	2272	9.14703	9.14703	13.5654
k141_52267	2618	5.73865	5.73865	6.48329
k141_15138	3413	9.95495	9.95526	18.4108
k141_79224	2132	5.88698	5.88698	7.58138
k141_99071	5170	62.3394	62.3394	175.383
k141_31876	1970	3.46264	3.46264	4.03093
k141_52272	2486	5.23459	5.23459	4.53593
k141_4901	2525	9.75495	9.75495	26.1783
k141_99076	1536	7.52525	7.52525	9.97516
k141_59942	8461	12.8289	12.8289	24.7648
k141_4908	2083	8.54837	8.54837	10.399
k141_79237	1920	6.42881	6.42881	15.2716
k141_31883	3351	7.2318	7.2318	10.1626
k141_15156	2104	7.42733	7.42733	8.31037
k141_4909	2158	5.94821	5.94821	5.58478
k141_41701	5684	9.77701	9.77701	17.2361
k141_59947	3816	9.00682	9.00682	11.2746
k141_99086	2335	6.92311	6.92311	10.7697
k141_15158	2445	8.22353	8.22396	16.1931
k141_89054	11494	11.6045	11.6045	21.6789
k141_31887	2860	7.53137	7.53137	15.2648
k141_41703	1852	11.238	11.238	18.6306
k141_4914	1857	8.89865	8.89865	28.3479
k141_99091	1899	9.09606	9.09663	11.6377
k141_31891	1604	5.00825	5.00825	5.15752
k141_31893	2117	9.62989	9.62989	9.48128
k141_41707	2674	7.14422	7.14422	13.2301
k141_59949	6944	7.66235	7.66235	15.5172
k141_41708	1569	5.23397	5.23397	5.3909
k141_89066	1681	8.02743	8.02743	16.8881
k141_79239	11641	16.1643	16.1643	40.685
k141_52286	8928	10.6544	10.6544	17.2429
k141_4917	4809	7.39579	7.39579	10.1442
k141_31906	1591	6.64469	6.64469	16.5458
k141_59952	3817	20.5372	20.5372	37.7123
k141_52289	2003	7.44037	7.44037	7.28005
k141_70252	18017	14.3867	14.3867	38.9688
k141_4919	3457	9.3541	9.3541	17.503
k141_15183	1558	8.32884	8.32955	15.5175
k141_70254	2099	5.09543	5.09543	4.56071
k141_59955	1950	9.74611	9.74611	26.9582
k141_79240	7251	9.26334	9.26334	20.088
k141_99099	7443	9.67887	9.67887	15.2508
k141_52294	2197	5.90669	5.90669	7.57053
k141_31909	2795	5.46994	5.46994	10.2825
k141_89079	1828	8.72288	8.72288	13.7306
k141_22728	39656	18.132	18.132	49.0622
k141_59963	1854	5.14202	5.14202	7.19534
k141_89080	2166	8	8	23.2476
k141_4927	2397	7.86382	7.86382	15.2699
k141_99106	2198	9.00195	9.00195	26.2472
k141_52298	3777	9.70527	9.70527	20.9409
k141_22731	1513	8.18342	8.18342	5.91349
k141_99110	1515	5.06447	5.0652	5.81616
k141_31913	6100	14.8304	14.8304	29.4139
k141_4931	3096	27.1399	27.1399	328.505
k141_22735	2046	6.75264	6.75264	7.12456
k141_70268	2242	5.41969	5.41969	6.2484
k141_59967	4198	26.3444	26.3444	96.3773
k141_107381	46602	27.4242	27.4242	57.671
k141_52299	4132	7.12657	7.12657	13.8504
k141_15193	7005	10.1231	10.1231	21.4915
k141_22736	2733	8.67983	8.67983	16.2479
k141_79261	2548	9.08507	9.08507	28.7069
k141_31916	2321	8.14049	8.14049	12.5347
k141_99112	2980	10.6996	10.6996	19.5782
k141_4935	2932	13.8375	13.8375	36.4785
k141_99113	1533	11.1678	11.1678	14.9226
k141_70274	1979	7.30563	7.30563	9.0352
k141_59974	1769	8.40334	8.40334	20.4543
k141_22741	2394	8.73396	8.73396	22.1337
k141_70276	1509	4.86829	4.86829	2.18955
k141_59975	2418	8.25705	8.25705	11.533
k141_79268	3104	9.12492	9.12492	23.9123
k141_15195	7289	8.87953	8.87953	15.1193
k141_31922	2410	5.47389	5.47389	9.83071
k141_22742	2898	5.52001	5.52001	10.5562
k141_99119	2433	7.29961	7.29961	11.5702
k141_99120	1662	5.71296	5.71296	7.62635
k141_79272	1907	4.15595	4.15652	2.70382
k141_31924	2445	10.2588	10.2588	26.0831
k141_107382	11989	13.5603	13.5603	28.7534
k141_15200	2814	9.94632	9.9467	14.9164
k141_22746	1918	5.57749	5.57749	4.86097
k141_79274	2486	9.63998	9.63998	25.489
k141_99124	1592	8.00763	8.00763	15.5204
k141_59984	1978	6.75492	6.75492	7.56222
k141_70281	2060	5.48063	5.48063	8.94964
k141_107383	2808	7.89691	7.89691	9.86821
k141_59986	1754	10.1079	10.1079	13.6883
k141_15201	3884	12.0953	12.0953	26.4544
k141_89082	21019	48.4114	48.4114	197.614
k141_15203	1636	9.61171	9.61171	20.3009
k141_79275	5577	11.0826	11.0826	39.3897
k141_22752	2514	7.17259	7.17259	8.47803
k141_15204	1652	6.7004	6.7004	11.0747
k141_79278	1627	7.96682	7.96682	13.3221
k141_15205	2295	7.94545	7.94545	22.5823
k141_22757	1638	6.34207	6.34207	14.9959
k141_79279	2310	8.45463	8.45463	10.7102
k141_15206	4143	7.08941	7.08941	7.57348
k141_22759	1778	7.44902	7.44902	10.6753
k141_41721	36639	12.1529	12.1529	24.2731
k141_70300	1777	10.8795	10.8795	25.3101
k141_99141	6012	8.03617	8.03617	13.9511
k141_60003	2012	5.54243	5.54243	5.08984
k141_70301	2676	4.27553	4.27553	6.52916
k141_15215	1526	8.12064	8.12064	9.62474
k141_41729	3586	9.22701	9.22701	19.1152
k141_79291	2428	6.97015	6.97015	11.9517
k141_22771	1585	7.58467	7.58467	3.14817
k141_99150	2453	5.22492	5.22492	5.94938
k141_31940	14474	10.7537	10.7537	20.9519
k141_99151	1698	7.24483	7.24483	11.0098
k141_15222	3147	6.995	6.995	16.5652
k141_22775	1620	6.07891	6.07891	8.19666
k141_107396	17246	13.3263	13.3263	29.3277
k141_60014	2360	4.98869	4.98869	4.04017
k141_31942	1699	7.62105	7.62105	10.2807
k141_89087	18720	18.3642	18.3642	44.1145
k141_60015	1803	5.01149	5.01149	2.21234
k141_22776	3143	6.54527	6.54527	13.9686
k141_31943	3017	10.9571	10.9571	29.0712
k141_41735	5472	9.21233	9.21233	13.2185
k141_79294	7378	15.8009	15.8009	50.3486
k141_15227	2487	6.38169	6.38169	7.72758
k141_41739	2633	8.42771	8.42771	15.7295
k141_70314	4631	7.56327	7.56327	13.509
k141_79298	1936	5.82699	5.82699	6.70569
k141_79300	1617	7.91411	7.91411	10.9627
k141_15229	3183	8.81042	8.81075	21.0591
k141_31949	2127	7.41174	7.41174	15.4347
k141_22785	1521	4.5609	4.5609	4.16912
k141_89097	1990	4.06902	4.06902	3.28995
k141_15233	2174	16.2268	16.2268	40.9437
k141_41745	3109	8.47144	8.47144	13.6421
k141_31951	4607	7.38524	7.38524	16.1507
k141_70319	4088	5.83672	5.83672	7.01294
k141_60020	9231	13.1869	13.1869	19.6291
k141_89102	2487	5.09585	5.09585	5.74338
k141_99155	15688	11.3275	11.3275	24.2273
k141_41746	3444	11.8588	11.8588	16.8846
k141_99156	2617	7.60276	7.60276	20.6614
k141_70320	4634	8.92239	8.92239	14.1449
k141_31954	4366	7.89421	7.89421	12.2104
k141_99157	1922	5.47799	5.47799	6.24404
k141_41752	1833	6.83244	6.83244	16.6936
k141_79309	7733	9.03772	9.03772	12.2457
k141_15246	1941	4.3847	4.3847	5.0793
k141_22803	2965	9.28561	9.28561	14.5787
k141_60025	1907	12.6471	12.6471	32.8833
k141_41753	2334	11.1415	11.1415	16.1957
k141_15248	2917	7.92121	7.92121	15.8811
k141_89112	3531	9.22124	9.22124	20.247
k141_79314	2444	7.15867	7.15867	12.8234
k141_31960	2028	8.25186	8.25186	19.7026
k141_41756	1552	6.33524	6.33524	14.4472
k141_89115	1551	5.2227	5.2227	5.83036
k141_41757	1651	8.7062	8.7062	14.5955
k141_15249	3155	9.5604	9.5604	14.3788
k141_60030	2408	6.94464	6.94464	13.2852
k141_31963	2845	11.7013	11.7013	14.1287
k141_79317	2683	5.65772	5.65772	6.37374
k141_22815	2745	12.9272	12.9272	16.1663
k141_15250	1918	6.55826	6.55826	7.84947
k141_31964	2553	9.31003	9.31044	21.3108
k141_70332	4971	8.55798	8.55798	19.1857
k141_79320	1983	5.06547	5.06547	7.69111
k141_41765	1569	6.64764	6.64764	7.35389
k141_89119	6400	10.4805	10.4805	25.5712
k141_41768	2539	7.38133	7.38133	11.4479
k141_15252	6318	10.857	10.857	21.7612
k141_79321	6285	10.541	10.541	14.1579
k141_4938	75535	23.3957	23.3957	53.1705
k141_70343	4226	10.6023	10.6023	10.5988
k141_41782	2476	15.1281	15.1281	17.6223
k141_70348	2214	21.2922	21.2922	69.0552
k141_60031	18177	16.831	16.831	32.8035
k141_15256	6145	8.72477	8.72477	17.5469
k141_41783	2750	8.07769	8.07769	22.2757
k141_79327	6046	8.09142	8.09142	14.3341
k141_31965	19156	13.3005	13.3005	29.8437
k141_4947	2778	6.91058	6.91058	9.28823
k141_70351	1896	8.67068	8.67068	18.2256
k141_15258	2165	7.03275	7.03275	5.72979
k141_60034	2389	5.43189	5.43189	4.26869
k141_107400	49609	14.9553	14.9553	31.9347
k141_31967	1984	8.40513	8.40513	13.15
k141_79330	2618	11.5583	11.5583	31.5155
k141_41784	4774	22.1551	22.1551	47.132
k141_70354	2517	5.67723	5.67723	7.15213
k141_89120	17841	45.8616	45.8616	177.88
k141_31968	1798	8.821	8.821	21.1234
k141_4955	2774	8.74695	8.74695	26.6512
k141_107403	2876	27.5143	27.5143	47.8312
k141_70357	3820	9.40872	9.40872	20.4038
k141_60045	3938	11.3337	11.3337	26.823
k141_15271	2232	8.99856	8.99856	7.6401
k141_31978	1591	9.39001	9.39001	34.5741
k141_107410	1956	6.40476	6.40476	6.60458
k141_79334	6520	16.3582	16.3582	35.8729
k141_41798	2449	8.15137	8.15137	11.4812
k141_79335	1726	6.54251	6.54251	8.51751
k141_15275	1888	8.40046	8.40046	14.2367
k141_107414	2692	16.5098	16.5098	26.9362
k141_15277	1524	5.11645	5.11645	9.88884
k141_70358	7831	16.3716	16.3716	40.3316
k141_41802	3984	9.44549	9.44549	18.3119
k141_79337	3727	9.86441	9.86441	13.6458
k141_4966	4936	8.81676	8.81676	12.5217
k141_60046	9471	10.0268	10.0268	14.2938
k141_15280	2730	7.71163	7.71163	12.9163
k141_79341	1924	4.33878	4.33935	4.8087
k141_107421	2679	12.3401	12.3401	61.7482
k141_4970	2179	8.11582	8.11582	21.0975
k141_41805	4051	8.31402	8.31402	18.043
k141_4971	1660	6.16821	6.16821	4.98032
k141_70367	1598	4.0297	4.0297	7.31297
k141_52305	110743	15.5908	15.5908	33.317
k141_31992	6325	9.91773	9.91789	18.3811
k141_41809	2446	11.4839	11.4839	36.9784
k141_31993	2091	8.01185	8.01185	16.1304
k141_4972	4483	8.72744	8.72744	14.4281
k141_22816	47995	19.3619	19.3619	47.1889
k141_41813	2089	11.7751	11.7751	40.7907
k141_52308	4112	11.0757	11.0757	26.2918
k141_70373	1777	5.19115	5.19115	6.82138
k141_60047	11866	14.3264	14.3264	29.122
k141_52311	2020	19.9059	19.9059	142.684
k141_89138	20501	12.6601	12.6601	26.4409
k141_22818	4294	5.92833	5.92833	7.24336
k141_79357	2444	10.0161	10.0161	31.3338
k141_60053	1514	11.8922	11.8922	22.7111
k141_52315	2563	6.31372	6.31372	7.05861
k141_4980	5757	12.4856	12.4856	21.0908
k141_41819	7031	9.65543	9.65543	19.2398
k141_4983	1783	3.73546	3.73546	3.04272
k141_41823	3291	10.6772	10.6772	16.8518
k141_22834	1868	9.2369	9.2369	23.4495
k141_79359	9465	12.4853	12.4853	31.0394
k141_41826	4347	16.6288	16.6288	105.801
k141_22838	2350	6.58136	6.58136	15.153
k141_70375	18128	10.8574	10.8574	19.9607
k141_89153	9557	17.286	17.286	38.3087
k141_41828	3766	6.0896	6.0896	6.48325
k141_79363	2497	15.3626	15.3626	50.4903
k141_52326	11744	9.31784	9.31792	17.8895
k141_31996	21191	16.5187	16.5187	45.0341
k141_89158	1826	13.534	13.534	27.5577
k141_22844	3685	24.9799	24.9799	73.5455
k141_41832	1898	10.5801	10.5801	11.266
k141_99161	86571	17.986	17.986	38.6536
k141_70378	5248	11.1385	11.1385	32.5666
k141_31999	1871	9.33643	9.33643	27.8779
k141_79370	1919	5.00283	5.00283	8.1329
k141_70382	2139	6.43288	6.43288	4.01025
k141_60065	15841	13.7577	13.7577	32.7773
k141_52331	5677	9.1556	9.1556	14.8182
k141_70383	2408	103.599	103.599	355.191
k141_32005	2875	8.52257	8.52257	12.4676
k141_22856	2661	6.33771	6.33771	8.30499
k141_79374	2786	5.17413	5.17413	5.11767
k141_60069	2650	8.4184	8.4184	14.8238
k141_5002	13104	17.3144	17.3144	38.7401
k141_22858	2421	10.2475	10.2475	18.485
k141_32008	1678	5.125	5.125	4.29281
k141_99173	5120	8.34286	8.34286	14.9019
k141_79379	1744	6.31117	6.31117	11.4812
k141_89166	7344	11.3414	11.3414	21.5061
k141_70387	3691	9.93844	9.93844	17.8955
k141_52337	1700	5.54516	5.54516	9.4308
k141_41846	2899	6.2128	6.2128	6.3219
k141_99174	1832	4.82283	4.82283	4.60991
k141_22859	3123	11.3835	11.3835	26.0581
k141_52338	1508	5.38733	5.38733	8.35244
k141_89167	2608	7.60903	7.60903	11.6774
k141_41849	1628	6.83491	6.83491	11.0493
k141_79384	3369	8.12084	8.12084	18.1522
k141_99179	1777	4.39766	4.39766	4.00842
k141_32016	2432	7.04119	7.04119	10.3561
k141_70395	2149	6.72536	6.72536	8.89192
k141_32017	1770	8.15617	8.15679	7.08721
k141_41852	1821	25.7582	25.7582	88.6348
k141_22866	2333	8.33303	8.33303	14.2096
k141_60081	2827	8.92977	8.92977	12.8022
k141_99182	1978	6.04869	6.04869	8.24557
k141_15289	48090	20.4148	20.4148	42.538
k141_22868	2024	9.06777	9.06777	29.9061
k141_15291	1625	5.33288	5.33288	6.18282
k141_32022	2120	6.81574	6.81574	15.2809
k141_41856	2609	8.11143	8.11143	12.2129
k141_79396	1719	9.53346	9.53346	11.814
k141_60088	2080	26.6047	26.6047	82.6395
k141_70399	6897	8.67378	8.67378	14.7967
k141_41858	2735	99.4023	99.4023	5602.63
k141_52347	9805	15.5352	15.5352	43.3003
k141_22873	3209	5.729	5.729	7.67904
k141_89187	1630	5.6777	5.6777	7.83991
k141_32029	2570	7.38388	7.38388	8.65336
k141_22877	1663	7.21679	7.21679	11.15
k141_70403	3506	10.0772	10.0772	13.8978
k141_99193	6544	10.1017	10.1017	15.793
k141_52356	1681	8.8452	8.8452	13.4159
k141_89190	2468	7.64193	7.64193	7.20535
k141_60097	1958	6.55973	6.55973	7.51271
k141_41863	3417	6.22192	6.22192	8.67286
k141_15307	2858	7.25812	7.25812	8.90152
k141_52357	2233	7.83965	7.83965	10.2356
k141_22879	3952	10.0689	10.0689	13.7025
k141_60099	1865	6.34286	6.34286	10.8299
k141_70408	3538	6.88548	6.88548	6.60217
k141_89196	1882	7.37125	7.37125	12.7905
k141_52361	2406	8.97695	8.97739	20.5019
k141_41870	1609	6.32008	6.32008	9.10662
k141_22886	1598	6.29765	6.29765	11.0675
k141_79420	1614	7.5444	7.5444	6.05682
k141_89200	2691	6.42149	6.42149	4.80066
k141_22887	1651	7.93338	7.93338	12.0742
k141_99206	2214	18.7364	18.7364	34.145
k141_32049	4241	8.68834	8.68834	13.3872
k141_22891	3375	6.89178	6.89178	12.9198
k141_79427	4455	10.354	10.354	26.912
k141_15327	2922	8.35029	8.35065	15.1287
k141_70427	2671	7.42364	7.42364	12.6586
k141_99211	1562	6.54745	6.54745	4.32163
k141_89212	2817	8.4162	8.4162	11.6677
k141_32051	2642	7.82705	7.82705	37.6885
k141_32052	1529	4.98042	4.98042	4.12082
k141_60109	8763	43.1631	43.1631	99.3304
k141_70430	1794	7.02494	7.02494	8.92028
k141_60110	2068	28.0511	28.0511	73.3564
k141_99218	2120	7.4868	7.4868	14.1127
k141_32057	3136	21.8141	21.8141	97.0292
k141_70432	2015	6.62842	6.62842	10.0963
k141_22901	5191	8.42253	8.42253	14.7473
k141_15338	1685	39.0482	39.0489	137.007
k141_70434	1586	4.17409	4.17409	3.86094
k141_89225	1931	6.61819	6.61819	10.3722
k141_41871	17372	9.74231	9.74231	18.7839
k141_60113	3128	7.9268	7.9268	14.0577
k141_99219	4090	7.75381	7.75381	11.0808
k141_32058	4953	31.9432	31.9432	212.043
k141_99220	2100	9.96974	9.96974	24.5114
k141_52373	16554	15.6462	15.6462	36.963
k141_89230	1830	6.05417	6.05417	7.86538
k141_79447	2344	8.60757	8.60757	13.2516
k141_41872	5391	7.21255	7.21255	9.91397
k141_15350	1762	5.44107	5.44107	6.43418
k141_22909	3534	7.0724	7.0724	14.3061
k141_52378	1632	9.9386	9.9386	26.3671
k141_32061	4499	9.55116	9.55116	17.4438
k141_60121	3477	7.29035	7.29035	11.5886
k141_22911	1780	7.89141	7.89141	7.91514
k141_79450	2438	8.81556	8.81556	12.2589
k141_15354	1732	5.05183	5.05183	7.09914
k141_32062	1750	7.50437	7.50437	13.8486
k141_41873	5321	6.26088	6.26088	7.16961
k141_89237	2175	6.99802	6.99802	5.76283
k141_60123	3384	9.71459	9.71459	17.2679
k141_52384	1726	5.21764	5.21764	6.9032
k141_32063	3419	6.3576	6.3576	9.4079
k141_41875	1986	30.6743	30.6743	47.5886
k141_89239	3058	11.7012	11.7012	28.4475
k141_79460	1735	11.3565	11.3565	16.1336
k141_22916	6246	8.35056	8.35072	14.3833
k141_99238	5444	7.89479	7.89479	15.7147
k141_89244	1762	6.40881	6.40881	8.58698
k141_52389	4846	6.36691	6.36712	10.1168
k141_41879	3254	5.93718	5.93718	9.80299
k141_32070	2528	16.2771	16.2771	49.6655
k141_22917	1941	5.81965	5.81965	7.44062
k141_79463	2253	11.4365	11.4365	15.0623
k141_32072	1995	5.44661	5.44661	8.87958
k141_60129	5162	9.96329	9.96329	22.3659
k141_15362	8858	11.0435	11.0435	20.1808
k141_5003	65281	17.2514	17.2514	38.2678
k141_41885	2872	15.1084	15.1084	42.6085
k141_52394	2703	9.55582	9.55582	14.9076
k141_99246	1804	6.9994	6.9994	14.4689
k141_60130	3231	6.37553	6.37553	8.92938
k141_5005	2224	5.77724	5.77724	11.4969
k141_22918	5737	8.16145	8.16145	11.3584
k141_89256	1810	6.0747	6.0747	7.26996
k141_32073	4068	9.47295	9.47295	18.7309
k141_15366	1570	6.8169	6.8169	8.7684
k141_60132	2034	8.70595	8.70595	20.4594
k141_41888	1867	8.97321	8.97379	8.94511
k141_5006	2079	5.90254	5.90254	10.0984
k141_41889	1796	6.86574	6.86574	5.05614
k141_22922	1802	5.08111	5.08111	5.95589
k141_52397	3920	8.86074	8.86074	13.1833
k141_70475	3153	12.1808	12.1808	21.1302
k141_89257	4385	8.41865	8.41865	14.1329
k141_15370	1569	8.09937	8.10007	6.67967
k141_15373	1826	8.58831	8.58831	9.85428
k141_5017	2471	6.29384	6.29384	6.76967
k141_22932	1669	4.41738	4.41738	3.96798
k141_99256	6981	10.5198	10.5198	19.9787
k141_79477	7109	9.5564	9.5564	16.8296
k141_60134	11054	9.34886	9.34886	13.8669
k141_32095	1525	5.38545	5.38545	4.57477
k141_99258	4645	6.19933	6.19933	6.77645
k141_60136	1550	8.57429	8.57429	13.3984
k141_89258	9965	8.97555	8.97555	12.199
k141_22939	2210	6.7233	6.7233	11.9905
k141_60138	1750	7.50688	7.50688	8.12749
k141_32098	2413	6.41538	6.41538	7.20491
k141_5027	4077	13.8034	13.8034	23.7649
k141_99259	3202	9.06225	9.06225	15.9823
k141_70497	3341	19.5738	19.5741	88.5784
k141_15376	7661	11.1542	11.1542	23.4623
k141_79482	6492	16.4756	16.4756	40.3204
k141_99264	2247	6.53839	6.53839	8.65413
k141_70498	4075	13.8377	13.8377	27.9375
k141_15379	3815	7.9105	7.9105	10.8653
k141_79485	2241	6.93639	6.93639	7.62514
k141_15380	1609	7.75668	7.75668	9.75764
k141_22945	6305	22.9279	22.9279	134.584
k141_89269	2721	8.48425	8.48425	13.9542
k141_32114	1806	8.94867	8.94867	17.3394
k141_15381	1934	9.05493	9.05493	8.98299
k141_99267	2866	9.35862	9.35862	13.1936
k141_79493	1629	5.20487	5.20487	5.74896
k141_15382	2364	8.25655	8.25655	16.2966
k141_22949	1920	12.252	12.252	16.5087
k141_70510	1707	5.08092	5.08092	11.1901
k141_99274	2172	9.83333	9.83333	12.2014
k141_15386	2795	8.56144	8.56181	16.1888
k141_22954	2690	7.78937	7.78937	9.63467
k141_60164	1599	7.16701	7.16701	13.8973
k141_32126	2233	5.3879	5.3879	4.92251
k141_89271	11138	10.3908	10.3908	20.6145
k141_32131	1832	8.54935	8.54994	25.2124
k141_70521	1835	5.49496	5.49496	10.0661
k141_52402	30831	20.3229	20.3229	46.4422
k141_60173	2196	6.96579	6.96579	6.78702
k141_22963	2775	12.7116	12.7116	28.7388
k141_15395	1603	7.28837	7.28837	18.2798
k141_22965	1707	4.91908	4.91908	5.85462
k141_15397	1590	15.9146	15.9146	121.974
k141_99288	3476	8.48767	8.48797	11.2646
k141_60177	2199	11.776	11.776	18.8556
k141_22967	2079	7.4676	7.4676	13.333
k141_52408	1601	7.29773	7.29773	15.212
k141_22968	1516	6.85286	6.85286	8.74832
k141_99292	1804	10.7068	10.7068	11.3689
k141_52409	1714	7.51726	7.51726	11.532
k141_60181	2425	6.90198	6.90198	9.23709
k141_15410	2265	8.95414	8.95414	26.2869
k141_60183	2155	6.17107	6.17107	7.69978
k141_89292	1945	6.6273	6.6273	9.82928
k141_32138	9627	14.6811	14.6811	72.374
k141_52410	3646	21.6527	21.6527	92.7297
k141_22973	4789	8.67127	8.67127	13.1167
k141_60185	2030	8.82447	8.82447	17.0294
k141_32140	2187	5.95091	5.95091	9.3483
k141_22975	1654	7.86503	7.86503	16.2273
k141_99294	8305	9.68902	9.68902	17.138
k141_60186	1528	13.9688	13.9688	33.9006
k141_15418	2491	7.70525	7.70525	14.5319
k141_99295	1935	5.57983	5.57983	3.45795
k141_52416	1742	5.38819	5.38819	5.10887
k141_60188	2720	5.38521	5.38521	4.66122
k141_60189	1734	5.63699	5.63699	4.97427
k141_32146	3049	6.7237	6.7237	12.8178
k141_52421	1805	8.16677	8.16677	10.8283
k141_99304	2389	7.11523	7.11523	13.4222
k141_15422	5713	12.3804	12.3804	23.0379
k141_52425	1844	8.17887	8.17887	11.0435
k141_89297	13737	9.73291	9.73291	22.1045
k141_99307	2665	10.5145	10.5145	20.4853
k141_15430	1630	6.20878	6.20878	10.6562
k141_99308	3041	9.24836	9.24836	20.5562
k141_32154	4467	9.13366	9.13366	21.705
k141_32155	2086	9.86674	9.86674	23.8054
k141_99311	1565	5.22686	5.22686	8.24627
k141_70525	33646	19.3269	19.3269	49.4579
k141_15435	2117	10.3391	10.3391	12.7237
k141_52435	5722	28.4124	28.4124	71.6999
k141_60210	2030	6.62181	6.62181	11.1122
k141_99314	1902	7.36301	7.36301	49.1258
k141_15437	1719	4.69089	4.69089	3.80937
k141_60213	1590	5.03125	5.03125	7.61056
k141_32163	2004	8.67152	8.67206	13.0678
k141_52436	3303	5.27624	5.27624	9.30797
k141_15439	2287	6.12822	6.12822	7.20546
k141_70535	2410	4.95133	4.95133	6.91124
k141_89314	2187	5.78596	5.78596	6.46205
k141_60215	2897	14.4962	14.4962	44.6904
k141_52439	1773	7.5151	7.5151	21.171
k141_99321	1604	4.56052	4.56052	6.09923
k141_41899	72441	40.7508	40.7508	97.1537
k141_70540	2286	13.4471	13.4476	33.561
k141_70541	1595	5.7045	5.7045	4.13215
k141_60222	3242	10.5482	10.5482	19.4902
k141_99327	2931	8.97015	8.97015	11.0757
k141_60226	2181	5.16199	5.16199	4.22543
k141_70549	1597	7.04492	7.04492	7.70817
k141_52440	10852	11.1418	11.1418	23.4434
k141_99329	4778	9.01621	9.01621	17.8413
k141_32187	2070	6.50833	6.50833	6.45961
k141_60228	2693	8.28274	8.28274	8.5727
k141_52441	2462	9.32569	9.32569	9.00472
k141_70554	2897	5.93193	5.93193	7.92652
k141_15444	13743	45.8734	45.8734	124.742
k141_89336	3980	7.75718	7.75718	15.276
k141_70556	2040	7.23439	7.23439	6.71093
k141_52446	1690	5.6526	5.6526	5.33533
k141_89337	1774	10.2562	10.2562	12.5111
k141_15447	2011	8.15798	8.15798	20.8772
k141_70557	2520	20.7186	20.719	282.03
k141_60234	3204	6.03111	6.03111	9.37894
k141_41919	4710	11.3761	11.3761	16.8519
k141_70561	2235	5.84029	5.84029	9.23503
k141_41921	1843	8.78145	8.78145	6.08813
k141_52457	1870	5.59826	5.59826	5.45284
k141_89346	1715	8.2345	8.2345	12.7781
k141_79497	76083	15.4484	15.4484	41.5489
k141_70563	4703	11.076	11.076	26.7148
k141_32196	9999	11.607	11.607	24.8274
k141_60243	1770	6.81543	6.81543	10.4125
k141_15455	4822	10.7506	10.7506	20.6955
k141_41922	6160	12.5125	12.5125	20.5647
k141_99348	8970	7.75726	7.75726	12.4033
k141_41924	2416	104.202	104.202	477.601
k141_79506	2153	7.32551	7.32551	16.0699
k141_15461	2480	8.65708	8.65708	11.0155
k141_70566	7275	15.6658	15.6658	37.0425
k141_15462	1891	6.20391	6.20391	5.26245
k141_99351	2350	7.51364	7.51364	9.44221
k141_52459	10090	10.1464	10.1464	17.5563
k141_60248	4495	9.76041	9.76064	15.707
k141_99355	3288	12.2263	12.2263	26.3013
k141_79512	2599	7.51041	7.51041	11.5808
k141_52462	3063	7.6368	7.6368	10.9389
k141_15467	3237	7.18076	7.18076	9.65561
k141_89363	2071	8.26497	8.26497	11.4407
k141_5032	108923	18.6964	18.6964	51.7347
k141_15468	2852	8.5718	8.57217	22.5755
k141_70570	4921	10.1956	10.1956	22.2243
k141_52466	3146	6.90387	6.90387	9.15268
k141_99362	3340	9.46113	9.46113	23.1325
k141_79516	3784	7.52697	7.52697	11.4407
k141_41942	1672	6.72602	6.72602	11.4574
k141_60261	2058	4.53302	4.53302	5.89772
k141_89365	3291	6.50334	6.50334	8.72971
k141_41944	1545	6.60287	6.60287	5.43757
k141_32220	1540	6.63525	6.63525	7.50024
k141_52469	2667	5.59476	5.59476	6.88564
k141_60263	3051	8.94312	8.94312	10.7985
k141_89368	1500	9.01407	9.01481	16.793
k141_107427	245009	33.4233	33.4233	87.9203
k141_15476	3603	10.68	10.68	14.9569
k141_107428	1583	5.09142	5.09142	5.83734
k141_99369	4149	9.15529	9.15529	13.8306
k141_70577	7703	7.67655	7.67655	12.471
k141_32234	2096	24.3489	24.3489	65.4385
k141_60264	8660	8.3839	8.3839	16.8564
k141_99374	1549	5.53753	5.53824	9.96553
k141_79532	1957	4.59436	4.59436	4.96435
k141_107430	3599	12.0844	12.0844	19.0419
k141_41949	6250	9.54016	9.54016	17.1815
k141_60266	1530	5.0587	5.05942	8.77962
k141_32235	1616	7.706	7.706	6.6391
k141_70579	3617	8.81511	8.8154	24.0559
k141_15488	2110	8.66429	8.66429	12.6069
k141_99376	3129	8.67338	8.67372	13.3247
k141_107435	3014	9.29923	9.29923	15.4489
k141_79537	1999	9.76474	9.76474	13.1476
k141_5038	15942	9.31896	9.31896	17.3538
k141_41954	4695	9.70869	9.70869	13.0151
k141_89383	6618	9.25402	9.25402	14.2783
k141_70580	6562	10.8414	10.8414	23.9434
k141_79538	3448	7.29472	7.29472	14.5719
k141_5040	2069	6.05367	6.05367	3.34384
k141_41957	1534	8.79263	8.79263	38.0372
k141_60270	8174	52.4478	52.4478	1382.3
k141_5041	1605	14.222	14.222	50.5554
k141_89384	4124	7.61751	7.61751	15.5547
k141_107441	2756	9.87375	9.87375	36.7192
k141_79544	1651	6.31512	6.31512	8.20259
k141_41959	1545	7.56631	7.56631	13.517
k141_5045	2909	10.5042	10.5042	13.1368
k141_60275	1608	6.02332	6.02332	8.21913
k141_15512	2162	5.23757	5.23757	6.76597
k141_5046	1632	5.45344	5.45344	5.092
k141_60276	1584	5.72036	5.72036	11.6796
k141_41964	2108	8.90654	8.90654	26.888
k141_5048	1555	6.15872	6.15872	9.49121
k141_52474	20280	9.22797	9.22797	16.9499
k141_15516	1644	14.2898	14.2898	41.8672
k141_5049	2033	7.93627	7.93627	8.68244
k141_32239	15946	10.841	10.841	24.5756
k141_107455	1762	5.43548	5.43548	3.2342
k141_107456	2098	9.85575	9.85575	18.5252
k141_15518	3002	6.04067	6.04067	12.8499
k141_52478	2496	10.5959	10.5959	24.4438
k141_32242	2523	8.43658	8.43658	12.7546
k141_70591	9634	8.08425	8.08425	13.2806
k141_5058	1560	9.11489	9.11489	13.2771
k141_99386	16350	9.74636	9.74636	15.3885
k141_15525	4011	7.79902	7.79902	18.456
k141_32251	1627	6.31889	6.31889	14.9843
k141_41968	9317	8.77528	8.77528	20.3011
k141_89408	3193	8.29642	8.29642	20.6713
k141_107459	7458	10.4202	10.4202	13.7781
k141_99392	4257	16.2206	16.2206	69.3511
k141_70592	7671	8.8112	8.8112	15.0509
k141_32252	3224	10.188	10.188	21.39
k141_60292	9357	9.95775	9.95775	18.4437
k141_89413	1622	8.13587	8.13587	15.5193
k141_15532	1527	6.5679	6.5679	8.71204
k141_70597	2245	6.78759	6.78759	8.57514
k141_5068	1698	7.04264	7.04264	12.4338
k141_99397	3012	6.75926	6.75926	11.1245
k141_15536	1605	6.09897	6.09897	9.09197
k141_99398	2271	6.01556	6.01556	7.06252
k141_60300	1811	4.75677	4.75677	3.64802
k141_32264	1702	6.7326	6.7326	7.31013
k141_107466	8194	10.7568	10.7568	17.9217
k141_52495	9670	10.9624	10.9624	27.7665
k141_15541	1628	6.11976	6.11976	3.465
k141_70605	2764	6.46787	6.46787	8.76576
k141_79553	25140	9.68427	9.68427	16.8781
k141_15543	2349	8.59391	8.59391	22.2159
k141_70608	2920	6.62527	6.62527	20.4063
k141_52501	3078	6.09904	6.09904	5.23175
k141_89419	13254	15.9956	15.9956	41.8159
k141_79561	1706	18.7076	18.7076	137.105
k141_60308	6259	12.7669	12.7669	34.3992
k141_107468	7355	17.435	17.435	58.0389
k141_70611	2792	6.06775	6.06813	4.30811
k141_41975	18978	35.49	35.49	104.123
k141_15551	2182	5.81693	5.81693	8.26977
k141_89420	3792	23.9314	23.9314	55.957
k141_52508	2690	9.24134	9.24134	14.6967
k141_107472	1674	4.54396	4.54396	12.989
k141_60310	3019	11.0805	11.0809	18.8748
k141_70614	2369	8.36773	8.36773	11.1911
k141_15552	2780	4.51901	4.51901	3.68002
k141_5078	13636	13.0202	13.0202	22.838
k141_107473	2328	7.06428	7.06428	10.786
k141_99420	1633	5.10519	5.10519	4.5058
k141_89421	5531	13.9792	13.9792	30.349
k141_52512	3847	12.3887	12.3887	36.163
k141_5079	2062	7.64592	7.64592	16.5449
k141_107475	2091	6.84441	6.84441	12.1448
k141_15561	2169	7.2417	7.2417	9.27355
k141_60321	1525	7.904	7.904	12.6821
k141_5081	3544	9.41603	9.41603	24.5759
k141_52515	5605	14.1764	14.1764	32.6431
k141_107476	3989	8.92628	8.92628	10.7701
k141_32265	21797	15.57	15.57	31.739
k141_60322	2953	7.53907	7.53907	16.8198
k141_52517	1505	4.34022	4.34022	4.3251
k141_5084	2289	15.3469	15.3469	27.0985
k141_60323	2079	5.16744	5.16744	6.6727
k141_41996	3465	8.57436	8.57436	14.0442
k141_89423	10733	15.3181	15.3181	31.3996
k141_15563	6891	11.0718	11.0718	19.2001
k141_79580	5140	7.99178	7.99178	15.5322
k141_52523	1569	5.85624	5.85624	6.2769
k141_32266	6706	9.90024	9.90024	16.1842
k141_70630	6516	9.51225	9.51241	18.2614
k141_89424	4014	7.26682	7.26682	11.3212
k141_15569	1515	3.44396	3.44396	1.98602
k141_42002	3394	8.54408	8.54408	16.139
k141_107479	7871	9.23248	9.23248	11.7668
k141_5089	6185	9.4285	9.4285	14.4415
k141_79584	3449	9.45135	9.45165	15.9687
k141_107480	2436	4.62686	4.62686	4.94562
k141_52533	1521	8.99344	8.99344	19.351
k141_42004	4340	15.3728	15.3728	32.6872
k141_89428	6827	9.30807	9.30822	22.3225
k141_32275	3010	6.67098	6.67098	11.897
k141_60329	8812	9.12434	9.12434	16.2246
k141_52535	2470	9.07543	9.07543	22.5941
k141_5095	1719	7.31485	7.31485	11.7632
k141_70642	3799	6.16772	6.16772	7.8183
k141_79594	3436	8.68442	8.68442	12.0218
k141_79595	1666	4.67612	4.67612	3.58151
k141_5097	2596	5.81725	5.81725	6.66636
k141_52536	6056	8.38977	8.38977	16.9556
k141_107493	2930	9.52158	9.52158	17.8588
k141_60340	2068	8.77372	8.77372	11.6181
k141_42009	8147	9.11354	9.11354	13.3601
k141_107494	2285	8.22857	8.22857	14.2702
k141_70653	5036	36.4959	36.4959	127.508
k141_52541	4383	10.347	10.347	12.5041
k141_32284	8540	8.95685	8.95685	19.977
k141_107496	1674	5.27493	5.27493	6.61714
k141_15577	15651	12.5173	12.5173	26.39
k141_79609	1776	7.92066	7.92066	14.9001
k141_5111	1891	9.39862	9.39862	21.5755
k141_42013	1674	5.58465	5.58465	4.52791
k141_60344	2771	12.7375	12.7375	26.2255
k141_5113	1885	11.0207	11.0207	17.0571
k141_52547	1814	5.92788	5.92788	7.01704
k141_15581	2213	10.8042	10.8042	22.1459
k141_42016	2069	6.28713	6.28713	9.11402
k141_107498	5002	7.46022	7.46022	9.3364
k141_5115	1810	7.0994	7.0994	16.9611
k141_32286	6285	12.1928	12.1928	30.7576
k141_52550	1924	8.17418	8.17418	17.5563
k141_79613	4751	11.7583	11.7583	29.9181
k141_32287	2462	13.8153	13.8153	27.717
k141_52553	1836	5.78885	5.78885	6.95357
k141_5124	2010	6.72796	6.72796	14.4004
k141_52555	1556	6.78521	6.78521	7.20217
k141_99431	40518	19.0237	19.0237	43.9635
k141_15583	6253	9.63084	9.63084	26.0745
k141_89432	22384	10.8752	10.8752	18.3451
k141_15584	1611	4.80561	4.80561	6.59097
k141_32288	5351	8.46356	8.46356	22.7837
k141_70662	10561	11.2846	11.2846	20.7005
k141_89434	3067	8.6205	8.62084	10.5791
k141_15586	2157	7.428	7.428	20.7384
k141_32293	1532	8.10854	8.10854	23.5928
k141_42032	2142	4.61145	4.61145	8.27289
k141_60354	10169	11.5454	11.5454	21.5713
k141_89437	2045	6.7029	6.7029	10.4223
k141_89438	1600	9.19931	9.19931	18.346
k141_99437	6867	9.54563	9.54563	15.9567
k141_5141	1558	7.4375	7.4375	7.64925
k141_107518	3882	6.96651	6.96651	13.3302
k141_99438	1516	8.63177	8.63177	14.4818
k141_89440	2220	5.26135	5.26135	11.5773
k141_15600	1735	5.76909	5.76909	26.7118
k141_5143	4691	6.42392	6.42392	10.2284
k141_42040	3428	10.0882	10.0882	19.4313
k141_99445	2675	7.24436	7.24436	16.7639
k141_52567	11206	8.60691	8.607	16.9397
k141_70682	1631	8.09926	8.09926	9.53539
k141_79615	20456	35.4896	35.4896	83.4831
k141_60365	6071	10.2831	10.2831	16.1043
k141_89444	7270	9.6361	9.6361	16.1569
k141_5152	2040	6.06667	6.06667	8.67632
k141_70684	4218	12.4597	12.4597	32.5122
k141_42047	2447	6.96387	6.96387	7.50687
k141_107522	9711	8.90315	8.90315	17.4021
k141_79621	2122	7.28296	7.28296	12.5925
k141_89449	2120	5.68325	5.68325	8.95194
k141_15603	9918	17.229	17.229	37.0998
k141_15606	1698	8.87726	8.87726	12.705
k141_5157	4722	8.92826	8.92826	13.6156
k141_42051	2547	5.99458	5.99458	8.62884
k141_32300	18658	12.3684	12.3684	21.0483
k141_5158	1675	5.7259	5.7259	3.96813
k141_99462	1928	7.53037	7.53037	27.3094
k141_107530	2182	9.71211	9.71211	15.1179
k141_5159	1507	13.0833	13.0833	43.5115
k141_5160	2023	8.72771	8.72771	9.18544
k141_99466	1772	8.64488	8.64488	15.6185
k141_70698	3157	6.0296	6.0296	9.82782
k141_32302	5369	13.5319	13.5319	27.8928
k141_60381	2988	91.1825	91.1825	2787.14
k141_5162	2314	16.86	16.86	79.63
k141_52581	10218	47.7974	47.7974	206.254
k141_107537	2464	4.77571	4.77571	7.12782
k141_42056	7122	8.46113	8.46113	14.8592
k141_70700	3565	7.59736	7.59736	12.3396
k141_5163	1975	5.61096	5.61096	7.01194
k141_89465	6278	8.19223	8.19223	23.8767
k141_60383	1617	8.81186	8.81186	13.5389
k141_15618	5794	11.2923	11.2923	23.6205
k141_32308	2202	9.11014	9.11014	18.217
k141_99472	2284	12.0117	12.0117	27.8933
k141_107539	2824	5.46746	5.46746	7.22775
k141_89466	2622	7.38835	7.38835	8.86251
k141_99473	1803	10.3842	10.3842	20.8298
k141_107541	3293	6.69138	6.69138	6.57887
k141_42062	5025	8.27303	8.27303	19.1603
k141_70701	7850	9.15922	9.15922	11.8702
k141_15632	1751	8.00999	8.00999	17.5437
k141_60394	6025	9.19472	9.19472	15.8807
k141_107549	2136	5.88369	5.88369	7.01162
k141_89474	2949	8.53591	8.53591	12.9365
k141_99477	7300	9.15329	9.15343	20.1363
k141_89475	1513	5.54072	5.54072	4.9181
k141_42069	2245	9.7537	9.7537	19.0539
k141_15635	2123	4.91181	4.91181	5.79344
k141_79624	30459	15.9213	15.9213	45.2384
k141_60401	2263	7.7416	7.7416	15.7855
k141_42072	1626	8.40041	8.40041	10.7215
k141_89479	2958	6.30199	6.30199	7.35148
k141_99481	5293	13.707	13.707	23.776
k141_107552	7405	19.6864	19.6864	41.0607
k141_52585	24864	32.5368	32.5368	83.2566
k141_89484	2063	7.43178	7.43178	13.2903
k141_60409	2414	10.0958	10.0958	15.4416
k141_99483	3433	8.31069	8.31069	31.5933
k141_70703	13554	14.9772	14.9772	33.9298
k141_5174	1947	6.43239	6.43239	8.06186
k141_60410	1841	7.88291	7.88291	13.965
k141_70705	2204	5.06378	5.06378	9.4792
k141_15648	4757	6.50184	6.50206	7.95603
k141_107561	3414	7.82047	7.82047	10.4465
k141_15649	2346	13.5801	13.5801	30.2215
k141_32315	22736	23.5533	23.5533	437.466
k141_99491	1887	4.46344	4.46344	5.05181
k141_42092	4758	12.6313	12.6313	51.0905
k141_79635	11006	15.2836	15.2836	38.1433
k141_107564	1778	4.0172	4.0172	3.81287
k141_52600	2545	10.3846	10.3846	17.1633
k141_107565	1611	7.24162	7.24162	6.45873
k141_89496	5604	11.485	11.485	23.6192
k141_5178	7307	11.4336	11.4336	29.7843
k141_99499	2858	6.75185	6.75185	6.97051
k141_60421	5015	8.22795	8.22795	16.9219
k141_52606	2806	4.1058	4.10617	5.41321
k141_32328	1996	7.73619	7.73619	21.8377
k141_5188	2088	8.44066	8.44066	31.4414
k141_60424	2480	7.93648	7.93648	17.6035
k141_42104	2283	13.5945	13.5945	31.5385
k141_15662	5132	11.1606	11.1606	21.8795
k141_99504	1808	5.43486	5.43486	6.3135
k141_32332	1614	8.79645	8.79645	28.2743
k141_89506	6301	9.94066	9.94066	18.3214
k141_52613	1562	6.02904	6.02904	14.0182
k141_32333	1719	5.67941	5.67941	7.54451
k141_70712	13401	9.54683	9.5469	15.176
k141_15664	3622	7.64487	7.64487	12.7696
k141_15665	1961	6.7471	6.7471	8.30611
k141_79661	1585	5.39094	5.39094	5.9454
k141_70715	2728	17.0182	17.0182	41.2084
k141_79662	2689	8.10674	8.10674	16.3848
k141_60429	3937	10.249	10.249	21.9137
k141_42114	1713	7.66347	7.66347	12.1402
k141_5195	1856	8.23154	8.23212	12.1302
k141_32334	5965	10.8953	10.8953	24.0462
k141_89513	2350	8.19773	8.19773	8.43791
k141_89514	1741	14.0006	14.0006	54.4523
k141_42116	1507	7.3213	7.3213	9.20638
k141_60435	1709	10.0314	10.0314	9.88668
k141_99519	1909	12.2382	12.2382	22.1029
k141_89515	1768	12.0229	12.0229	19.8579
k141_5197	2563	6.05346	6.05346	8.64178
k141_70722	2107	9.74655	9.74655	25.9356
k141_42120	2250	9.42619	9.42619	9.46052
k141_70723	1607	5.73164	5.73164	4.96158
k141_32337	5455	8.64769	8.64769	20.7682
k141_89516	3856	7.78494	7.78494	12.251
k141_60440	3668	11.6242	11.6242	20.0418
k141_15666	13039	17.4146	17.4147	31.6942
k141_5200	3998	7.02469	7.02469	10.0574
k141_99523	3564	8.90451	8.9048	27.7041
k141_42126	2122	4.72819	4.72819	6.07218
k141_107576	13863	15.5046	15.5046	26.9267
k141_70726	2040	25.3656	25.3656	159.9
k141_42127	1500	6.79704	6.79704	9.11822
k141_60445	2786	9.79097	9.79097	21.9869
k141_99526	1641	7.06439	7.06439	9.1274
k141_5207	2086	6.62242	6.62242	13.2605
k141_42128	2560	7.72531	7.72531	11.5169
k141_107577	4646	9.77847	9.77847	18.4616
k141_89526	3033	8.01665	8.01665	14.4547
k141_32338	10871	43.206	43.206	99.659
k141_99528	4453	10.5942	10.5942	18.0948
k141_52616	22113	12.2038	12.2038	20.3296
k141_99529	1505	7.76458	7.76458	15.9202
k141_60450	6466	12.4482	12.4482	57.7005
k141_32342	1534	6.83671	6.83671	7.33697
k141_70729	8320	19.6933	19.6933	39.9253
k141_52621	1520	9.27299	9.27299	15.7048
k141_32346	2005	5.76334	5.76334	10.4018
k141_70730	3805	8.21368	8.21368	13.1297
k141_107580	6290	8.81254	8.81254	19.1596
k141_42134	4351	9.75315	9.75315	27.6236
k141_99533	5289	9.60498	9.60498	20.0577
k141_70732	1521	6.63239	6.63239	9.39179
k141_32348	2575	7.93773	7.93773	12.7432
k141_15671	16570	13.169	13.169	31.9103
k141_52626	1764	9.07435	9.07435	14.2052
k141_60456	4315	8.2898	8.2898	14.9391
k141_5221	8394	8.09292	8.09292	14.1158
k141_32350	1746	8.48559	8.48559	5.56531
k141_99538	1620	4.18639	4.18707	3.92205
k141_52627	1835	10.6789	10.6789	19.654
k141_60460	1874	6.77668	6.77668	10.5624
k141_70740	1988	5.69314	5.69314	11.4137
k141_42146	3417	8.8595	8.85981	14.9718
k141_15679	3816	8.48254	8.48281	18.2502
k141_5223	6084	7.69127	7.69127	12.4583
k141_70746	2044	6.48152	6.48152	12.3776
k141_107592	6091	25.1427	25.1427	381.045
k141_89538	15587	18.2754	18.2754	42.225
k141_32360	2649	6.7615	6.7615	8.56597
k141_5225	1526	7.33648	7.33648	4.85468
k141_42153	1614	7.42691	7.42691	7.69529
k141_52641	2039	9.37427	9.37427	25.3104
k141_5227	2436	8.5678	8.5678	24.095
k141_79664	35031	19.825	19.825	44.9174
k141_107593	5219	9.09114	9.09114	16.0951
k141_79667	2715	10.8854	10.8854	18.3378
k141_5233	1963	5.59073	5.59073	6.63045
k141_42156	5374	9.7879	9.7879	16.1488
k141_70752	9755	10.88	10.88	21.3026
k141_52650	6093	51.7355	51.7355	401.379
k141_99540	20287	17.0143	17.0144	37.9653
k141_42157	3104	7.63575	7.63575	22.7239
k141_107602	2606	5.59283	5.59283	6.41585
k141_99541	1671	12.9612	12.9612	52.6361
k141_5238	2666	7.47059	7.47059	18.0055
k141_42162	1797	7.98846	7.98846	4.68702
k141_15692	12540	9.62599	9.62599	17.5471
k141_70758	3648	8.43682	8.43682	17.2618
k141_79670	6273	56.9121	56.9121	179.888
k141_60474	15273	8.41817	8.41824	16.1519
k141_32380	9125	25.0728	25.0728	111.877
k141_5239	7784	10.5308	10.5308	21.8044
k141_79672	4184	6.39886	6.39886	11.2748
k141_52665	2786	5.76821	5.76821	4.31322
k141_32384	2047	7.3922	7.3922	13.5803
k141_60476	4546	8.24682	8.24682	21.2957
k141_42174	3951	30.1144	30.1144	419.706
k141_15699	8983	13.4457	13.4457	31.9349
k141_60480	2861	6.90114	6.90114	10.0869
k141_52671	5232	8.6281	8.6281	14.1309
k141_79682	5318	7.26645	7.26645	9.25564
k141_107606	16220	12.0189	12.0189	26.8524
k141_32395	1692	3.71206	3.71206	6.70489
k141_42176	3049	7.85098	7.85098	21.1329
k141_52673	1659	7.54937	7.54937	8.84056
k141_79684	1915	8.5779	8.5779	17.9357
k141_107609	1674	6.93176	6.93176	17.0394
k141_79685	1628	5.46888	5.46888	4.37784
k141_5241	14844	10.4409	10.4409	18.8098
k141_107611	1667	9.48517	9.48517	24.6787
k141_89553	28168	10.6119	10.6119	22.7463
k141_79686	1891	5.83285	5.83285	3.35652
k141_60490	1542	11.6056	11.6056	18.5152
k141_32397	5740	11.4428	11.4428	14.6983
k141_42183	3096	214.757	214.757	1584.67
k141_107615	2455	13.4126	13.4126	25.4249
k141_60492	3265	8.44013	8.44013	16.9396
k141_89554	3243	17.9919	17.9919	46.7619
k141_5250	2459	8.83759	8.83759	13.6293
k141_99544	28941	314.774	314.774	9463.78
k141_42184	2934	13.773	13.773	35.8728
k141_70759	27070	18.1343	18.1343	37.8736
k141_60495	1655	7.0412	7.0412	8.9451
k141_99545	3449	9.35041	9.35041	19.4096
k141_42186	3348	13.8918	13.8918	21.536
k141_79692	5310	12.1959	12.1959	22.2486
k141_107622	1663	7.65433	7.65433	13.4457
k141_52686	8668	9.2942	9.2942	18.0917
k141_32408	2492	11.9804	11.9804	60.4296
k141_79693	1668	7.22332	7.22332	11.0661
k141_89560	4250	6.81244	6.81244	9.40444
k141_60496	5345	6.56015	6.56015	10.0825
k141_99549	2319	8.50991	8.50991	25.4695
k141_70767	1890	6.98506	6.98506	9.40403
k141_79694	2552	12.8797	12.8797	25.6887
k141_79695	1508	6.40133	6.40133	20.0176
k141_32410	3734	30.5232	30.5232	122.087
k141_99551	1636	4.57672	4.57672	4.50421
k141_42194	1669	10.7762	10.7762	11.9788
k141_70769	2590	9.69262	9.69262	11.4799
k141_15707	21975	14.3001	14.3001	26.6143
k141_52697	2923	3.93184	3.93184	3.83556
k141_107624	8424	9.54556	9.54556	18.6268
k141_32412	1806	5.38406	5.38406	12.9716
k141_5272	2389	8.78741	8.78741	15.6696
k141_15710	2082	9.98965	9.98965	7.14752
k141_60502	5615	10.9054	10.9054	14.6609
k141_70771	5019	12.0117	12.0117	24.0735
k141_32415	2227	9.49398	9.49398	23.1046
k141_60503	2325	6.73241	6.73241	9.33316
k141_15712	3538	6.80962	6.80962	13.8448
k141_99563	1605	9.32784	9.32784	12.6414
k141_89574	2201	7.8547	7.8547	18.5438
k141_15713	1887	10.19	10.19	18.5538
k141_107625	8176	52.1991	52.1991	2030.41
k141_70774	3815	10.039	10.039	13.69
k141_32421	2999	6.09161	6.09161	7.86693
k141_22989	374259	45.4067	45.4067	123.817
k141_107626	2000	4.74541	4.74541	3.34079
k141_52707	9933	10.753	10.753	18.265
k141_107627	2078	5.72822	5.72822	11.4122
k141_70778	2576	6.78937	6.78937	6.81213
k141_15719	3254	7.53608	7.53608	14.3945
k141_22995	1555	10.5957	10.5957	21.9636
k141_42208	8716	11.1724	11.1724	21.3462
k141_107629	2371	7.80729	7.80729	12.343
k141_99576	3054	7.37018	7.37018	13.3334
k141_52712	2054	5.23687	5.23687	4.07261
k141_15720	2066	9.72599	9.72599	19.3949
k141_22997	2509	8.27978	8.27978	13.1254
k141_107630	2578	15.8843	15.8843	43.7917
k141_70783	2198	7.29834	7.29834	5.56453
k141_52713	1554	6.86396	6.86396	14.9985
k141_79696	23610	38.5046	38.5046	1986.04
k141_42216	1953	10.2895	10.2895	11.905
k141_60522	6393	17.4783	17.4783	34.976
k141_89581	10622	9.56627	9.56627	19
k141_32437	2933	6.0309	6.0309	6.23273
k141_60523	1578	6.91457	6.91457	4.46363
k141_99585	1842	9.0396	9.04019	27.6151
k141_89582	1567	5.50106	5.50106	6.12588
k141_52717	1829	9.32936	9.32936	21.5917
k141_107634	2919	6.73131	6.73131	7.07447
k141_79706	2082	4.28571	4.28571	3.97424
k141_70793	1834	11.1865	11.1865	22.7543
k141_42221	2000	5.84216	5.84216	11.483
k141_23007	2291	9.66558	9.66558	14.9582
k141_99586	3001	9.09681	9.09681	17.4054
k141_89584	3632	9.28145	9.28145	24.563
k141_60530	1880	6.72948	6.72948	13.0277
k141_107637	1600	4.97241	4.97241	5.66531
k141_32446	1719	9.36138	9.36138	25.6401
k141_70794	2771	7.99657	7.99657	17.4598
k141_60533	1728	6.35805	6.35805	5.89519
k141_32450	1688	5.39597	5.39597	6.90418
k141_60534	1503	10.7147	10.7147	20.2367
k141_32452	1534	6.36199	6.36199	7.02796
k141_70800	1914	5.28685	5.28685	7.48545
k141_89591	2290	7.51542	7.51542	16.7361
k141_23018	1615	8.37474	8.37474	14.4694
k141_79712	8321	19.1084	19.1084	53.6445
k141_52733	2014	6.25858	6.25858	11.6068
k141_79713	2192	17.2341	17.2341	127.27
k141_32454	5479	9.75267	9.75267	20.9288
k141_70805	1938	5.41555	5.41555	9.57378
k141_60545	2138	8.65795	8.65795	12.3349
k141_42240	4714	7.5482	7.5482	12.8094
k141_70806	3523	19.8903	19.8903	102.939
k141_42243	2106	5.91667	5.91667	13.4617
k141_79724	2595	10.5039	10.5039	22.0103
k141_70814	1599	4.25466	4.25466	2.87226
k141_23026	7464	9.519	9.519	17.2658
k141_42245	2197	5.00684	5.00684	7.31076
k141_89611	1926	12.3035	12.3035	26.2679
k141_52748	4495	9.7466	9.7466	23.968
k141_107643	16972	11.3479	11.3479	18.0353
k141_70815	2767	8.97784	8.97784	19.4604
k141_52749	1928	6.79753	6.79753	11.5144
k141_32466	4620	11.0132	11.0132	22.9167
k141_23031	1793	6.27511	6.27511	9.72201
k141_42250	2087	8.7935	8.7935	14.5234
k141_52750	1618	6.49251	6.49251	11.5507
k141_23032	1835	6.57033	6.57033	6.17746
k141_32469	2146	8.17886	8.17886	11.5977
k141_70818	3417	6.52984	6.52984	8.73655
k141_23033	2396	8.06946	8.06946	13.8081
k141_107653	2089	3.47808	3.47808	2.84407
k141_60565	2031	9.80595	9.80595	27.5895
k141_42256	2879	5.12825	5.12825	5.94912
k141_52754	4017	11.6465	11.6465	31.1692
k141_42258	1749	7.32145	7.32145	4.38349
k141_70821	4129	11.4152	11.4152	23.3669
k141_32480	2366	6.09386	6.09386	6.11306
k141_23044	1974	8.79057	8.79057	11.2496
k141_42260	2645	6.42004	6.42044	9.86218
k141_70822	1741	9.08611	9.08611	9.90143
k141_52755	4120	8.56071	8.56071	16.6468
k141_89631	2755	5.99501	5.99539	8.59752
k141_23046	2062	8.6705	8.6705	8.55075
k141_42263	1729	10.0171	10.0171	15.814
k141_60566	10425	11.114	11.114	18.8511
k141_89635	4244	8.47167	8.47167	16.7332
k141_70828	1598	8.22583	8.22583	6.59646
k141_42268	1656	5.83865	5.83865	8.58587
k141_52756	8240	13.5041	13.5041	29.6274
k141_32487	6438	11.3561	11.3561	23.0438
k141_60570	2292	7.86741	7.86741	11.2509
k141_70831	2829	8.21351	8.21389	9.38823
k141_23052	3381	6.4039	6.4039	10.5238
k141_89638	3519	7.99406	7.99406	21.7216
k141_32491	1866	7.45629	7.45629	10.7136
k141_70834	1614	5.3832	5.3832	4.30349
k141_107656	18003	12.8169	12.8169	24.0866
k141_42273	3550	9.50529	9.50529	25.3021
k141_52761	1775	8.44369	8.44431	15.0203
k141_23057	1881	6.98094	6.98094	12.8975
k141_32494	2494	8.05674	8.05674	14.0929
k141_60580	2942	15.4624	15.4624	27.026
k141_107663	3190	10.1408	10.1411	20.499
k141_32495	3083	12.9881	12.9881	33.0594
k141_60581	1549	7.48821	7.48821	10.283
k141_23060	5729	10.751	10.751	26.447
k141_70839	6517	10.5326	10.5326	20.1151
k141_107665	1651	10.6875	10.6875	23.9269
k141_79725	37534	27.1251	27.1251	89.5116
k141_52773	2018	6.06317	6.06317	9.14224
k141_60585	1859	9.66413	9.66413	16.0781
k141_107666	2030	8.36649	8.36649	16.5558
k141_42278	10950	8.1663	8.16639	13.7991
k141_52778	2171	5.15388	5.15388	5.64117
k141_32502	6530	13.5658	13.5658	39.766
k141_52780	2907	5.41458	5.41458	8.99397
k141_60598	2695	7.37367	7.37367	11.2742
k141_79726	9948	9.97969	9.97969	23.4393
k141_23081	3204	11.2197	11.2197	23.6203
k141_70859	1518	5.57675	5.57675	11.1791
k141_42287	1956	6.3134	6.3134	4.39702
k141_52786	1769	4.91044	4.91044	5.08037
k141_79729	2049	6.95366	6.95366	14.7745
k141_42289	1569	9.51656	9.51727	19.1921
k141_79730	1968	10.7789	10.7789	21.8751
k141_70861	5218	10.3477	10.3477	16.1155
k141_32511	5596	9.33492	9.33492	11.7239
k141_107668	18878	19.2979	19.2979	55.9055
k141_23087	5767	11.9988	11.9988	25.7586
k141_79735	1537	5.22567	5.22567	5.42308
k141_89649	22832	10.0845	10.0845	17.2582
k141_60615	3298	7.67313	7.67313	13.7784
k141_23088	1531	5.15496	5.15496	3.7325
k141_70863	2990	10.7817	10.7817	33.046
k141_89652	1730	6.89873	6.89873	10.7991
k141_79736	3164	4.25581	4.25614	5.62638
k141_42293	6284	7.57956	7.57956	18.6643
k141_52795	7230	8.32867	8.32867	20.364
k141_89656	1708	5.6932	5.6932	8.87046
k141_32516	4578	7.60795	7.60795	15.5232
k141_107677	2628	8.23406	8.23406	8.51117
k141_52797	2127	9.55842	9.55842	15.4622
k141_107678	1956	12.9109	12.9109	25.2269
k141_70876	1748	5.39362	5.39362	3.60141
k141_32518	2151	6.33583	6.33583	6.39514
k141_79742	1698	6.03618	6.03618	7.28638
k141_52799	1754	2.11035	2.11035	0.982833
k141_32521	2407	40.4271	40.4271	963.866
k141_60625	8094	7.9397	7.9397	10.7499
k141_107682	2617	4.27888	4.27929	2.48769
k141_89662	6551	9.14935	9.14951	13.7732
k141_79746	3838	6.09436	6.09436	8.31767
k141_107684	1538	7.27161	7.27161	11.0329
k141_70882	3663	6.09422	6.09422	6.9892
k141_23093	10768	46.3893	46.3893	436.262
k141_60629	1614	7.02596	7.02596	7.57688
k141_89665	2324	11.3096	11.31	19.0515
k141_32522	4420	9.00492	9.00515	31.4054
k141_70884	2754	7.8172	7.8172	11.9635
k141_107686	6069	8.59943	8.59959	19.9046
k141_32523	6814	12.2799	12.2799	19.5407
k141_52817	3640	6.86734	6.86734	8.34138
k141_79751	7471	8.74457	8.74457	12.6676
k141_60642	1833	8.33809	8.33809	18.2762
k141_70895	2143	14.3327	14.3327	17.9611
k141_107693	3230	7.40357	7.40357	8.97676
k141_70897	1790	6.44207	6.44207	6.34806
k141_60645	4350	11.6571	11.6571	17.1017
k141_79756	4668	8.81585	8.81585	12.8601
k141_32534	3401	7.30083	7.30083	12.5048
k141_15739	112871	62.517	62.517	197.104
k141_60649	2022	6.59829	6.59829	7.37462
k141_89676	12891	13.4967	13.4967	28.0778
k141_79757	3796	9.1503	9.1503	9.03208
k141_15740	1992	10.0347	10.0347	18.0151
k141_79758	2340	7.2895	7.2895	14.4295
k141_15744	1879	8.05552	8.05552	14.6728
k141_89682	1692	10.118	10.118	41.7018
k141_79761	3032	7.35739	7.35739	9.33188
k141_60664	1881	7.05835	7.05835	11.0317
k141_79765	1598	5.52901	5.52901	11.3606
k141_60666	1889	7.10926	7.10926	15.0204
k141_23137	1797	7.01518	7.01518	12.1839
k141_89686	2476	9.33577	9.33577	15.1737
k141_32547	3982	11.5193	11.5193	18.0382
k141_23140	1803	7.61948	7.61948	18.7274
k141_70902	17165	13.8599	13.8599	28.2969
k141_60667	4974	11.1745	11.1745	25.9886
k141_79767	5396	11.3305	11.3305	19.2611
k141_60668	1980	5.94918	5.94918	10.8629
k141_70905	2364	11.4679	11.4679	22.3891
k141_79768	2299	8.4402	8.4402	21.6843
k141_52834	18616	17.9487	17.9487	50.1605
k141_107699	24731	10.5618	10.5619	20.503
k141_70909	1522	8.03061	8.03061	7.70004
k141_32559	4184	10.2992	10.2992	15.9042
k141_23156	1788	7.71734	7.71734	11.2218
k141_32562	1784	5.28274	5.28274	4.27399
k141_52839	7429	9.9434	9.9434	16.4523
k141_32566	2983	8.79845	8.79845	21.6448
k141_70914	7854	10.4163	10.4163	17.1307
k141_107700	10870	15.3084	15.3084	29.5354
k141_79787	2486	8.01113	8.01113	15.754
k141_89688	22138	19.2714	19.2715	44.5259
k141_23174	4551	9.55147	9.55147	19.9357
k141_15755	26012	16.7577	16.7577	43.7672
k141_60669	18213	11.4763	11.4763	26.0854
k141_52840	7180	9.62418	9.62418	21.3425
k141_107701	6900	11.2871	11.2871	28.6659
k141_52841	3214	8.36521	8.36553	13.8213
k141_89695	2067	5.55921	5.55921	8.79044
k141_79796	3595	6.82903	6.82903	12.1737
k141_70926	4337	10.5037	10.5037	22.4659
k141_52846	1679	7.5363	7.5363	12.0106
k141_107705	2530	7.54916	7.54916	10.1492
k141_23182	3139	11.3111	11.3111	50.3958
k141_79799	1764	5.24411	5.24411	6.96332
k141_52849	1974	14.0389	14.0389	18.1405
k141_89704	1876	4.49884	4.49884	3.7887
k141_15767	1859	12.3827	12.3827	21.7071
k141_52850	2965	9.00213	9.00249	17.3003
k141_79805	1634	6.87399	6.87399	20.8438
k141_23183	6645	9.51424	9.51424	23.5155
k141_15769	2106	4.66769	4.66769	6.51053
k141_79810	1548	7.58298	7.58298	14.5639
k141_15770	2038	17.7865	17.7865	31.1844
k141_70934	8408	8.77912	8.77912	22.9589
k141_23184	3096	11.8693	11.8693	21.5793
k141_107721	3692	8.03727	8.03755	10.1779
k141_15771	3459	8.35872	8.35872	10.6596
k141_52855	6438	8.4049	8.4049	16.373
k141_60703	2289	12.3357	12.3357	14.3793
k141_23187	2424	9.24538	9.24538	29.4919
k141_70939	2125	7.50785	7.50785	13.0768
k141_89706	9937	10.1303	10.1303	20.3029
k141_52859	1994	5.73373	5.73373	11.5454
k141_79819	1869	9.4014	9.40198	18.0088
k141_89709	2273	5.94395	5.94395	5.80407
k141_60712	2296	5.78378	5.78378	7.8199
k141_70945	3514	7.83532	7.83532	17.3395
k141_60713	1943	7.51868	7.51868	13.7364
k141_70946	1674	11.2789	11.2789	31.9754
k141_32577	31556	16.8678	16.8678	33.0927
k141_23197	5730	10.3844	10.3844	22.5667
k141_79833	2860	6.33173	6.33173	8.94602
k141_89715	5970	8.37491	8.37491	13.6478
k141_60718	4704	9.10233	9.10233	19.1818
k141_79836	2240	8.36459	8.36507	12.9691
k141_32583	1502	5.98521	5.98521	5.65335
k141_89716	2075	5.77247	5.77247	7.40349
k141_23205	1621	6.52685	6.52685	6.82485
k141_15798	6432	9	9	13.1036
k141_32586	1598	7.73895	7.73895	17.6996
k141_89719	1661	4.59696	4.59696	4.87656
k141_70947	11004	10.0587	10.0588	19.8047
k141_32588	2467	6.5123	6.5123	7.00903
k141_15803	1646	5.07955	5.07955	6.30741
k141_70949	1828	6.4994	6.4994	9.52623
k141_60726	3661	7.80262	7.80262	19.1376
k141_89720	4535	7.6301	7.6301	15.1543
k141_23212	4281	7.66425	7.66425	11.0463
k141_70955	1503	6.57354	6.57354	7.77877
k141_23213	2233	10.1407	10.1407	24.1891
k141_15804	4598	8.98988	8.98988	15.3025
k141_70960	1641	14.1932	14.1932	22.3814
k141_89726	2777	5.93224	5.93224	5.16592
k141_15806	2346	4.2837	4.2837	4.94306
k141_89728	2573	7.99505	7.99505	15.9504
k141_23220	4404	89.1848	89.1848	335.462
k141_60744	1997	5.8484	5.8484	7.87513
k141_32600	4539	8.8658	8.8658	21.0816
k141_107728	33599	18.9215	18.9215	78.9623
k141_42297	128103	35.0745	35.0745	93.6575
k141_99596	210674	38.0391	38.0391	91.3101
k141_23224	1539	5.59395	5.59395	6.34941
k141_107730	2007	9.83306	9.83306	18.4505
k141_70969	2832	5.1305	5.1305	7.49065
k141_52868	33110	34.325	34.325	88.0834
k141_89729	7136	9.7631	9.7631	21.8024
k141_42299	2675	8.5897	8.5897	12.5456
k141_23227	1623	8	8	11.6562
k141_89731	1846	4.96875	4.96875	3.55713
k141_32606	3155	7.59634	7.59634	12.8685
k141_70972	3009	8.42987	8.42987	12.2067
k141_107733	3072	7.98494	7.98494	13.9006
k141_60748	4909	16.2727	16.2727	76.9889
k141_99599	4435	10.1382	10.1382	15.8338
k141_52874	3984	9.15284	9.15284	16.5099
k141_107734	2498	9.59497	9.59497	11.3854
k141_42304	3441	12.0115	12.0115	20.105
k141_42306	1685	7.07492	7.07492	14.995
k141_15831	1830	8.47679	8.47679	12.1031
k141_32612	1652	4.55193	4.55193	4.6752
k141_89741	3292	74.6299	74.6299	374.338
k141_32613	2151	8.35082	8.35082	15.7
k141_107736	4152	11.5742	11.5742	23.9157
k141_42310	1977	5.71976	5.71976	6.4942
k141_23241	3005	6.13135	6.13135	10.304
k141_89744	2050	6.90053	6.90053	7.69676
k141_99604	5402	9.56055	9.56055	19.7432
k141_42314	3512	6.41612	6.41612	14.9968
k141_70998	1947	5.79744	5.79744	6.78743
k141_60754	11222	8.54299	8.54308	18.6933
k141_99610	2954	20.479	20.479	119.098
k141_71000	2044	7.34794	7.34794	20.862
k141_52895	3638	10.7517	10.7517	21.3481
k141_15838	8139	10.252	10.252	23.5425
k141_42320	1611	7.75017	7.75017	8.83415
k141_32629	1929	9.60765	9.60765	27.2254
k141_99614	2026	6.33529	6.33529	7.19571
k141_32630	1702	9.26418	9.26482	13.4947
k141_52896	2114	8.39257	8.39257	14.092
k141_99615	1929	5.62001	5.62001	4.4562
k141_42328	2227	12.6182	12.6182	57.1974
k141_60760	4957	9.07489	9.07489	16.594
k141_52897	4012	13.1414	13.1414	20.6039
k141_60761	1794	7.11679	7.11679	9.41668
k141_42330	2467	9.89167	9.89167	26.7211
k141_15848	2221	9.24819	9.24819	10.9191
k141_71016	2361	8.4749	8.4749	13.4567
k141_99622	1585	8.22997	8.22997	12.1228
k141_32641	2476	4.61866	4.61866	4.30748
k141_23258	9448	6.64616	6.64616	12.8384
k141_71017	1530	8.65942	8.65942	11.855
k141_60765	2819	6.31285	6.31285	5.78103
k141_99625	1748	4.71402	4.71402	5.70711
k141_52900	5135	10.1543	10.1543	20.455
k141_42337	1766	7.17389	7.17389	11.0588
k141_60768	1500	7.72296	7.72296	22.3738
k141_99628	2506	12.4703	12.4703	25.1418
k141_99629	1747	6.4784	6.4784	6.78476
k141_32645	2631	9.7239	9.7239	36.0963
k141_71025	3914	7.49176	7.49176	9.46131
k141_52901	5539	9.07033	9.07033	15.2548
k141_32648	1692	5.19974	5.20039	4.66908
k141_71027	1699	8.65462	8.65462	10.0699
k141_15860	6639	7.98166	7.98166	14.2758
k141_89747	31275	32.034	32.034	77.4863
k141_60778	1569	6.90204	6.90204	13.1039
k141_52903	3710	8.6823	8.6823	10.7249
k141_99641	2126	8.35273	8.35273	20.1738
k141_71036	2310	11.4375	11.4375	16.2721
k141_89755	1515	6.3685	6.3685	7.77098
k141_60782	3068	12.5634	12.5634	34.6046
k141_32659	2050	7.46947	7.46947	10.9844
k141_52906	3203	7.30495	7.30495	14.1576
k141_71038	1758	7.4801	7.4801	14.7315
k141_60785	1952	7.63596	7.63596	19.3288
k141_89762	1882	8.40935	8.40935	12.4891
k141_32665	1614	5.88525	5.88525	6.21515
k141_52913	3002	12.2009	12.2009	24.7532
k141_107737	45800	8.33027	8.33027	14.9127
k141_32670	1638	9.26344	9.26344	14.9435
k141_89766	1995	6.52629	6.52629	12.0022
k141_99643	11533	10.1276	10.1276	20.7775
k141_42338	20887	27.723	27.723	1240.83
k141_107738	1866	7.12704	7.12704	11.8217
k141_89770	2098	10.5031	10.5031	21.8011
k141_60800	1734	9.95265	9.95265	10.4771
k141_52917	1996	6.55905	6.55905	11.1702
k141_107739	2571	7.03387	7.03387	17.8023
k141_15869	14549	14.1201	14.1201	37.6166
k141_89771	1917	4.77702	4.77702	2.33757
k141_32675	2776	6.30046	6.30046	10.1814
k141_107740	2207	5.3019	5.3019	6.8548
k141_52919	1724	4.49936	4.49936	5.46565
k141_23259	30864	10.542	10.542	22.3255
k141_15871	2722	6.45995	6.45995	7.92078
k141_107741	2551	8.42732	8.42732	14.4089
k141_23261	1925	7.63775	7.63775	8.03498
k141_99651	3052	8.9011	8.9011	20.6489
k141_42341	8117	43.4927	43.4927	102.083
k141_52924	3763	6.53141	6.53141	14.4855
k141_107742	4696	17.3434	17.3434	61.2554
k141_89783	1972	7.2843	7.2843	6.58035
k141_99658	3221	7.6874	7.6874	11.8495
k141_32686	4558	8.58757	8.58757	15.4056
k141_42349	2178	11.3195	11.3195	16.4997
k141_52933	1566	6.08757	6.08757	9.90052
k141_99661	1591	8.2179	8.2179	20.3039
k141_42354	1608	6.09808	6.09808	22.0968
k141_71050	18185	9.48689	9.48689	20.8772
k141_107751	5420	7.16793	7.16793	13.2901
k141_52935	6577	10.4087	10.4087	20.4009
k141_32697	4648	38.5247	38.5247	154.803
k141_52937	2374	7.27428	7.27428	9.24551
k141_15901	2262	15.4792	15.4792	25.9776
k141_89805	2534	3.78104	3.78104	2.26086
k141_71062	2297	5.83139	5.83139	5.10947
k141_42355	12217	12.6482	12.6482	28.0652
k141_107768	2123	5.34313	5.34313	5.61196
k141_89811	2570	8.75868	8.75868	13.8582
k141_15907	2584	13.509	13.509	38.6214
k141_107769	3308	6.70963	6.70963	6.25111
k141_99691	2098	10.5601	10.5601	26.859
k141_32704	6833	11.754	11.754	21.5037
k141_42360	1566	5.41243	5.41243	8.03618
k141_52950	2304	6.25302	6.25302	14.2254
k141_32706	2992	5.07671	5.07671	5.38231
k141_99695	2384	7.24127	7.24127	21.9835
k141_42364	1983	9.51991	9.51991	17.0597
k141_15908	7248	9.80389	9.80389	16.463
k141_89813	8353	10.2339	10.2339	22.1142
k141_32707	3560	8.73959	8.73959	19.167
k141_42366	1566	6.84746	6.84746	11.441
k141_107775	4856	8.92456	8.92456	20.7004
k141_5281	332824	32.8922	32.8922	80.9816
k141_15911	4523	7.95884	7.95884	12.388
k141_99696	5989	7.61175	7.61175	12.4541
k141_89818	2218	5.5972	5.5972	5.51012
k141_52963	2383	6.43395	6.43395	6.90798
k141_42372	1580	8.99231	8.99231	12.6053
k141_99697	3644	8.8901	8.8901	15.2574
k141_5285	2206	7.79329	7.79329	13.0702
k141_32711	7757	8.6966	8.6966	17.4659
k141_89824	1956	8.22536	8.22536	18.167
k141_15917	1601	5.33908	5.33908	8.42706
k141_107785	2110	5.92551	5.92551	4.01993
k141_5288	2541	7.5391	7.5391	13.3918
k141_23268	44502	16.8116	16.8116	33.7136
k141_71065	25236	11.6761	11.6761	22.1956
k141_15920	2122	6.60041	6.60041	9.44449
k141_32713	2136	6.61631	6.61631	7.03762
k141_99704	1909	10.7334	10.7334	18.9247
k141_60804	54173	26.6065	26.6065	60.9714
k141_52975	2367	7.02797	7.02797	17.3693
k141_99706	1944	25.6706	25.6706	872.65
k141_5294	1779	9.67096	9.67096	15.4986
k141_107791	1940	8.66145	8.66145	13.1989
k141_15921	3147	7.16116	7.16116	14.254
k141_71070	2228	5.67324	5.67324	11.5363
k141_32714	4724	8.81023	8.81023	15.0195
k141_5295	1924	5.70293	5.70293	5.56034
k141_89833	1921	6.45172	6.45172	6.06245
k141_15923	1640	6.63893	6.63893	6.67813
k141_23275	3687	7.89765	7.89765	9.99742
k141_15925	1994	34.0445	34.045	255.663
k141_60813	1644	6.42972	6.42972	8.55192
k141_107797	2107	4.60501	4.60501	5.08064
k141_42393	2912	5.53476	5.53476	6.16266
k141_23277	3527	9.83358	9.83358	15.9706
k141_32719	3105	6.51607	6.51607	10.6182
k141_107798	2758	48.5913	48.5913	1064.23
k141_5298	4944	7.89758	7.89758	10.0563
k141_60817	2122	7.88387	7.88387	15.2594
k141_89839	4472	9.45025	9.45025	14.2619
k141_107801	1589	4.51842	4.51842	4.52941
k141_71074	6125	9.82996	9.82996	16.5985
k141_60818	3950	11.1576	11.1576	21.2257
k141_42401	1574	8.86728	8.86728	15.9718
k141_32724	3042	7.07676	7.07676	14.6403
k141_60821	1583	6.31472	6.31472	5.66837
k141_23288	1622	7.57337	7.57337	10.3291
k141_5302	4316	9.27796	9.27796	17.4028
k141_15937	1827	6.49016	6.49016	11.2131
k141_89846	4506	10.832	10.832	12.2029
k141_60824	1863	6.59428	6.59428	10.1209
k141_107810	1594	39.6655	39.6655	399.571
k141_71085	1509	8.05298	8.05298	22.4331
k141_32732	2035	9.76764	9.76764	11.222
k141_52982	17410	17.7041	17.7041	41.3289
k141_89847	2827	5.8263	5.8263	12.7736
k141_23299	2117	6.60702	6.60702	7.72081
k141_60827	4421	9.34301	9.34301	43.4006
k141_99728	6885	11.1225	11.1225	16.6114
k141_15938	7384	9.98493	9.98493	28.9162
k141_52988	2222	6.764	6.764	6.06448
k141_99732	1661	5.40768	5.40768	7.88402
k141_32739	1782	6.51225	6.51225	8.26356
k141_15941	3123	7.22738	7.22738	8.41056
k141_99733	1573	4.21785	4.21785	5.66425
k141_52995	2272	19.2323	19.2323	62.8939
k141_71096	3603	7.40081	7.40081	20.5741
k141_15945	1842	3.91194	3.91194	6.53567
k141_23314	2667	6.23758	6.23758	7.42525
k141_15950	2010	5.54839	5.54839	11.2644
k141_60845	1767	7.71614	7.71614	11.0673
k141_79841	174281	18.4471	18.4471	41.7081
k141_89871	1923	11.7812	11.7812	22.1902
k141_32749	1810	6.53373	6.53373	9.96089
k141_52999	6148	8.98833	8.9885	14.412
k141_15953	1803	7.15245	7.15245	7.33749
k141_23318	2316	4.41782	4.41782	4.05861
k141_5321	11480	10.8459	10.8459	23.0946
k141_89874	2886	7.27741	7.27741	10.4791
k141_60846	5492	14.9927	14.9927	43.603
k141_71099	10875	8.71711	8.71711	17.3701
k141_99740	7690	15.5706	15.5706	27.0961
k141_5323	2385	10.6277	10.6277	25.3134
k141_89875	1565	17.9279	17.9279	84.2507
k141_32753	4874	9.05398	9.05398	18.4085
k141_60847	2135	7.93955	7.93955	13.1213
k141_71101	1594	6.18698	6.18698	12.5901
k141_15956	4277	9.27962	9.27962	15.2142
k141_32756	1656	7.24568	7.24568	6.0499
k141_99744	3703	6.86715	6.86715	8.00367
k141_23325	4274	9.9532	9.9532	18.2377
k141_107817	23988	11.2737	11.2737	21.301
k141_89883	1514	5.65616	5.65616	9.77092
k141_60852	4123	7.96527	7.96527	17.1639
k141_107819	2350	7.27	7.27	15.3985
k141_32764	1541	4.69518	4.69518	4.31277
k141_5335	3043	7.09437	7.09437	12.8524
k141_32765	1928	12.8459	12.8459	39.7849
k141_23336	1568	42.7891	42.7891	629.036
k141_99754	2336	10.4721	10.4721	22.7489
k141_53001	18883	15.525	15.525	29.7869
k141_107825	3205	9.93519	9.93519	23.5918
k141_15975	3131	8.72425	8.72425	19.4991
k141_60865	1898	4.83867	4.83867	14.883
k141_32767	7178	10.5556	10.5556	22.9664
k141_99764	2203	6.94009	6.94009	14.3322
k141_15977	1745	9.1605	9.1605	25.88
k141_107826	3517	7.34779	7.34779	7.66838
k141_53006	3539	8.62024	8.62024	10.7757
k141_107827	1590	8.58542	8.58542	18.9239
k141_89901	3607	6.63581	6.63581	10.3509
k141_5349	2982	17.5371	17.5371	34.5294
k141_107829	1813	6.50992	6.50992	3.99856
k141_89903	2760	8.92146	8.92146	22.9363
k141_5350	3395	9.68721	9.68721	19.993
k141_53010	4662	8.24379	8.24379	13.7594
k141_107831	2464	5.37208	5.37208	6.12921
k141_15978	6807	9.38125	9.38125	12.6338
k141_79882	9404	15.0169	15.0169	45.6324
k141_5353	1966	6.24835	6.24835	9.72616
k141_89904	4050	7.75718	7.75718	13.6765
k141_23360	2823	5.39693	5.39693	4.00291
k141_107835	1624	6.08209	6.08209	6.64977
k141_15979	2889	5.5356	5.5356	10.8295
k141_23362	1534	5.03107	5.03179	6.99248
k141_53014	3974	10.9226	10.9226	11.5159
k141_5357	2860	5.29151	5.29151	8.79652
k141_32769	14386	15.0526	15.0526	32.302
k141_5359	1698	9.14535	9.14535	9.94463
k141_89908	4700	15.5925	15.5925	35.8485
k141_53017	1528	5.97242	5.97242	4.86639
k141_32770	2402	9.43694	9.43694	6.95253
k141_23370	1667	6.54779	6.54779	10.8416
k141_107848	1889	6.73836	6.73836	10.7273
k141_53021	2055	8.53281	8.53281	23.8854
k141_79896	1784	5.43941	5.43941	5.93292
k141_23373	1529	10.0522	10.0529	26.2852
k141_5362	5116	6.43375	6.43375	14.0861
k141_99765	23294	12.5392	12.5392	25.2183
k141_15985	9148	10.48	10.48	18.496
k141_79899	2209	5.20981	5.20981	6.24942
k141_23379	2901	6.38495	6.38495	14.2461
k141_107853	3128	7.31061	7.31061	9.49539
k141_15986	3088	7.84275	7.84275	12.2383
k141_42407	71212	14.4179	14.4179	34.9822
k141_5363	4791	14.7748	14.7748	24.2621
k141_107854	2218	7.50822	7.50822	13.2312
k141_23383	1637	9.13383	9.1345	17.7019
k141_42409	2408	6.4504	6.4504	14.2519
k141_89929	3334	6.58386	6.58386	9.06372
k141_15993	2106	12.3737	12.3737	18.6516
k141_53023	11569	36.4756	36.4757	73.6606
k141_32785	7516	9.97502	9.97502	16.4161
k141_15994	2181	4.80995	4.80995	7.76387
k141_60866	32169	17.865	17.865	48.8389
k141_42412	2960	7.83559	7.83559	25.918
k141_89933	1656	8.96282	8.96282	22.3121
k141_32786	1557	6.41578	6.41578	7.36266
k141_23391	1673	18.4274	18.4274	124.039
k141_99778	2294	6.14972	6.14972	8.0518
k141_15995	1692	7.98054	7.98054	16.6343
k141_42413	1973	5.90565	5.90565	8.22708
k141_15996	1571	8.47854	8.47854	25.5188
k141_60868	1603	4.34274	4.34343	2.70222
k141_53027	2076	6.22222	6.22222	7.98382
k141_5364	10905	9.87587	9.87587	18.17
k141_42414	2202	5.11793	5.11793	14.5331
k141_23393	2094	8.10648	8.107	15.5274
k141_99780	2963	7.8283	7.8283	11.5341
k141_107863	6991	9.26853	9.26853	19.2375
k141_89941	1902	8.00457	8.00457	7.54308
k141_23396	2222	14.0449	14.0449	32.0996
k141_89942	1936	6.03135	6.03135	14.6601
k141_99784	2107	8.15534	8.15585	8.84533
k141_5365	4502	18.7693	18.7693	141.161
k141_60874	1602	7.32645	7.32645	15.3724
k141_42417	3432	7.51158	7.51158	11.377
k141_60875	1523	8.84195	8.84195	19.3621
k141_32793	4936	10.1749	10.1749	20.3309
k141_107865	5202	6.58472	6.58472	8.84683
k141_42418	1787	72.2773	72.2773	7327.88
k141_60876	1625	6.44068	6.44068	14.5302
k141_5368	3697	9.62475	9.62475	18.0268
k141_79900	23095	17.2891	17.2891	60.4981
k141_71105	63106	12.8589	12.8589	28.2562
k141_23399	2155	7.17007	7.17007	6.92163
k141_42419	1695	6.01424	6.01424	7.28999
k141_16009	2443	5.48365	5.48365	3.41475
k141_32799	1560	5.29291	5.29291	5.55145
k141_89950	3567	9.22564	9.22564	21.486
k141_23400	2195	5.06748	5.06748	9.78115
k141_60881	2285	6.22998	6.22998	16.5374
k141_5372	1756	5.9122	5.9122	5.45961
k141_23401	1597	14.8148	14.8148	31.0858
k141_53033	11377	10.3931	10.3932	21.025
k141_71112	2266	7.11011	7.11011	15.9021
k141_60884	2040	6.8164	6.8164	6.05159
k141_79908	2351	6.50522	6.50522	13.35
k141_99798	4449	7.49221	7.49221	9.15038
k141_60885	2296	8.47157	8.47157	13.053
k141_32807	2828	8.18671	8.18671	17.6409
k141_107877	4308	8.85305	8.85305	16.0643
k141_99799	1763	11.3856	11.3856	17.5386
k141_23407	2586	8.77135	8.77135	26.9723
k141_16016	5739	11.7064	11.7064	20.712
k141_71117	2824	8.06582	8.06582	22.1887
k141_79912	4128	8.8092	8.8092	21.0889
k141_53041	1856	9.78605	9.78605	12.1518
k141_5379	3883	9.85561	9.85561	16.4319
k141_89952	9417	18.9812	18.9812	50.4642
k141_32809	1709	5.98076	5.98076	9.62099
k141_42430	5673	11.3375	11.3375	23.4511
k141_60890	3720	17.7672	17.7672	91.2651
k141_89954	1809	9.35202	9.35202	13.8398
k141_99804	1691	11.0629	11.0629	24.3876
k141_16018	3461	8.9849	8.9849	21.4831
k141_71122	1970	10.3467	10.3467	25.258
k141_79915	2303	6.11101	6.11101	7.58482
k141_32810	2958	7.42842	7.42842	12.79
k141_32811	1524	6.0837	6.0837	4.84878
k141_60892	3632	12.9638	12.9638	33.8797
k141_79921	2003	8.64166	8.64166	9.80789
k141_89961	1540	7.54245	7.54245	11.7386
k141_71128	1546	4.26934	4.26934	3.15466
k141_23424	1562	6.09773	6.09773	9.57085
k141_42435	4910	10.0576	10.0576	17.5096
k141_89964	1571	10.1393	10.1393	15.6157
k141_53042	12603	38.0793	38.0793	102.015
k141_42437	2030	7.63298	7.63298	13.134
k141_71134	2686	5.00631	5.00631	7.30563
k141_16021	7977	10.3772	10.3772	17.9513
k141_5389	5236	11.0387	11.0387	26.4481
k141_89967	1541	4.54996	4.54996	4.83762
k141_32816	6382	8.55825	8.55825	17.1014
k141_99808	13121	10.9783	10.9783	35.46
k141_23433	2603	7.2662	7.2662	11.0593
k141_5393	2268	6.04249	6.04249	9.23111
k141_89972	3935	6.31281	6.31281	10.6594
k141_32817	4010	8.17332	8.17332	18.1557
k141_16027	3193	7.56293	7.56293	8.54923
k141_79935	5289	10.4849	10.4849	21.0897
k141_5394	3184	8.28049	8.28049	13.0875
k141_99809	5042	9.00552	9.00552	13.2813
k141_71144	1900	4.35543	4.35543	6.75407
k141_53057	1670	7.63158	7.63158	5.1703
k141_16028	2554	5.6223	5.6223	6.94175
k141_71145	2884	6.55962	6.55962	9.12018
k141_60910	4076	11.0308	11.0308	35.7806
k141_42444	8333	15.1095	15.1095	27.2868
k141_32821	3929	5.60439	5.60439	9.20218
k141_79939	4910	30.9233	30.9233	70.4108
k141_71147	1806	8.60145	8.60145	12.4489
k141_16030	4378	10.6079	10.6079	19.7937
k141_53063	2820	8.51348	8.51348	11.4054
k141_89973	9577	15.372	15.372	52.4843
k141_16031	1604	10.6197	10.6197	18.39
k141_71148	2845	10.072	10.072	20.2323
k141_99815	3992	9.92998	9.92998	23.2207
k141_32823	1923	8.1427	8.1427	21.6947
k141_71151	1607	6.1407	6.1407	10.9341
k141_53065	3514	6.33145	6.33145	11.8535
k141_32824	2875	8.4745	8.4745	17.9277
k141_79940	5906	7.83669	7.83669	10.9468
k141_42455	1943	6.53653	6.53653	9.2678
k141_107879	36421	14.1048	14.1048	27.2393
k141_32828	2999	9.3696	9.3696	20.0889
k141_23465	2084	9.83506	9.83506	15.0566
k141_89984	3962	7.7277	7.7277	13.75
k141_107881	1724	5.25095	5.25095	7.13653
k141_5403	11064	12.2636	12.2636	24.2504
k141_99819	6269	9.70077	9.70077	22.8994
k141_32829	1629	7.80933	7.80933	14.8067
k141_42460	2293	8.73542	8.73542	17.0715
k141_16038	7298	10.9064	10.9064	19.7876
k141_53079	1688	7.39987	7.39987	6.9038
k141_71160	5512	8.87561	8.87561	20.6454
k141_89988	2591	8.24867	8.24908	23.347
k141_53080	2615	8.43043	8.43043	15.5302
k141_32831	3092	6.45309	6.45309	7.30044
k141_107885	3180	11.5056	11.5056	41.2292
k141_5407	2246	10.9814	10.9814	30.1587
k141_71161	3426	8.0757	8.07601	13.5823
k141_107887	1523	7.41588	7.41588	9.03031
k141_53081	2858	6.74261	6.74261	14.8059
k141_23474	3281	10.0093	10.0093	16.6896
k141_16047	3848	6.3364	6.3364	6.57111
k141_107888	1576	8.12693	8.12763	15.6103
k141_5408	4160	8.1808	8.1808	9.50511
k141_32834	4761	6.21188	6.21188	16.2525
k141_23478	1960	5.11326	5.11326	4.76715
k141_71163	3869	7.0277	7.0277	11.5206
k141_42466	10269	8.7819	8.78199	15.9061
k141_42468	1528	4.90493	4.90493	4.57122
k141_79941	18353	15.7747	15.7747	59.159
k141_16053	3422	8.68949	8.68949	10.5046
k141_107893	4232	12.3148	12.3148	26.8573
k141_23484	2210	5.47816	5.47816	3.17824
k141_71167	3198	6.22572	6.22572	8.8398
k141_32847	1605	5.589	5.589	17.4418
k141_5412	4033	8.58511	8.58511	21.8761
k141_107895	1595	8.91765	8.91765	13.3859
k141_42469	2938	8.88881	8.88881	13.4938
k141_16055	4355	8.48728	8.48728	18.9859
k141_53087	10192	18.6481	18.6481	84.4771
k141_89996	14218	13.3614	13.3614	26.0832
k141_5415	2191	8.53552	8.53552	32.1902
k141_71172	2870	6.91765	6.91765	11.4672
k141_23495	1678	8.92801	8.92801	34.0287
k141_60916	31460	13.5158	13.5158	32.4798
k141_79948	3493	13.8905	13.8905	36.8244
k141_107899	4955	17.1756	17.1756	81.2541
k141_23498	3109	9.63569	9.63569	24.9335
k141_71176	1861	5.67797	5.67797	5.69098
k141_53088	6744	8.80558	8.80558	17.3289
k141_42470	8751	45.9078	45.9078	824.737
k141_5420	2968	4.49965	4.49965	3.8255
k141_53090	2774	8.91425	8.91463	15.4871
k141_79951	4009	10.5082	10.5082	18.4235
k141_5422	1837	5.64138	5.64138	4.85645
k141_71177	4965	9.46646	9.46646	17.7574
k141_42472	2387	10.3268	10.3268	16.3408
k141_23507	1920	5.99831	5.99831	6.50029
k141_107902	2776	7.2757	7.2757	7.42882
k141_71178	1725	6.51048	6.51048	14.2945
k141_42473	1817	6.12058	6.12058	9.66922
k141_53091	3221	10.9684	10.9684	19.2606
k141_60927	2670	10.9734	10.9734	14.9787
k141_16070	4169	13.8828	13.8828	42.4994
k141_107905	1548	70.3534	70.3534	133.595
k141_42477	1617	5.20859	5.20859	4.03829
k141_90015	1895	7.82808	7.82808	17.327
k141_79959	2166	11.0069	11.0069	19.5573
k141_71184	1999	10.4867	10.4867	42.8647
k141_53095	2110	5.38316	5.38316	5.50754
k141_16073	1661	6.25414	6.25414	10.9631
k141_23522	2768	13.7254	13.7254	27.4908
k141_5426	8092	11.0691	11.0691	18.2906
k141_60934	3085	6.6661	6.6661	13.4808
k141_16074	4533	15.3066	15.3066	34.5021
k141_79965	4735	8.14678	8.14678	11.6938
k141_90022	3904	9.26105	9.26105	23.5948
k141_71197	1844	6.53719	6.53719	8.91975
k141_79969	2246	6.08063	6.08063	11.9702
k141_23527	4559	7.30279	7.30279	14.1129
k141_42489	2575	13.4858	13.4858	22.3194
k141_71198	1874	5.83121	5.83121	14.4248
k141_16080	1971	6.44591	6.44591	10.5746
k141_53099	8363	19.4204	19.4204	61.8519
k141_90024	2016	8.97588	8.97588	9.73401
k141_79971	1659	4.24785	4.24785	3.83641
k141_60942	6159	7.76402	7.76402	11.225
k141_16081	3710	6.70871	6.70871	6.65828
k141_5431	8812	8.45405	8.45405	15.7944
k141_107912	12888	15.5683	15.5683	33.2971
k141_23530	5976	8.63611	8.63611	19.47
k141_16083	2325	6.25287	6.25287	4.33159
k141_53100	7064	10.8396	10.8396	23.1736
k141_90032	2634	8.28422	8.28422	15.4664
k141_79975	5083	7.29394	7.29394	11.0208
k141_71211	1815	7.23243	7.23243	8.9476
k141_16084	2659	8.34476	8.34476	13.8688
k141_53101	2325	8.17241	8.17241	7.93572
k141_71216	2173	16.4815	16.4815	45.0527
k141_107918	3695	49.8076	49.8076	2360.91
k141_79977	5312	7.96203	7.96203	15.8205
k141_53108	1956	6.36766	6.36766	13.9988
k141_23543	2299	6.29316	6.29316	11.8172
k141_71221	1623	4.97013	4.97013	6.00453
k141_16090	2711	6.36861	6.36861	6.47107
k141_60952	8633	9.86444	9.86444	21.123
k141_5451	2842	5.04606	5.04606	6.05957
k141_32850	50143	54.5636	54.5636	155.513
k141_23549	1798	5.52002	5.52002	6.65783
k141_16094	2289	6.12576	6.12576	12.2933
k141_32853	2392	6.96476	6.96476	12.0911
k141_23550	2074	7.67152	7.67152	13.0974
k141_53123	1881	18.0936	18.0936	42.0872
k141_42494	21878	57.8398	57.8398	1097.08
k141_16096	1939	7.61878	7.61878	8.24275
k141_23551	1859	6.75658	6.75658	17.2277
k141_32855	3776	8.17705	8.17733	10.4312
k141_60966	3099	12.5873	12.5873	26.0843
k141_71234	2179	7.36225	7.36225	9.42445
k141_107929	7900	10.0219	10.0219	14.2076
k141_16102	1957	6.06586	6.06586	12.22
k141_23556	2026	7.96908	7.96908	8.20065
k141_53128	3117	9.39973	9.39973	34.617
k141_71236	1712	4.78873	4.78873	4.96493
k141_5467	1776	9.0984	9.0984	26.0037
k141_90038	22154	19.5969	19.5969	44.284
k141_53131	2127	7.46636	7.46636	7.32392
k141_42507	1549	5.87134	5.87134	12.2737
k141_53133	1788	6.85165	6.85165	7.97862
k141_90041	2717	10.7289	10.7289	29.1518
k141_32860	6049	9.60366	9.60366	15.364
k141_53134	2174	6.73172	6.73172	12.1282
k141_23565	4962	8.76642	8.76642	17.1262
k141_71249	2740	8.35135	8.35135	19.5262
k141_60982	2393	7.0749	7.0749	15.0015
k141_107936	9168	10.1433	10.1433	19.3529
k141_23566	4066	14.0644	14.0644	35.8431
k141_107938	2179	6.03105	6.03105	10.7451
k141_79983	23621	12.7456	12.7456	28.1557
k141_32862	6201	9.73128	9.73128	15.1613
k141_53139	5373	8.35612	8.35612	12.3062
k141_90054	1739	6.30145	6.30145	9.77245
k141_5476	7012	9.23244	9.23244	24.9876
k141_32865	2903	12.4519	12.4519	14.9011
k141_79990	1589	6.0132	6.0132	7.2828
k141_23571	5936	8.7093	8.7093	15.8515
k141_53142	7185	11.6318	11.6318	23.4206
k141_16113	17731	17.0048	17.0048	35.5475
k141_60985	10928	12.976	12.976	34.6618
k141_107951	3262	7.61118	7.61118	8.502
k141_71268	4204	11.0506	11.0506	22.5563
k141_53145	1974	8.17105	8.17105	11.1468
k141_42512	17913	26.0168	26.0168	70.6562
k141_16117	2293	5.34018	5.34018	6.41692
k141_5478	9225	11.782	11.782	31.8651
k141_79999	1690	7.37208	7.37208	5.39036
k141_90066	3024	53.2397	53.2397	92.8568
k141_107957	1502	7.97707	7.97707	11.0928
k141_32879	1636	5.97779	5.97779	11.1948
k141_60990	2224	7.23529	7.23529	17.628
k141_71272	2577	5.30902	5.30902	5.4651
k141_42514	3041	12.0643	12.0643	31.9628
k141_23581	3996	50.2127	50.2127	188.691
k141_53148	4186	9.0996	9.0996	19.4753
k141_16122	1580	7.62587	7.62587	5.69126
k141_90069	2232	5.84822	5.84822	12.5487
k141_32885	1997	4.86789	4.86789	5.86658
k141_5483	5220	11.5978	11.5978	19.6257
k141_23585	2457	14.71	14.71	21.9693
k141_71277	3572	6.74489	6.74489	9.38924
k141_5485	1708	7.73813	7.73813	17.1144
k141_71278	1535	7.23393	7.23393	5.30794
k141_53156	1976	12.523	12.523	26.6507
k141_16126	1970	4.66483	4.66483	5.53245
k141_90076	1563	15.3305	15.3305	54.574
k141_23586	3945	8.48617	8.48617	18.895
k141_23587	1624	8.26526	8.26526	22.7056
k141_60992	10615	8.40392	8.40392	13.4949
k141_71282	4084	12.8355	12.8355	23.765
k141_90080	2333	10.4732	10.4732	11.1541
k141_80012	4759	7.89021	7.89021	11.5509
k141_5494	1502	17.4771	17.4778	166.797
k141_107981	2004	8.77184	8.77184	6.24963
k141_42540	1797	10.7668	10.7668	24.4354
k141_16136	3059	9.36026	9.36026	15.573
k141_32886	13879	9.74368	9.74368	19.4948
k141_90087	1744	5.55144	5.55144	8.43076
k141_80014	5642	19.5541	19.5541	243.349
k141_53174	4015	7.35834	7.35834	20.9021
k141_23595	3703	7.69913	7.69913	7.42665
k141_16141	1533	7.91468	7.91468	11.5368
k141_42545	1751	6.50344	6.50344	6.15519
k141_90089	1739	5.21775	5.21775	5.51554
k141_23599	1627	13.1686	13.1686	42.6486
k141_71284	10790	9.27133	9.27143	16.9559
k141_32896	1548	7.13233	7.13233	12.5788
k141_16142	4115	9.38966	9.38966	20.2437
k141_80021	1807	10.5069	10.5069	16.1101
k141_16144	2043	7.79662	7.79662	19.4612
k141_80022	1883	7.11079	7.11079	8.3734
k141_53177	5676	10.1216	10.1216	20.3821
k141_71287	2760	5.4272	5.4272	7.07802
k141_42557	2204	5.72882	5.72882	7.18167
k141_90098	1855	4.68856	4.68915	5.47138
k141_71288	1557	5.13859	5.13859	10.4979
k141_16145	2363	6.37189	6.37189	6.16591
k141_71290	1661	8.55261	8.55261	26.0538
k141_42560	2121	5.39016	5.39016	7.74982
k141_53181	2746	5.31086	5.31086	7.94224
k141_99821	136051	41.0264	41.0264	113.529
k141_16151	2273	7.39378	7.39378	11.0022
k141_71294	2413	6.39019	6.39063	10.3839
k141_61016	7880	8.58745	8.58745	16.1957
k141_42563	2354	8.65018	8.65018	10.8912
k141_53185	1907	8.91861	8.91861	13.3595
k141_80034	1866	8.94289	8.94347	16.1793
k141_23613	2144	6.83049	6.83049	14.8221
k141_90102	8106	9.04902	9.04902	14.419
k141_42565	1586	7.26811	7.26811	8.9699
k141_61019	2863	6.45522	6.45522	9.39556
k141_61020	1503	7.28899	7.28899	10.7766
k141_53187	3405	10.3217	10.3217	22.4137
k141_23620	1841	8.50325	8.50325	13.9543
k141_107991	23836	23.3225	23.3225	614.802
k141_99829	3089	8.92548	8.92548	21.8873
k141_90110	1941	6.7091	6.7091	9.30475
k141_16159	4156	9.82476	9.82476	20.6113
k141_42569	2332	10.6833	10.6833	26.0581
k141_23622	2449	9.50892	9.50892	12.0002
k141_61025	2706	6.64632	6.64632	8.27555
k141_80036	8187	10.9239	10.9239	19.6741
k141_90114	1748	6.05569	6.05569	9.93601
k141_42573	1626	5.23645	5.23645	7.04169
k141_99831	4359	7.77905	7.77905	23.1096
k141_61028	1971	6.03405	6.03405	7.96697
k141_53189	6790	10.7699	10.7699	25.256
k141_71315	2117	6.77733	6.77733	7.49158
k141_90116	1580	6.99441	6.99441	13.8418
k141_5497	31596	17.6729	17.6729	35.7528
k141_80039	2086	9.90496	9.90496	20.7352
k141_61029	1742	7.86369	7.86369	18.1405
k141_71316	2140	7.19397	7.19397	10.262
k141_108000	5288	18.4957	18.4957	51.7359
k141_99835	2344	5.47356	5.47356	9.43686
k141_42577	2534	18.6141	18.6141	64.626
k141_53191	4005	7.41505	7.41505	18.201
k141_61033	1694	4.90026	4.90026	7.38472
k141_71318	2424	9.6693	9.66974	23.4168
k141_32916	16718	13.2229	13.2229	37.2422
k141_99837	1752	5.0618	5.0618	8.99493
k141_16176	1556	8.03058	8.03058	11.9941
k141_5504	2071	4.39563	4.39563	3.32778
k141_71319	1593	5.18226	5.18226	5.74135
k141_42580	1812	8.59266	8.59326	19.7502
k141_99839	1574	4.37289	4.37289	4.50669
k141_53193	2633	8.87274	8.87274	18.4093
k141_108008	2553	6.88681	6.88681	15.0097
k141_32921	1651	4.31046	4.31046	3.24755
k141_61034	5388	12.0218	12.0218	22.3092
k141_53196	2714	7.02301	7.02301	11.1033
k141_61038	1996	13.3873	13.3873	47.2888
k141_99845	3099	8.39539	8.39539	20.9127
k141_5515	1503	4.90613	4.90613	15.153
k141_71328	1612	7.83174	7.83174	20.8162
k141_61040	1559	6.99503	6.99503	14.4283
k141_71329	1564	5.53324	5.53395	4.07781
k141_90137	2007	5.27302	5.27302	3.49277
k141_90139	1894	8.13245	8.13245	21.438
k141_53198	6270	9.13186	9.13203	13.7382
k141_61048	2535	10.4503	10.4503	17.9138
k141_42601	1948	5.82759	5.82759	8.82267
k141_71341	1692	4.23281	4.23346	5.83125
k141_53202	2370	9.20676	9.20676	9.69184
k141_32923	13784	20.2286	20.2286	64.8178
k141_108010	13930	10.3518	10.3518	21.3774
k141_5519	8487	8.10411	8.10411	10.5946
k141_42607	2022	5.39957	5.39957	11.0674
k141_32925	1923	5.73209	5.73209	8.61946
k141_61058	1850	60.8171	60.8171	846.701
k141_71344	1554	4.67521	4.67521	3.62642
k141_42608	1641	9.44333	9.44333	15.3571
k141_108011	1790	7.84451	7.84451	11.2784
k141_53205	2644	5.93504	5.93544	4.71343
k141_90149	3307	8.02122	8.02122	13.8509
k141_108012	1723	7.41958	7.41958	14.1431
k141_53209	1513	7.70139	7.70139	23.9292
k141_90150	1525	6.99273	6.99273	15.1876
k141_61062	3554	8.13308	8.13308	15.3503
k141_53215	1600	4.29931	4.29931	3.194
k141_42611	5221	12.9154	12.9154	27.7594
k141_23640	25121	11.1912	11.1912	16.7351
k141_71352	5408	9.17725	9.17725	26.0816
k141_90151	6576	7.74167	7.74167	10.9375
k141_99863	10623	19.9346	19.9346	41.6539
k141_53219	1836	5.68031	5.68031	8.56418
k141_61077	1807	7.38021	7.38021	11.766
k141_32927	13719	9.20753	9.20753	19.1596
k141_53224	1803	7.28857	7.28857	9.37972
k141_5544	1851	8.77837	8.77837	14.0479
k141_90160	1528	7.55515	7.55515	18.1294
k141_32930	1600	5.63655	5.63655	8.1556
k141_5545	2105	6.50946	6.50946	9.55822
k141_16180	35020	24.7486	24.7486	76.388
k141_23655	1565	5.97102	5.97102	9.7071
k141_42614	11860	11.4805	11.4805	25.7333
k141_5546	2075	9.64416	9.64416	24.0994
k141_53229	1615	10.6137	10.6143	9.89557
k141_108013	16626	9.91527	9.91527	18.7648
k141_99871	4958	10.0905	10.0905	16.9589
k141_108014	1586	4.73398	4.73398	4.18145
k141_23659	3097	6.13743	6.13743	7.66237
k141_99874	2783	8.55336	8.55336	12.5322
k141_16188	5609	18.8952	18.8952	46.7479
k141_23663	3515	8.16493	8.16493	19.1235
k141_53234	6849	9.4641	9.4641	16.0772
k141_90175	3219	7.70479	7.70479	11.1267
k141_42623	5786	10.2097	10.2097	17.1782
k141_99875	5802	9.56723	9.56723	21.8927
k141_23666	2321	10.6753	10.6753	24.1107
k141_61106	2297	7.35817	7.35817	14.6159
k141_99876	1688	20.9577	20.9577	289.52
k141_108022	6684	10.3101	10.3101	18.3123
k141_5561	1895	5.49112	5.49112	6.33721
k141_32931	15879	14.7981	14.7981	34.772
k141_61107	2129	7.53411	7.53411	11.988
k141_108023	2267	8.80491	8.80491	30.7676
k141_23669	3450	8.54121	8.54121	13.4141
k141_42628	4459	12.3068	12.3068	32.6229
k141_16202	1743	10.5625	10.5625	10.7236
k141_90184	2507	6.45694	6.45694	13.1202
k141_108025	3308	18.6799	18.6799	120.265
k141_23672	1934	20.1312	20.1312	68.6976
k141_53246	1597	7.17554	7.17554	7.03004
k141_5568	2887	7.68652	7.68652	8.31016
k141_80044	59103	15.4884	15.4884	34.5882
k141_23675	1503	5.10569	5.10569	8.81499
k141_90190	1935	5.98319	5.98319	9.03556
k141_53248	1650	8.10933	8.10933	6.94066
k141_108029	1706	10.6041	10.6041	23.1126
k141_80045	1918	4.97964	4.97964	2.13429
k141_32936	8737	12.2932	12.2932	27.3713
k141_42639	1927	7.6027	7.6027	8.64164
k141_108030	1819	7.33673	7.33673	12.3085
k141_61120	2162	8.00696	8.00745	18.4311
k141_90193	2517	6.04563	6.04563	9.78574
k141_32937	2287	4.50211	4.50211	4.1808
k141_108032	1871	7.59152	7.59152	11.2661
k141_53249	6883	13.2555	13.2555	35.4375
k141_16218	1517	8.57791	8.57791	7.21484
k141_5579	2938	9.14024	9.1406	11.1856
k141_90195	5341	10.4548	10.4548	14.7169
k141_53251	2089	7.07272	7.07272	17.0118
k141_42643	2651	7.36625	7.36625	9.99319
k141_108038	4123	8.18097	8.18122	11.2637
k141_99880	19917	11.2755	11.2755	22.2693
k141_5586	1693	5.79002	5.79002	8.12054
k141_61128	2287	7.69116	7.69116	13.222
k141_42645	2551	17.6847	17.6847	49.5394
k141_16220	6814	10.4775	10.4775	23.081
k141_53260	1832	6.15993	6.15993	4.30095
k141_99882	1663	5.28486	5.28486	4.92607
k141_16221	2131	7.67945	7.67945	21.7443
k141_23678	14339	12.0938	12.0938	33.6151
k141_108040	4464	7.9796	7.9796	12.3548
k141_80054	11674	12.2738	12.2738	43.6024
k141_16222	1616	7.83493	7.83493	16.74
k141_42649	2212	5.85354	5.85354	6.99847
k141_61133	1913	6.46909	6.46909	10.8122
k141_23680	1973	5.6802	5.6802	5.68751
k141_108043	2667	8.59555	8.59555	20.0382
k141_53268	1647	6.62191	6.62191	14.7635
k141_5595	3344	10.4026	10.4026	23.4503
k141_32942	16026	12.043	12.043	20.6355
k141_61135	3200	7.53738	7.53738	17.1604
k141_108044	2234	7.73464	7.73464	12.2938
k141_16225	3539	7.37622	7.37622	11.4897
k141_80057	4549	10.2401	10.2401	12.0242
k141_53269	3032	6.46253	6.46253	14.5069
k141_42654	1744	11.1725	11.1725	8.88735
k141_99889	5224	19.3912	19.3912	55.4544
k141_5597	2683	5.57679	5.57679	5.97402
k141_90219	1975	13.0334	13.0334	24.1684
k141_23685	2387	8.91819	8.91819	21.3729
k141_16232	2069	9.11777	9.11777	16.1144
k141_23686	2038	5.46239	5.46239	7.5079
k141_61141	3424	7.69365	7.69365	11.846
k141_108051	2114	7.61609	7.61609	14.2896
k141_99893	2896	7.83685	7.83685	12.1768
k141_80067	1766	7.13428	7.13428	13.7374
k141_32954	2961	7.87264	7.87264	10.6335
k141_90226	4016	4.50129	4.50129	4.0172
k141_5606	1965	5.71295	5.71295	7.25872
k141_80069	2037	6.41653	6.41653	8.01522
k141_53278	4624	13.093	13.093	52.1185
k141_23690	2816	8.7877	8.7877	10.6889
k141_80070	2283	14.6503	14.6503	31.2286
k141_108059	1836	8.94781	8.94781	20.0198
k141_32959	1974	8.86513	8.86513	16.1221
k141_23694	2243	36.6918	36.6918	365.44
k141_108061	1534	5.17052	5.17052	7.8147
k141_61150	3759	7.28207	7.28207	11.9675
k141_99904	1695	7.6233	7.6233	15.0497
k141_5612	4372	8.76149	8.76149	15.7186
k141_53287	2840	7.16617	7.16617	7.40005
k141_16251	1765	6.71703	6.71703	12.903
k141_108062	2672	5.66852	5.66852	7.1944
k141_61151	1776	7.00246	7.00246	9.59384
k141_16252	1508	4.50515	4.50515	3.07108
k141_90244	3227	5.67273	5.67273	12.4458
k141_61153	2351	8.10177	8.10177	15.8879
k141_5614	3590	9.80988	9.80988	17.3459
k141_99913	2137	6.98239	6.98239	12.2357
k141_80083	2785	8.69108	8.69108	19.2509
k141_108064	4316	15.6625	15.6625	34.8228
k141_5615	5159	9.47834	9.47834	18.6581
k141_53298	2158	6.86853	6.86853	10.9962
k141_80088	2313	4.01341	4.01341	4.72832
k141_16253	9254	50.8127	50.8127	140.905
k141_23695	13801	11.5497	11.5497	24.2384
k141_32967	13563	12.151	12.151	28.4932
k141_16256	1814	6.69712	6.69712	13.432
k141_5620	2277	6.19887	6.19887	4.76991
k141_61157	10699	12.0395	12.0396	28.6793
k141_80092	2392	8.14095	8.14095	14.6119
k141_32968	3171	8.62827	8.62827	18.0587
k141_23698	5139	9.43456	9.43456	15.5007
k141_61159	1884	16.1955	16.1955	24.3871
k141_5624	1544	4.78694	4.78694	2.94453
k141_108066	10117	9.73262	9.73262	18.1853
k141_16264	1987	9.13936	9.13936	32.6874
k141_53308	2529	8.33417	8.33417	18.4177
k141_99914	11449	11.4937	11.4938	24.559
k141_5625	2075	7.00623	7.00623	17.2525
k141_61162	2145	4.53183	4.53183	4.61423
k141_32970	2536	7.90319	7.90319	18.474
k141_53311	2020	16.3695	16.3695	48.5446
k141_23705	2150	5.146	5.146	8.19186
k141_90248	18663	25.1659	25.1659	55.9247
k141_32971	1704	6.85907	6.85907	5.08443
k141_23706	2960	7.98149	7.98149	13.2632
k141_80103	1946	7.07294	7.07294	8.38741
k141_108068	5962	14.6371	14.6371	34.9287
k141_32974	3124	6.47041	6.47041	10.1483
k141_61171	1774	10.5856	10.5856	18.5829
k141_99922	4976	5.60816	5.60816	11.1638
k141_32976	1847	5.48497	5.48497	7.42684
k141_53314	6861	8.88422	8.88422	17.1701
k141_90258	1856	4.60258	4.60258	2.69359
k141_61172	3867	8.5074	8.5074	15.6143
k141_23713	3110	9.25946	9.25946	17.6494
k141_32982	1623	31.7013	31.7013	80.3998
k141_53316	4297	12.7782	12.7782	28.5289
k141_99927	4882	9.39772	9.39772	15.1577
k141_23714	7113	38.8657	38.8657	132.153
k141_53318	1663	4.81428	4.81428	7.57864
k141_42662	51479	12.4976	12.4976	24.1081
k141_23715	2199	12.7721	12.7721	78.8649
k141_61185	1772	6.23613	6.23613	8.7209
k141_80108	14276	47.0871	47.0871	166.889
k141_90275	1877	6.9641	6.9641	10.6442
k141_5633	18316	26.8409	26.8409	150.148
k141_23721	2121	7.98935	7.98935	20.2644
k141_108073	16470	15.245	15.245	34.5141
k141_61189	3798	17.9942	17.9942	27.5265
k141_71369	104592	22.7856	22.7856	60.1926
k141_99931	8846	12.9744	12.9744	27.3514
k141_108074	3258	8.92375	8.92375	17.2981
k141_5637	1793	5.46135	5.46135	12.4387
k141_32989	8519	11.2365	11.2365	21.4144
k141_53321	10183	12.3019	12.3019	23.1889
k141_108076	2224	4.8081	4.8081	5.83497
k141_90280	2353	7.86564	7.86564	21.7785
k141_5638	3882	7.55386	7.55386	20.6215
k141_32994	1645	9.32642	9.32642	14.2989
k141_71372	4019	7.19256	7.19256	6.8117
k141_80118	1936	6.29843	6.29843	10.9927
k141_108079	1506	6.07743	6.07743	4.47739
k141_61200	2358	9.10326	9.10326	25.9865
k141_53327	2133	7.76046	7.76046	14.2247
k141_90283	3836	9.95551	9.95551	20.4296
k141_99941	1919	5.59016	5.59016	3.96826
k141_53328	1965	4.39008	4.39008	3.96023
k141_33000	1735	6.8265	6.8265	14.5033
k141_16267	34679	16.1617	16.1617	36.9545
k141_108083	5531	8.84817	8.84817	15.6972
k141_80127	2358	7.99909	7.99909	15.6692
k141_53329	3930	10.4598	10.4598	18.1659
k141_61208	2506	9.49236	9.49236	17.2446
k141_5649	4072	16.2027	16.203	185.7
k141_71386	2504	9.73832	9.73832	30.7963
k141_99948	1818	6.15168	6.15168	12.0628
k141_90291	3030	9.52326	9.52326	17.9452
k141_108086	3241	6.45519	6.45519	9.82023
k141_33005	2792	6.10295	6.10333	7.72385
k141_71388	2249	9.09576	9.09576	15.4375
k141_80130	4849	9.16812	9.16812	14.4731
k141_33010	1906	5.34169	5.34169	5.66553
k141_61217	2016	12.0665	12.0665	25.0013
k141_5660	1574	6.51685	6.51685	23.4068
k141_71390	2347	8.5421	8.5421	11.7529
k141_80133	2345	8.28565	8.28565	9.6509
k141_108096	2284	10.5084	10.5084	17.1069
k141_53333	8846	10.1133	10.1133	18.997
k141_90301	2774	6.9093	6.9093	13.9719
k141_61219	2102	6.32121	6.32121	14.1742
k141_108097	1677	5.61755	5.61755	4.47751
k141_16288	2163	6.67958	6.67958	11.3182
k141_53336	1669	6.2449	6.2449	8.94525
k141_99964	2313	7.6172	7.6172	10.6831
k141_90302	2772	6.06979	6.06979	6.21755
k141_71396	2066	7.85804	7.85804	9.95899
k141_23724	28128	10.645	10.645	20.5468
k141_33018	2157	8.15496	8.15496	11.0632
k141_5666	3907	13.8153	13.8153	23.0974
k141_90305	2125	9.73519	9.73519	17.4096
k141_42666	35126	10.461	10.461	22.5062
k141_99966	4987	9.55448	9.55448	19.6181
k141_61229	1558	4.10938	4.11009	5.85643
k141_16294	2712	7.61202	7.61202	6.59288
k141_16296	1525	5.48509	5.48509	8.49738
k141_53345	2642	7.38483	7.38483	11.7961
k141_108103	7186	10.7575	10.7575	18.6068
k141_33026	2004	10.2961	10.2961	24.9327
k141_90316	1922	9.49549	9.49549	15.9452
k141_16300	2214	7.20397	7.20397	9.37922
k141_42670	3938	7.81336	7.81336	14.804
k141_53347	3526	9.16262	9.16262	12.1606
k141_61239	1617	4.47307	4.47307	3.67236
k141_5671	6351	8.93598	8.93598	14.3494
k141_33028	2951	8.11603	8.11603	16.1004
k141_71410	1951	44.3937	44.3937	109.121
k141_61240	2450	5.83304	5.83304	4.92822
k141_99972	6871	10.1963	10.1963	18.0671
k141_108110	2052	11.3628	11.3628	13.8915
k141_16305	1598	5.68854	5.68854	4.84348
k141_90324	2040	6.12804	6.12804	9.97408
k141_42674	2758	6.82055	6.82055	16.8063
k141_33032	1760	7.86025	7.86025	14.343
k141_42675	2375	11.4706	11.4706	22.6629
k141_5683	2985	5.73439	5.73474	7.61624
k141_108119	1649	5.84923	5.84923	8.58076
k141_16309	2545	7.18747	7.18747	14.9778
k141_33039	2600	9.3151	9.31551	19.4883
k141_71425	2689	8.07365	8.07365	12.359
k141_61253	2509	8.39254	8.39254	11.4253
k141_42676	6901	16.8664	16.8664	39.9902
k141_53362	7428	9.62284	9.62284	18.8594
k141_33046	2660	5.45976	5.45976	7.10622
k141_53363	2529	9.01261	9.01261	27.2679
k141_71431	2714	6.44189	6.44189	9.62547
k141_99974	17805	11.0145	11.0145	17.7167
k141_33050	1702	6.90142	6.90142	10.3236
k141_61263	1966	8.99615	8.99615	45.758
k141_16313	10107	10.9699	10.9699	26.6268
k141_80140	29555	14.5286	14.5286	33.3951
k141_99978	1944	6.70067	6.70067	11.5306
k141_16315	2523	7.62621	7.62621	6.36151
k141_5703	1870	6.02674	6.02674	6.0249
k141_33052	1912	7.13167	7.13167	14.5994
k141_42686	5680	11.0291	11.0291	21.1615
k141_71444	1572	6.33615	6.33615	8.84686
k141_5706	2079	8.42509	8.42509	17.591
k141_61265	7317	10.8137	10.8137	21.1829
k141_42688	2694	13.213	13.213	31.6847
k141_33055	2855	10.298	10.2983	13.0795
k141_16322	1761	7.44444	7.44444	11.2569
k141_53375	3332	5.78096	5.78096	7.31353
k141_33056	1710	6.65385	6.65385	6.56002
k141_108126	17322	17.4434	17.4434	44.9291
k141_61266	3143	4.85533	4.85533	4.03152
k141_90349	15425	11.5966	11.5966	32.8829
k141_42689	3106	11.1587	11.1587	29.726
k141_5711	1955	14.0083	14.0083	17.5915
k141_61267	1845	4.91209	4.91209	7.15938
k141_90351	1828	7.83492	7.83492	12.0855
k141_99996	1782	8.68382	8.68444	13.7489
k141_16324	5259	9.41887	9.41887	20.547
k141_90352	1508	5.61782	5.61782	5.62023
k141_80163	1589	5.97012	5.97012	15.6674
k141_80167	1503	11.0148	11.0148	16.1314
k141_71455	5360	10.6447	10.6447	24.1326
k141_108134	1576	5.63604	5.63604	8.62467
k141_42691	7357	10.1604	10.1604	45.013
k141_23729	44465	15.9484	15.9484	36.5752
k141_71457	1665	13.3789	13.3789	25.3997
k141_16326	5301	10.8439	10.8439	20.6225
k141_53378	11460	11.1011	11.1011	26.8124
k141_5719	4109	8.71634	8.71634	18.7124
k141_23730	2181	14.5677	14.5677	16.5539
k141_108135	3164	10.4824	10.4824	11.6344
k141_33070	5516	9.40253	9.40253	19.4028
k141_23734	2581	10.2797	10.2797	14.0016
k141_42694	2149	9.35268	9.35268	15.2063
k141_53382	3033	45.0069	45.0069	162.522
k141_5721	3847	9.35245	9.35245	17.9583
k141_16335	3012	6.24039	6.24039	9.02226
k141_23737	1790	8.50915	8.50915	18.0426
k141_33072	5727	12.1621	12.1621	23.6375
k141_100014	2143	10.7908	10.7908	19.033
k141_90371	4408	8.84312	8.84312	13.8453
k141_16337	4280	8.25666	8.25666	17.5437
k141_53390	1920	5.27232	5.27232	11.5855
k141_71462	9366	10.38	10.38	25.126
k141_61297	2453	10.4017	10.4017	17.76
k141_23742	1638	4.9375	4.9375	4.71499
k141_100022	1703	4.88216	4.88281	3.88312
k141_108146	1979	6.76435	6.76435	7.01505
k141_16338	1604	11.7902	11.7902	21.42
k141_90379	1963	8.87755	8.87755	10.1748
k141_42696	11022	9.80068	9.80068	15.1065
k141_100027	2828	8.20164	8.20164	11.6791
k141_5724	12793	9.74895	9.74895	23.9953
k141_61299	5845	21.0987	21.0987	43.2287
k141_23751	3161	5.55364	5.55364	9.26448
k141_90384	2870	8.42022	8.42022	11.7001
k141_53407	1525	9.63345	9.63345	15.6748
k141_108156	2148	5.22072	5.22072	4.62783
k141_16343	3902	8.04797	8.04824	16.0427
k141_33090	2124	9.53749	9.53749	10.9005
k141_71471	4526	11.341	11.341	19.5421
k141_23753	2823	5.76169	5.76169	7.70319
k141_100031	4057	11.1364	11.1364	37.4403
k141_42706	3718	12.3324	12.3324	24.7927
k141_90385	4469	8.0771	8.0771	10.6552
k141_108161	2222	4.62838	4.62838	3.93137
k141_53408	5054	6.22206	6.22206	8.55986
k141_61301	6320	9.68671	9.68671	17.1662
k141_33094	1584	6.49861	6.49861	5.78123
k141_42708	1601	9.255	9.255	12.4881
k141_71472	5306	17.2225	17.2227	72.386
k141_90387	1578	8.32773	8.32773	13.2997
k141_23758	1564	31.6089	31.6089	190.36
k141_71474	1652	8.1731	8.1731	20.4165
k141_33096	1572	4.65471	4.65471	5.22274
k141_33097	1665	6.52475	6.52475	5.55338
k141_16347	7457	9.96278	9.96278	20.7516
k141_33098	1819	6.53984	6.53984	4.84567
k141_5725	13227	10.4833	10.4833	17.4144
k141_61311	1976	8.70591	8.70646	10.3226
k141_100033	8599	10.8587	10.8587	18.8348
k141_108176	1914	7.37812	7.37812	11.1122
k141_23769	3390	8.67469	8.67469	18.0311
k141_108177	1939	9.77809	9.77809	18.5766
k141_90395	6390	14.3013	14.3013	37.9285
k141_23772	1831	6.46282	6.46282	10.2618
k141_16358	2018	6.02248	6.02248	9.67058
k141_53423	2449	7.99739	7.99739	17.8077
k141_42723	3055	6.3167	6.3167	8.28189
k141_71492	2659	5.07493	5.07493	7.83812
k141_53424	2233	11.6942	11.6942	30.3662
k141_100041	3690	6.20706	6.20706	10.6543
k141_5728	6618	12.1506	12.1506	22.4307
k141_16362	2172	11.679	11.679	21.4609
k141_90396	4491	8.70283	8.70283	17.6232
k141_108179	5535	8.86407	8.86407	14.1004
k141_42726	1683	7.01305	7.01305	12.556
k141_23778	3137	7.07566	7.07566	8.28958
k141_108183	2612	6.15232	6.15232	5.91629
k141_90400	3059	6.4603	6.4603	12.7546
k141_71497	2993	7.7668	7.7668	10.4905
k141_5735	1797	15.3777	15.3777	30.0943
k141_33107	10793	12.2513	12.2513	31.9075
k141_23779	4277	17.3327	17.3327	51.2577
k141_42730	3940	9.31293	9.31293	18.1742
k141_42731	1589	7.59694	7.59694	8.35899
k141_53438	3264	8.20103	8.20103	21.9421
k141_71498	4295	7.79662	7.79662	12.4535
k141_80170	58233	13.3244	13.3244	25.567
k141_5738	3088	10.9074	10.9074	22.9835
k141_23782	2252	10.0033	10.0033	18.1356
k141_16370	5797	8.73437	8.73437	18.3479
k141_90406	5640	11.5934	11.5934	20.5395
k141_5740	2190	6.36176	6.36176	8.12705
k141_23784	2000	11.1519	11.1519	11.0061
k141_100047	10816	10.994	10.994	23.3947
k141_33119	2557	5.9543	5.9543	10.9946
k141_90408	1507	6.52248	6.52248	18.1878
k141_53444	2028	7.02769	7.02769	9.57085
k141_71509	1784	8.62607	8.62607	20.4768
k141_100048	2018	6.30942	6.30942	9.75316
k141_23785	3052	7.42833	7.42833	9.94026
k141_80179	1773	9.84535	9.84535	28.7363
k141_5745	2111	7.24069	7.24069	11.3483
k141_108201	1707	7.7797	7.7797	19.7401
k141_23787	1811	3.4714	3.4714	4.12763
k141_100053	2015	10.7121	10.7121	15.5227
k141_90409	4777	10.4539	10.4539	23.7356
k141_16377	5680	10.4901	10.4901	16.9907
k141_80186	1540	7.87914	7.87914	17.9608
k141_42738	8336	19.5253	19.5253	39.5923
k141_100054	2672	7.30135	7.30135	10.2288
k141_53445	7741	10.3536	10.3536	14.894
k141_90411	1728	9.44043	9.44043	15.369
k141_5751	3238	7.46859	7.46859	14.0152
k141_90412	2136	5.27694	5.27694	6.56311
k141_16379	4135	16.7225	16.7225	41.5
k141_100057	2694	8.80424	8.80464	14.174
k141_23792	4401	8.37121	8.37121	17.2764
k141_108212	4250	8.98634	8.98634	12.2041
k141_5753	3891	16.2478	16.2478	40.3928
k141_42748	4726	9.21678	9.21678	16.1837
k141_53449	7035	10.6349	10.6349	18.7083
k141_23796	3109	6.26394	6.26394	19.0388
k141_33127	12767	10.1875	10.1875	15.8564
k141_16380	6918	8.1219	8.12204	18.2279
k141_90421	1882	7.1963	7.1963	21.5905
k141_100065	2608	8.24085	8.24085	10.5077
k141_80203	1560	5.83333	5.83333	9.59388
k141_42750	2973	12.9536	12.9536	30.233
k141_100066	1980	10.523	10.523	20.2279
k141_90422	2445	6.61656	6.61656	10.2732
k141_108217	4912	10.8975	10.8975	22.3957
k141_71520	12351	22.4838	22.4838	121.132
k141_42751	3137	7.6622	7.6622	10.0765
k141_53459	1840	7.46331	7.46331	7.76919
k141_42752	1735	7.79685	7.79685	18.9447
k141_100068	3707	7.88052	7.88052	13.1283
k141_5764	4845	9.81747	9.81747	24.6346
k141_71523	1712	7.39949	7.39949	4.06708
k141_42753	1524	5.22926	5.22926	7.36989
k141_23808	1695	9.11133	9.11197	36.3836
k141_90428	2337	6.0567	6.0567	5.22096
k141_16386	4047	10.2969	10.2969	14.1524
k141_33140	1644	6.57095	6.57095	12.9391
k141_100070	2232	8.51969	8.51969	10.2421
k141_71526	1601	5.68987	5.68987	10.6817
k141_33141	1747	61.9349	61.9349	301.48
k141_80217	1880	5.14682	5.14682	7.91478
k141_100071	2172	7.00148	7.00148	16.6862
k141_61313	51672	18.4543	18.4543	36.8964
k141_16391	2726	7.40683	7.40683	13.6372
k141_71528	2006	9.3055	9.3055	22.9509
k141_53468	2902	9.70676	9.70676	16.8173
k141_33143	3103	6.94142	6.94142	9.50591
k141_90436	1788	6.90049	6.90049	6.14341
k141_108228	3611	8.43658	8.43658	19.9587
k141_53472	1533	7.54085	7.54085	12.1082
k141_80226	2063	21.1045	21.1045	32.034
k141_90442	2357	8.05936	8.05936	14.3251
k141_53475	2963	8.56808	8.56843	9.0434
k141_42773	1701	5.68279	5.68279	14.2129
k141_33144	7942	10.1081	10.1081	22.1391
k141_61321	2445	6.89368	6.89368	10.6896
k141_100079	5357	10.4794	10.4794	20.9816
k141_16395	8855	8.44813	8.44813	14.8873
k141_90447	2685	6.73609	6.73609	17.6664
k141_33147	1582	8.52025	8.52025	13.8235
k141_61324	2087	8.7935	8.7935	15.0864
k141_16397	1810	8.59639	8.59639	15.702
k141_53480	2318	7.50507	7.50507	8.65891
k141_108239	5732	12.5982	12.5982	28.4206
k141_71547	2696	9.53731	9.53731	20.4404
k141_23822	14540	12.8969	12.8969	31.303
k141_16402	1524	18.1361	18.1361	69.4943
k141_100094	1632	5.26518	5.26586	5.50127
k141_108246	1816	4.81993	4.82053	6.69869
k141_16404	2055	8.57008	8.5706	15.7714
k141_61333	2871	11.749	11.749	26.1744
k141_33156	4325	7.34802	7.34802	11.1921
k141_80248	3079	7.86787	7.86787	15.9281
k141_90459	2851	8.0696	8.0696	17.3999
k141_71554	1562	5.4221	5.4228	5.09042
k141_100098	2053	6.06569	6.06569	3.72599
k141_5770	26296	17.4793	17.4793	38.0995
k141_23831	2586	4.92365	4.92365	4.74899
k141_108253	1797	8.45173	8.45173	9.72536
k141_90463	2489	5.51903	5.51903	2.93928
k141_16406	6967	8.47748	8.47748	9.52334
k141_71558	1897	8.72639	8.72639	14.2321
k141_23833	1551	13.4418	13.4418	42.8997
k141_80257	1888	3.53452	3.53452	2.2996
k141_33162	4841	7.61309	7.61309	9.21547
k141_90464	2430	6.15439	6.15439	17.4267
k141_5774	2082	7.8442	7.8442	13.6469
k141_80259	1731	6.5604	6.5604	14.2769
k141_108254	4294	8.0543	8.0543	16.1838
k141_53496	6518	8.00879	8.00879	19.1791
k141_80262	1723	7.48061	7.48061	20.6545
k141_90465	3640	8.11232	8.11261	15.896
k141_53498	1523	5.76038	5.76038	5.7261
k141_16407	6023	19.8958	19.896	59.5841
k141_61338	10987	9.63329	9.63329	19.661
k141_80263	1765	6.94303	6.94303	12.796
k141_23840	4540	10.19	10.19	16.1619
k141_108260	2982	6.41243	6.41243	7.05556
k141_71569	3015	8.16021	8.16021	10.0416
k141_33170	4990	8.86426	8.86426	11.6233
k141_90466	4656	8.94274	8.94274	18.2768
k141_71570	2580	3.96132	3.96132	3.38594
k141_80271	2063	5.93623	5.93623	6.32547
k141_33171	3558	9.47829	9.47829	53.5961
k141_23847	1505	4.23616	4.23616	3.11405
k141_16409	6375	10.1311	10.1311	79.9283
k141_71572	1620	5.92789	5.92789	6.93017
k141_108269	2380	5.79507	5.79507	8.78305
k141_100125	3523	8.98073	8.98073	16.9749
k141_80272	3223	8.26001	8.26001	21.2823
k141_71574	2087	7.18172	7.18172	7.49381
k141_90476	2165	5.40347	5.40347	5.85648
k141_53511	4770	7.34329	7.34329	9.10994
k141_5781	12593	9.35988	9.35988	14.4584
k141_100127	2059	8.69984	8.69984	16.4041
k141_23853	1568	14.3075	14.3075	26.9315
k141_53513	1531	6.71398	6.71398	9.37246
k141_33177	2807	6.34475	6.34475	9.66589
k141_61359	1821	5.63495	5.63495	4.97805
k141_16416	1721	7.29599	7.29599	14.1817
k141_71577	4045	6.30988	6.30988	13.0994
k141_53515	2555	7.3343	7.3343	16.7609
k141_23854	3765	8.16902	8.16902	13.5898
k141_100129	3884	7.55517	7.55517	13.4434
k141_53516	1647	8.37876	8.37943	10.8493
k141_80276	5989	9.17777	9.17777	16.1801
k141_23856	1736	5.37579	5.37579	7.33505
k141_100131	1804	10.0302	10.0302	15.1266
k141_90489	2541	7.23087	7.23087	14.6136
k141_5789	3160	7.71395	7.71395	11.4319
k141_16419	8003	10.8851	10.8851	17.937
k141_53524	2388	8.99106	8.99106	9.69951
k141_100135	2779	6.52035	6.52035	17.1956
k141_80285	1740	7.73711	7.73711	7.86913
k141_53526	1907	5.49004	5.49004	4.18968
k141_108295	4396	10.3048	10.3048	15.7016
k141_5797	2651	9.76769	9.76769	10.6808
k141_61376	5011	7.88973	7.88973	12.0953
k141_90500	4238	7.19741	7.19741	10.1806
k141_53530	1684	7.21382	7.21382	14.8713
k141_108296	3026	13.2041	13.2041	22.1116
k141_71584	12477	12.2714	12.2714	25.6492
k141_23858	11615	9.83559	9.83559	18.2676
k141_80294	2480	8.51888	8.51931	13.7646
k141_23861	1593	8.01733	8.01733	15.2014
k141_71587	2617	6.97446	6.97446	14.3947
k141_108301	1764	6.15675	6.15675	6.34918
k141_16423	9366	14.9684	14.9684	37.5216
k141_100152	1578	6.53011	6.53011	20.2396
k141_108302	2307	7.59388	7.59388	11.6346
k141_16424	2162	10.8847	10.8847	23.3978
k141_23871	1759	5.58484	5.58484	9.42699
k141_53531	8985	10.9569	10.9569	26.5001
k141_100153	2771	7.98703	7.98703	11.4632
k141_108305	2547	8.16479	8.16479	16.237
k141_33209	7396	8.67113	8.67113	14.8465
k141_80302	5066	7.75814	7.75814	11.6465
k141_61392	1798	5.38228	5.38228	7.07895
k141_42784	56304	12.5665	12.5665	25.9113
k141_23876	2372	7.21017	7.21017	6.25254
k141_5808	8686	13.8114	13.8114	29.1598
k141_80304	3270	5.94519	5.94519	10.9734
k141_33214	1600	5.53931	5.53931	5.52408
k141_90505	12240	11.4092	11.4092	25.3063
k141_108307	4715	9.00811	9.00811	20.4224
k141_53542	1831	5.26889	5.26889	7.38122
k141_61404	1773	6.40481	6.40481	6.24486
k141_23881	1540	5.24964	5.24964	2.72881
k141_71607	2577	12.4932	12.4932	35.4907
k141_90514	1668	5.13505	5.13505	5.3364
k141_61406	1998	14.6358	14.6358	49.3112
k141_42794	2021	8.23357	8.23357	17.1886
k141_53544	3017	6.53017	6.53017	7.88351
k141_5811	5060	21.0511	21.0513	206.437
k141_16428	16535	15.4146	15.4146	92.0232
k141_53547	1615	7.37406	7.37406	9.20832
k141_71612	1556	7.23186	7.23186	17.7683
k141_33217	9072	32.3837	32.3837	141.607
k141_16429	1773	3.80222	3.80222	3.72719
k141_61412	2847	6.34631	6.34631	10.8305
k141_80319	1849	8.26368	8.26427	15.9602
k141_108327	1704	4.75547	4.75611	5.76472
k141_53556	1529	5.27411	5.27411	4.23686
k141_16434	1531	8.61477	8.61477	10.9703
k141_42806	1767	7.85467	7.85467	9.42624
k141_108329	1911	6.64566	6.64566	12.2687
k141_53557	3164	8.23092	8.23092	10.8162
k141_5820	6516	8.19588	8.19604	11.0229
k141_71619	2598	5.721	5.721	11.45
k141_108330	2800	11.0143	11.0143	20.5877
k141_90526	3435	7.60578	7.60578	15.9381
k141_33221	6098	8.29506	8.29506	10.7736
k141_16435	6170	7.28056	7.28056	11.5502
k141_71621	2150	6.157	6.157	6.94783
k141_53561	2379	7.60879	7.60879	15.3685
k141_42813	1914	8.57313	8.57313	10.5908
k141_61424	7807	9.14	9.14	17.2035
k141_108341	2019	17.7127	17.7127	17.86
k141_53565	5141	7.4987	7.4987	16.1028
k141_108345	1797	8.65392	8.65392	18.9555
k141_53566	1686	5.4974	5.4974	3.74201
k141_90537	3381	6.84246	6.84246	8.37796
k141_33232	2220	7.3	7.3	11.6987
k141_42825	3085	8.29983	8.29983	13.9046
k141_53570	1661	4.73064	4.73064	4.99426
k141_5831	8559	14.7261	14.7261	25.2289
k141_90541	1549	7.53181	7.53181	8.45231
k141_16454	1785	6.95841	6.95841	9.21497
k141_61434	1700	8.20903	8.20903	11.8633
k141_71624	8501	10.1761	10.1761	19.1356
k141_53571	3247	9.39328	9.39328	12.3699
k141_53572	1567	7.4693	7.4693	6.86929
k141_90542	3959	9.50564	9.50564	25.2411
k141_33239	3495	8.62541	8.62541	18.9192
k141_80320	26225	16.0437	16.0437	32.3416
k141_5840	1687	7.02407	7.02407	11.6199
k141_16460	4641	8.48363	8.48363	15.7684
k141_53576	1601	5.88973	5.88973	11.2706
k141_61445	1727	6.07736	6.07736	6.6616
k141_33242	2025	8.54773	8.54773	10.0312
k141_42832	7170	15.1155	15.1155	26.0841
k141_16465	1651	5.05197	5.05263	7.16585
k141_42833	2736	8.01508	8.01508	20.634
k141_100162	43533	20.2888	20.2888	52.1037
k141_5850	1648	7.98798	7.98798	12.9725
k141_71630	6285	8.05395	8.05412	12.1177
k141_53578	5431	9.5071	9.5071	16.2927
k141_16470	1546	8.5394	8.5394	10.759
k141_33247	3241	9.24199	9.24199	14.4863
k141_61448	4268	9.29286	9.29286	19.3218
k141_53579	1513	5.6449	5.6449	4.9399
k141_42838	1965	10.5262	10.5262	21.7796
k141_108370	1529	13.4467	13.4467	46.4608
k141_100164	3658	6.86545	6.86545	11.545
k141_53583	1605	9.47491	9.47491	17.4036
k141_33249	2597	6.11443	6.11443	7.43161
k141_108376	3219	12.4907	12.4907	30.1215
k141_100172	1758	8.73632	8.73632	8.88614
k141_42849	1812	7.15223	7.15223	12.6926
k141_61457	2831	6.069	6.069	8.48064
k141_16471	10340	8.53425	8.53425	13.0935
k141_5860	1921	10.1112	10.1112	11.9294
k141_71642	1540	2.76835	2.76835	1.38186
k141_33251	3361	9.12582	9.12582	18.2838
k141_42850	2094	8.17233	8.17233	17.4468
k141_108379	1923	7.97688	7.97688	19.097
k141_53590	2434	7.14842	7.14886	11.2708
k141_42853	1879	9.98843	9.98843	56.2372
k141_71648	1731	5.23972	5.23972	9.4001
k141_100181	1658	4.67706	4.67706	8.95138
k141_5862	3821	8.77281	8.77281	16.1872
k141_80328	19097	19.7435	19.7435	48.0102
k141_42854	1719	4.12301	4.12301	2.95997
k141_108382	2048	8.44784	8.44784	12.2811
k141_16477	5944	8.50224	8.50224	15.6723
k141_53593	5084	7.57398	7.57398	9.63192
k141_71653	1946	5.84688	5.84688	6.04173
k141_80332	1588	6.5605	6.5605	5.45458
k141_100184	4071	7.7595	7.7595	13.5674
k141_5863	4989	9.38541	9.38541	16.9698
k141_80333	3176	8.62293	8.62293	9.42173
k141_42855	5381	9.99044	9.99044	16.8243
k141_100185	2115	9.5771	9.5771	13.9671
k141_71657	2618	6.26256	6.26256	10.6387
k141_16478	3953	11.0287	11.0287	9.95644
k141_108388	2979	7.89678	7.89678	9.33586
k141_71660	1546	8.50716	8.50788	15.2092
k141_42857	2195	7.74866	7.74866	8.85551
k141_16481	1676	7.53342	7.53342	11.4805
k141_100186	3636	8.27625	8.27625	10.3561
k141_42858	1510	5.27132	5.27132	5.0514
k141_16483	1696	8.01876	8.01876	10.6087
k141_53605	3833	8.26147	8.26147	14.4947
k141_71666	2157	9.48779	9.48779	45.1102
k141_42860	1908	6.32935	6.32935	12.0048
k141_5870	5060	24.9151	24.9151	61.3956
k141_33280	1955	5.61717	5.61717	8.1665
k141_71667	2594	8.68085	8.68085	20.7225
k141_100192	2532	5.93955	5.93955	9.03209
k141_80347	3951	14.9926	14.9926	29.9552
k141_53609	4118	15.9055	15.9055	61.3099
k141_71670	1548	11.8627	11.8627	19.1536
k141_80348	1926	8.86036	8.86036	13.2132
k141_16490	1675	6.14885	6.14885	8.42727
k141_33282	4076	6.9865	6.9865	12.7858
k141_5872	3226	6.85891	6.85891	9.10134
k141_42866	2381	7.31959	7.31959	11.7315
k141_53614	1916	4.02152	4.02152	4.24656
k141_100193	4130	5.7392	5.7392	6.72673
k141_108403	3192	6.85963	6.85963	14.7778
k141_71674	3578	4.90111	4.90111	6.47662
k141_5874	2295	12.117	12.117	29.1575
k141_53616	1599	6.15459	6.15459	4.75233
k141_80354	2324	15.2438	15.2438	27.9275
k141_33289	1508	6.90501	6.90501	7.40808
k141_100198	3330	7.24528	7.24528	12.1789
k141_80356	1779	10.4125	10.4125	15.998
k141_5876	1516	8.5205	8.5205	13.1404
k141_33291	1516	6.31625	6.31625	9.6947
k141_80359	1626	5.47222	5.47222	5.52262
k141_5878	1572	5.17581	5.17581	4.40962
k141_16497	3699	6.95379	6.95379	10.4375
k141_5879	1569	4.49753	4.49753	2.85666
k141_33297	1796	5.98906	5.98906	4.86064
k141_80365	1558	7.16193	7.16193	7.06542
k141_42879	2494	5.81143	5.81143	7.23884
k141_100211	2117	9.29487	9.29487	33.037
k141_5880	3313	8.73127	8.73127	19.1921
k141_53619	12505	11.7473	11.7473	22.8204
k141_16501	1808	4.72799	4.72799	5.92905
k141_16506	1563	5.84006	5.84006	3.67271
k141_42883	4550	8.67	8.67	20.3902
k141_53620	4611	9.77853	9.77853	14.6807
k141_80370	2300	11.6837	11.6837	20.6149
k141_100218	2125	6.85722	6.85722	13.1317
k141_61462	38260	16.2506	16.2506	38.8913
k141_33301	8091	9.96789	9.96789	20.5111
k141_5883	6810	8.70465	8.70465	17.0239
k141_80372	4730	11.221	11.221	41.9805
k141_16517	1791	5.47166	5.47166	4.90548
k141_61465	4009	7.99585	7.99585	13.8793
k141_42888	5679	10.3171	10.3172	14.8726
k141_33309	1535	16.6202	16.6202	30.4958
k141_100226	2092	5.60711	5.60711	9.54204
k141_16518	2763	15.9832	15.9832	89.6505
k141_61472	1609	8.37149	8.37217	11.7468
k141_80379	3004	9.7712	9.7712	17.1629
k141_42892	1833	9.05823	9.05823	18.4281
k141_90546	68635	42.9506	42.9506	689.194
k141_53629	3775	8.65214	8.65214	14.078
k141_16519	1928	6.44207	6.44207	8.39986
k141_5888	7249	10.6399	10.6399	21.8374
k141_90549	1678	6.9123	6.9123	6.15604
k141_100233	3111	5.90138	5.90138	9.73489
k141_16523	2777	6.55348	6.55348	9.42622
k141_5889	2166	4.91022	4.91022	7.13884
k141_33323	1514	7.1085	7.1085	8.29931
k141_53631	3469	8.10274	8.10274	9.97406
k141_42901	1950	6.74	6.74	11.9579
k141_5893	2776	5.54494	5.54494	10.7151
k141_80386	6553	10.5465	10.5465	26.4892
k141_16531	2235	7.52326	7.52326	14.5078
k141_100234	6464	12.6465	12.6465	22.462
k141_100235	1699	5.80633	5.80633	7.73502
k141_90563	1840	8.45858	8.45917	33.1852
k141_80391	3101	11.6059	11.6059	16.7155
k141_16537	1685	8.67231	8.67231	16.2582
k141_33324	8109	10.8112	10.8112	17.4097
k141_53644	2310	7.35509	7.35509	31.8437
k141_61492	2627	20.0876	20.0876	119.03
k141_33325	2880	8.9381	8.9381	12.2134
k141_90569	2256	5.42877	5.42877	5.49543
k141_5904	2776	7.81379	7.81379	11.0841
k141_80392	4533	9.32444	9.32444	15.4298
k141_16544	1968	5.63806	5.63806	7.63777
k141_5905	1621	5.38205	5.38205	13.4988
k141_100245	1969	7.82463	7.82463	24.3639
k141_33328	1547	5.25698	5.25698	7.9991
k141_16546	1801	5.62084	5.62084	5.7337
k141_5908	1699	5.6275	5.6275	7.06333
k141_53646	5530	7.18866	7.18866	9.5236
k141_80396	1709	7.11931	7.11931	6.70079
k141_42912	10015	9.03832	9.03832	13.5325
k141_100250	2756	7.82157	7.82157	16.6542
k141_80398	1913	6.24447	6.24447	14.9976
k141_100255	2191	7.43214	7.43214	11.4663
k141_90584	3863	11.6054	11.6054	21.9878
k141_80404	2503	7.03017	7.03017	10.6373
k141_5916	1678	8.42867	8.42867	13.0886
k141_61504	2970	10.8174	10.8174	15.9332
k141_42918	3910	8.6359	8.6359	14.8658
k141_100260	1981	6.02731	6.02731	6.99271
k141_5919	1969	7.32325	7.32325	6.74803
k141_108404	57303	16.6659	16.666	43.7368
k141_80407	2965	9.77407	9.77407	19.7719
k141_16559	3396	8.56038	8.56038	15.2219
k141_5922	1814	5.90264	5.90264	4.8612
k141_53655	6202	11.748	11.748	30.8431
k141_16560	1623	7.74474	7.74474	24.2202
k141_90589	2140	7.59849	7.59849	20.4648
k141_61514	2069	6.12507	6.12507	9.89881
k141_80411	1878	6.07292	6.07292	10.891
k141_53657	2437	5.68605	5.68649	9.96325
k141_33344	12630	9.80096	9.80096	17.102
k141_42925	5800	11.8179	11.8179	23.5534
k141_33345	2558	14.9244	14.9244	25.2905
k141_16563	4779	7.64701	7.64701	12.8857
k141_53660	3466	8.40712	8.40712	35.121
k141_108408	7332	8.87733	8.87733	16.8369
k141_33347	2504	6.3819	6.3819	10.5482
k141_42928	3058	8.26582	8.26616	13.901
k141_16569	1720	7.99236	7.99236	19.3091
k141_90598	5527	9.33587	9.33606	15.5939
k141_80420	1935	5.64258	5.64258	7.87116
k141_33349	1885	5.11816	5.11816	6.55284
k141_61524	5947	10.9313	10.9313	30.6559
k141_53663	2520	5.22616	5.22616	5.40267
k141_42933	1711	9.89494	9.89558	12.1936
k141_16572	2152	7.499	7.499	9.27268
k141_53665	2509	8.76049	8.76049	20.8184
k141_80426	1756	8.86675	8.86675	21.1785
k141_100266	18232	19.5715	19.5715	290.393
k141_42938	1995	9.05962	9.05962	8.84677
k141_80427	3472	6.77002	6.77002	11.5318
k141_90609	3171	15.8391	15.8391	27.6285
k141_5944	7317	8.09962	8.09962	12.2181
k141_100271	1777	8.84511	8.84511	11.6168
k141_53666	8166	10.6541	10.6541	31.863
k141_16578	2839	9.94645	9.94645	15.4383
k141_5947	2101	8.63506	8.63506	10.8113
k141_61541	2230	10.3909	10.3909	13.9331
k141_5948	2936	6.25628	6.25628	10.666
k141_53667	2033	8.547	8.547	9.28089
k141_16580	1979	5.15036	5.15036	8.2777
k141_100279	2216	9.4971	9.4971	11.9034
k141_80429	5666	10.4025	10.4025	27.2827
k141_61546	2721	8.98483	8.98483	25.2514
k141_80435	1947	5.83639	5.83639	8.56104
k141_108416	15696	9.11759	9.11759	16.6266
k141_53671	2559	8.32545	8.32545	11.5252
k141_108417	5298	7.74825	7.74825	11.0059
k141_53676	3109	10.7391	10.7391	41.5817
k141_90619	9253	7.53949	7.53949	12.3743
k141_100280	13085	10.3964	10.3964	21.537
k141_53680	1532	6.5	6.5	12.2618
k141_90622	1528	5.46009	5.46009	8.27328
k141_16601	1527	6.72767	6.72767	9.76952
k141_100283	1778	7.07002	7.07002	8.36881
k141_16604	1562	18.9016	18.9016	52.9195
k141_90629	1927	7.21778	7.21778	8.56461
k141_61554	9735	10.5686	10.5686	23.7304
k141_90631	1514	4.86217	4.86217	3.46154
k141_33355	36452	15.9021	15.9021	36.9223
k141_5955	19617	11.2751	11.2751	21.8201
k141_90633	4577	8.1728	8.1728	13.0296
k141_16612	3148	26.1481	26.1481	126.859
k141_53682	13711	8.9388	8.9388	17.9765
k141_5962	1807	15.2269	15.2269	24.8952
k141_5963	1507	4.9101	4.9101	6.59076
k141_90642	1781	7.73697	7.73697	10.4197
k141_5964	1521	4.56528	4.56528	2.85322
k141_33363	4941	16.7105	16.7105	60.3459
k141_108450	4925	7.04	7.04	9.26716
k141_53688	3909	9.03618	9.03618	21.0105
k141_61556	11378	12.9441	12.9441	38.0186
k141_61557	1688	8.79389	8.79389	8.39799
k141_108452	2533	7.2329	7.2329	14.1334
k141_5968	2880	7.59377	7.59377	10.8276
k141_90650	1731	6.47122	6.47122	14.9988
k141_33367	3554	7.51293	7.51293	18.9469
k141_53690	6945	9.99338	9.99338	21.1251
k141_5969	2108	10.7043	10.7043	21.07
k141_33373	1878	10.4925	10.4925	14.8581
k141_90652	5078	9.15463	9.15463	22.0796
k141_71681	121572	50.5584	50.5584	136.814
k141_53696	1502	6.70414	6.70414	10.6348
k141_61562	2635	9.75573	9.75573	11.7153
k141_100284	31437	15.8349	15.8349	31.4872
k141_108455	6721	11.2814	11.2814	27.1188
k141_53698	1893	7.85772	7.85772	8.51252
k141_71684	3020	7.00314	7.00314	12.6005
k141_90656	2152	10.1808	10.1808	25.0148
k141_80441	36409	15.6259	15.6259	36.1331
k141_5971	6058	12.7761	12.7761	38.4339
k141_5972	1871	7.41604	7.41604	11.8862
k141_80442	2458	8.31153	8.31153	22.3889
k141_33385	2533	8.96895	8.96895	21.2787
k141_61571	3244	6.5097	6.5097	8.92507
k141_5973	1523	7.7327	7.7327	10.3607
k141_33386	1603	4.13902	4.13902	2.60187
k141_100298	2041	7.7266	7.7266	12.7914
k141_90659	4135	7.96211	7.96211	12.3207
k141_71693	2169	8.26548	8.26548	14.8254
k141_80444	2948	15.1683	15.1683	45.54
k141_53699	9310	10.4362	10.4362	21.27
k141_100300	1643	7.4146	7.4146	7.77508
k141_108469	2421	12.7433	12.7433	26.2999
k141_80446	1502	8.36021	8.36021	15.7406
k141_42939	64740	15.3835	15.3835	34.2315
k141_71699	1523	8.8303	8.8303	13.0579
k141_61576	4646	8.19417	8.19417	10.3856
k141_33387	5468	7.14009	7.14009	12.9724
k141_90660	4594	6.54748	6.54748	9.08224
k141_108472	2112	8.98012	8.98012	15.1893
k141_100301	5373	7.22477	7.22477	9.34371
k141_53706	2265	16.5546	16.5546	79.1934
k141_42941	3193	7.28327	7.28327	41.5021
k141_5985	4105	5.65335	5.65335	6.99897
k141_33390	2753	10.2443	10.2443	14.761
k141_71702	2613	8.43524	8.43524	21.3263
k141_53708	1952	8.7364	8.73696	21.6753
k141_61582	1636	4.00269	4.00336	2.10166
k141_42944	2101	6.80113	6.80113	11.0414
k141_108478	1944	5.79766	5.79766	15.8302
k141_61584	2157	6.56951	6.56951	12.2244
k141_100306	2802	5.53846	5.53846	4.68469
k141_90668	3561	9.38083	9.38083	29.6554
k141_53713	1504	6.50886	6.50886	13.8702
k141_108480	2724	8.55439	8.55439	19.7411
k141_5990	4502	11.904	11.904	20.8347
k141_33397	2143	9.58555	9.58555	13.7208
k141_80458	4112	9.19662	9.19662	18.1792
k141_42951	1808	6.28468	6.28468	10.6166
k141_108483	2108	8.49642	8.49642	12.1878
k141_90670	1907	6.8543	6.8543	12.1565
k141_16628	33077	30.045	30.045	70.5911
k141_100310	2459	6.97705	6.97705	9.64651
k141_61587	3180	6.64554	6.64554	10.0891
k141_90671	1535	5.97762	5.97762	8.29361
k141_108485	1767	16.2635	16.2641	56.962
k141_33402	2401	8.12661	8.12661	14.3098
k141_108488	1890	7.42299	7.42299	9.36323
k141_42959	2398	9.02447	9.02447	12.2214
k141_33405	1619	4.80191	4.80259	5.66395
k141_71723	2204	6.30088	6.30088	11.2685
k141_53719	5414	9.4886	9.4886	21.231
k141_61590	6204	9.68005	9.68021	22.6636
k141_90681	1745	6.13041	6.13041	7.23893
k141_42960	3233	5.95297	5.95297	9.10453
k141_33408	1715	13.1214	13.1214	48.2259
k141_16643	1584	4.65621	4.65621	5.11345
k141_80470	4240	9.61051	9.61051	24.3142
k141_42963	1575	5.08632	5.08632	8.50728
k141_90683	3542	12.8317	12.8317	23.6671
k141_6002	8634	10.2692	10.2692	16.7964
k141_100312	12240	9.29851	9.29851	23.4606
k141_33410	2334	8.21383	8.21383	11.0532
k141_6004	1730	6.46646	6.46646	8.81904
k141_61599	1786	6.46394	6.46394	7.62134
k141_33414	1517	5.68325	5.68325	6.84322
k141_90692	1950	4.09333	4.09333	2.52047
k141_42964	6930	8.83437	8.83437	14.5518
k141_53734	2444	13.9895	13.9895	49.0939
k141_80478	1881	5.95494	5.95494	7.32285
k141_16651	4807	9.94116	9.94116	20.528
k141_90693	2429	6.72532	6.72532	7.78411
k141_80479	1856	7.9619	7.9619	8.21257
k141_42965	2395	6.33274	6.33274	7.48059
k141_61604	2523	6.14286	6.14286	4.74394
k141_90694	1955	7.22271	7.22271	13.3453
k141_61606	1950	6.65167	6.65167	11.2243
k141_16655	3801	10.4637	10.4637	26.8273
k141_100319	9326	9.42437	9.42437	18.6392
k141_42970	4487	14.5536	14.5536	35.5531
k141_100321	1698	11.1906	11.1906	21.9164
k141_16659	1819	5.2175	5.2175	7.7938
k141_108496	20138	16.4715	16.4715	46.8121
k141_90700	5363	10.1732	10.1732	18.0396
k141_61612	4821	12.9255	12.9255	27.0211
k141_100322	4010	9.20129	9.20129	19.4265
k141_80482	11639	16.0009	16.0009	31.0804
k141_100323	1834	6.83432	6.83432	10.4603
k141_16662	3989	10.0177	10.0177	20.3646
k141_108500	2325	6.14345	6.14345	11.5268
k141_100324	2600	8.59714	8.59714	18.07
k141_53753	5955	14.778	14.778	43.3564
k141_42980	1839	9.44642	9.44642	21.9179
k141_61621	1756	8.1812	8.1812	12.9435
k141_61622	1934	7.35706	7.35706	11.0384
k141_53755	1958	6.32246	6.32246	11.9895
k141_100326	3990	16.9044	16.9044	41.8974
k141_90720	3038	11.874	11.874	16.4731
k141_61624	2775	26.1916	26.1916	138.105
k141_100327	1853	5.87434	5.87434	13.1499
k141_16664	7232	12.0799	12.0799	21.5783
k141_42987	2421	4.82739	4.82739	4.99044
k141_42989	1526	10.6374	10.6374	34.2371
k141_80503	3460	5.63807	5.63807	8.24911
k141_16670	2170	7.26436	7.26436	7.97469
k141_71789	1575	6.19719	6.19719	15.0504
k141_108501	12813	10.1613	10.1613	17.5921
k141_100331	2303	6.33209	6.33209	8.48961
k141_80504	1807	5.0338	5.0338	3.39016
k141_53760	6148	20.1704	20.1704	69.9257
k141_61631	1793	6.91114	6.91114	13.69
k141_53762	1525	12.3135	12.3135	24.5485
k141_16674	1542	7.75359	7.75359	16.3309
k141_61633	1985	6.10572	6.10572	9.03566
k141_23887	295782	50.6973	50.6973	133.81
k141_80513	1535	5.64982	5.65054	5.16246
k141_43000	2364	12.3433	12.3433	13.4925
k141_90734	5019	10.0626	10.0626	17.6501
k141_61636	2129	7.90854	7.90854	18.5633
k141_80515	1569	6.5666	6.5666	9.93829
k141_23890	2275	5.91294	5.91294	5.26313
k141_61637	1879	6.52227	6.52227	6.54826
k141_43005	2205	7.47835	7.47835	8.35289
k141_71795	7592	7.63921	7.63921	9.68873
k141_23893	2247	3.69766	3.69766	2.7196
k141_90741	2456	8.10147	8.10147	12.5407
k141_61638	2557	9.62194	9.62194	28.7574
k141_108503	12166	10.8127	10.8127	27.0679
k141_43008	2547	10.3112	10.3112	15.8839
k141_61639	2253	6.7185	6.7185	14.7409
k141_33415	45777	19.0302	19.0302	200.958
k141_53778	4480	7.80808	7.80808	11.5677
k141_80524	3272	9.88981	9.88981	12.8447
k141_90751	2024	6.34739	6.34739	5.71216
k141_43010	3177	8.93195	8.93195	16.5822
k141_23903	1784	7.56671	7.56671	14.122
k141_71802	3681	9.7672	9.7672	16.9786
k141_16687	6172	10.1881	10.1881	19.8536
k141_108506	4681	8.34076	8.34076	15.0459
k141_53781	3253	6.61328	6.61328	9.30966
k141_23905	3158	7.27693	7.27693	13.7088
k141_61653	1860	6.6193	6.6193	11.1851
k141_33418	8014	9.54209	9.54209	22.955
k141_80532	4015	9.36326	9.36326	18.5072
k141_71809	1562	6.52904	6.52904	11.8
k141_43017	2872	9.57531	9.57531	17.5277
k141_53788	2092	7.22657	7.22657	14.1865
k141_23913	1869	7.02094	7.02094	7.25451
k141_100340	21458	17.5313	17.5313	37.4206
k141_90764	2892	9.87017	9.87053	20.5068
k141_33426	1846	6.47936	6.47936	9.41202
k141_80533	7314	9.122	9.122	27.7077
k141_61662	2327	7.04639	7.04639	10.8613
k141_100342	1721	7.1184	7.1184	9.44455
k141_53790	2763	6.7876	6.7876	7.91153
k141_33429	1503	6.49076	6.49076	9.01196
k141_71817	2725	5.71883	5.71883	7.69396
k141_23919	1689	6.20273	6.20273	6.66236
k141_61664	2444	5.55536	5.55536	10.0038
k141_90769	2123	23.8186	23.8186	51.9438
k141_43022	7845	9.02716	9.02716	16.6906
k141_90770	1545	6.68889	6.68889	5.08107
k141_61665	3172	5.71674	5.71674	7.81245
k141_100352	1730	4.94241	4.94241	2.72056
k141_100353	1724	10.8996	10.8996	12.2544
k141_80543	1871	6.50261	6.50261	15.0757
k141_61667	1887	10.9637	10.9637	25.5776
k141_16705	8446	22.5515	22.5515	67.334
k141_71825	1853	5.28714	5.28714	10.4985
k141_100355	2595	8.24254	8.24254	19.1135
k141_61669	2152	5.11988	5.11988	8.0476
k141_80544	3217	7.07401	7.07401	18.1168
k141_53798	4788	9.76994	9.76994	22.6572
k141_90777	1728	6.67617	6.67617	20.6985
k141_71830	2386	11.1699	11.1699	46.1633
k141_108517	19559	15.9481	15.9481	32.4731
k141_53801	1940	6.28547	6.28547	5.98602
k141_100356	4656	9.70905	9.70905	15.5331
k141_108518	1813	9.71437	9.71437	26.5399
k141_53802	1756	7.33873	7.33873	12.0122
k141_90781	3654	8.75485	8.75485	16.1719
k141_100358	1888	10.4781	10.4781	33.637
k141_108521	1816	9.61765	9.61765	17.7677
k141_100360	2297	7.95622	7.95622	12.2609
k141_33431	17566	16.7381	16.7381	37.7474
k141_43045	3046	9.32873	9.32873	16.0417
k141_71839	3428	8.07932	8.07932	12.9275
k141_61671	9969	10.0082	10.0082	14.9733
k141_100363	3317	10.2775	10.2775	17.4261
k141_80556	5987	10.0509	10.0509	23.5944
k141_100365	1503	13.3725	13.3725	122.327
k141_90795	1775	18.7428	18.7428	45.5115
k141_16710	14919	27.8846	27.8846	68.2303
k141_80560	1500	8.17037	8.17037	5.62108
k141_71841	7815	11.5014	11.5014	26.7229
k141_108533	5235	34.0885	34.0885	164.506
k141_80561	3234	7.57231	7.57231	16.3587
k141_100373	1536	4.50216	4.50289	4.86244
k141_33441	4264	6.70248	6.70248	14.5937
k141_53811	9395	9.45841	9.45841	22.5312
k141_61674	10240	10.2362	10.2362	21.6748
k141_71848	2715	9.77466	9.77466	15.1988
k141_100377	2030	8.9133	8.9133	10.1984
k141_43049	14620	11.8587	11.8587	21.7104
k141_53816	2373	6.45929	6.45929	7.49872
k141_108543	3212	10.8632	10.8632	15.8412
k141_108544	2043	10.5378	10.5378	14.6471
k141_61682	2444	8.48736	8.48736	10.6172
k141_71850	4029	7.88708	7.88708	14.8326
k141_53819	2138	6.45825	6.45825	18.2325
k141_43053	1951	7.52915	7.52915	10.5393
k141_90818	2733	6.48819	6.48819	8.10746
k141_33451	2132	5.6998	5.6998	9.96482
k141_100380	6400	8.18448	8.18448	11.3209
k141_43056	2237	8.33158	8.33158	24.8237
k141_80566	11267	12.4991	12.4991	32.8087
k141_61690	2974	12.17	12.17	31.2328
k141_23920	46624	12.4423	12.4423	27.1308
k141_43057	2033	8.42326	8.42326	12.1698
k141_33455	4090	6.42893	6.42893	10.4074
k141_108552	5887	8.70455	8.70455	17.9262
k141_100387	1824	17.7491	17.7497	28.3324
k141_71852	9120	8.30769	8.30769	14.6921
k141_90821	5971	9.17059	9.17059	19.7341
k141_80570	2750	9.72808	9.72808	12.4113
k141_43058	2776	5.39375	5.39375	8.36538
k141_16715	21393	14.4155	14.4155	33.6646
k141_100388	1729	7.42305	7.42305	14.4469
k141_33458	2181	9.54407	9.54407	10.1704
k141_23924	1630	3.49932	3.49932	4.24611
k141_53820	10862	9.45034	9.45043	16.3617
k141_100389	1532	6.29595	6.29595	9.40621
k141_80573	2330	15.9748	15.9748	78.9853
k141_71853	4295	8.43957	8.43957	16.5862
k141_23925	3064	11.9245	11.9245	26.1253
k141_100391	2595	6.15665	6.15665	5.42101
k141_43065	1670	6.04342	6.04342	9.59657
k141_61692	10567	20.4729	20.4729	58.5829
k141_33465	1781	31.1588	31.1588	731.715
k141_53822	5114	10.9531	10.9531	30.7192
k141_90832	1841	9.87995	9.87995	49.8017
k141_108553	10049	19.9967	19.9967	53.6051
k141_100393	2842	9.57615	9.57615	12.1024
k141_43069	1530	6.92464	6.92464	18.1872
k141_71854	6745	12.6185	12.6185	23.6518
k141_100395	1933	10.1211	10.1211	20.3838
k141_80580	3370	8.21087	8.21087	10.1841
k141_33470	2033	7.87945	7.87945	14.2399
k141_16717	11483	10.3736	10.3736	17.0579
k141_53828	2809	8.09853	8.09853	19.8586
k141_43078	1978	7.40974	7.40974	8.34591
k141_80586	1690	5.92208	5.92208	8.8906
k141_53831	1896	7.42841	7.42841	14.3471
k141_33472	4527	13.6061	13.6061	43.9134
k141_61698	7410	13.9464	13.9464	47.9569
k141_23942	2938	9.37554	9.37554	24.1163
k141_43081	1576	10.1781	10.1781	30.4919
k141_100405	1742	7.09987	7.09987	13.2113
k141_16723	2079	6.39606	6.39606	6.65008
k141_33473	2679	8.68209	8.68248	18.7935
k141_100406	1512	5.49413	5.49413	8.07233
k141_16726	1890	9.54425	9.54425	20.186
k141_71855	11653	13.3958	13.3958	35.6182
k141_80594	3048	7.75362	7.75362	16.7801
k141_43087	1612	5.48906	5.48906	6.56629
k141_100410	1513	5.66691	5.66691	5.58796
k141_16727	2043	7.95457	7.95457	10.0444
k141_108561	12254	11.5632	11.5632	30.5158
k141_61707	2522	6.42664	6.42664	8.86474
k141_16728	3250	15.7826	15.7826	48.9218
k141_6008	135977	15.5145	15.5145	35.9534
k141_33478	4238	7.23068	7.23068	12.3577
k141_90864	2839	5.62588	5.62588	6.3176
k141_108563	2918	11.2771	11.2775	18.1167
k141_33479	1530	4.86377	4.86377	3.42305
k141_16730	1618	8.17507	8.17507	9.00203
k141_90865	1744	7.1054	7.1054	10.2312
k141_100418	1760	11.6845	11.6845	29.4342
k141_71857	7449	12.9373	12.9373	26.6563
k141_80606	1541	15.6254	15.6254	37.9856
k141_33480	2660	5.74263	5.74263	10.207
k141_100421	1827	7.34943	7.34943	24.1416
k141_6009	5500	9.19776	9.19776	15.7946
k141_71862	1607	5.31023	5.31091	5.30636
k141_90867	3269	10.5053	10.5053	17.7092
k141_43101	2073	6.47738	6.47738	10.3984
k141_71863	1742	9.09045	9.09045	7.22375
k141_100425	1884	9.25779	9.25779	15.417
k141_80613	1597	5.3414	5.3414	6.93592
k141_90868	1801	6.45972	6.45972	11.3381
k141_43102	1580	5.48182	5.48182	7.97966
k141_16731	7927	9.84184	9.84184	15.1508
k141_33486	3131	9.83328	9.83328	28.2417
k141_53832	21228	17.8931	17.8931	38.0506
k141_23972	1611	5.2512	5.2512	6.98
k141_6014	3620	12.5184	12.5184	21.28
k141_71865	4321	9.59482	9.59482	14.1086
k141_53833	1763	5.24055	5.24055	9.69648
k141_108568	10419	10.7489	10.7489	17.9637
k141_100433	2830	7.13993	7.13993	6.34211
k141_53834	3281	9.2191	9.2191	13.7865
k141_23974	2884	17.4565	17.4565	36.27
k141_61720	9226	9.5931	9.5931	12.5003
k141_6017	4536	6.21774	6.21774	11.2424
k141_71875	2695	6.69705	6.69705	10.2773
k141_80627	2048	8.65701	8.65701	14.0546
k141_16735	9972	8.83517	8.83517	18.0958
k141_108577	2225	10.3995	10.3995	24.0259
k141_100440	1624	5.1981	5.19878	3.72761
k141_23981	2066	6.55063	6.55063	10.3426
k141_53841	3206	6.83213	6.83213	13.1586
k141_71880	1631	5.73261	5.73261	9.74061
k141_90892	4010	7.60777	7.60777	8.7106
k141_33505	3326	8.78023	8.78023	17.034
k141_16737	2844	12.5999	12.5999	9.87756
k141_6029	1817	3.59628	3.59628	3.37771
k141_80628	6825	9.00105	9.00105	11.6225
k141_90898	1651	5.30113	5.30113	21.2707
k141_71885	3777	19.6769	19.6769	41.2802
k141_6032	2018	4.23073	4.23073	3.48556
k141_33507	2920	6.75884	6.75884	6.02059
k141_108588	1713	9.24888	9.24888	15.9963
k141_33508	2978	7.86598	7.86598	12.4712
k141_53846	5147	9.40344	9.40344	16.8076
k141_80634	1665	8.06799	8.06799	8.7926
k141_108590	2389	9.56498	9.56498	13.0538
k141_90907	1554	5.25499	5.25499	6.02474
k141_80636	1956	9.37043	9.37043	9.80236
k141_23993	4741	8.70551	8.70551	17.5935
k141_16741	10121	9.75218	9.75228	16.677
k141_90911	1753	10.1946	10.1946	57.6226
k141_16742	2867	9.37284	9.37284	22.8928
k141_43115	20029	14.4469	14.4469	32.288
k141_80638	3209	9.33475	9.33475	26.2287
k141_53847	7703	12.7441	12.7441	23.7253
k141_90913	1557	29.6702	29.6702	392.173
k141_23996	3519	35.0131	35.0134	156.615
k141_80640	2122	9.10193	9.10193	24.9946
k141_16748	1958	6.67754	6.67754	9.2435
k141_80644	1532	5.96961	5.96961	6.72172
k141_100441	20054	14.8508	14.8508	36.0678
k141_53852	2849	12.7799	12.7799	20.5149
k141_43124	1861	12.5593	12.5593	48.4943
k141_108608	4018	7.69235	7.69235	11.6127
k141_53853	1929	6.7566	6.7566	10.3856
k141_71891	17560	9.58731	9.58731	19.2749
k141_61722	29430	19.7762	19.7762	49.1926
k141_90916	7087	13.6491	13.6491	21.8864
k141_43129	1541	6.78577	6.78577	15.5742
k141_108611	3878	9.43428	9.43428	29.9712
k141_61724	3183	9.9245	9.9245	17.0645
k141_33528	7478	9.43504	9.43504	17.1757
k141_100442	5256	10.6843	10.6843	21.9413
k141_24005	6641	8.84132	8.84132	13.4688
k141_71895	4690	8.89427	8.89427	12.5189
k141_53862	1902	5.92637	5.92637	5.38177
k141_90926	1803	6.54749	6.54749	12.1849
k141_33534	1688	6.96749	6.96749	23.6619
k141_71900	2597	8.00858	8.00858	11.6038
k141_16749	15654	11.5619	11.5619	23.0984
k141_100450	1510	7.50588	7.50588	9.03452
k141_43144	1546	12.0645	12.0645	15.6445
k141_90927	2855	6.28244	6.28244	7.57852
k141_24007	5740	8.06369	8.06369	10.5355
k141_16750	1756	5.63138	5.63138	13.4367
k141_24008	1811	7.69597	7.69597	8.27679
k141_61735	3023	5.49774	5.49774	10.7215
k141_43145	2163	6.30104	6.30104	14.9709
k141_33538	3679	10.0691	10.0691	54.0385
k141_108630	3366	21.2295	21.2295	165.587
k141_100453	4424	8.94408	8.94408	18.5265
k141_53866	8130	15.9793	15.9793	29.3772
k141_43149	2004	5.72276	5.72276	6.44334
k141_53867	2384	9.29051	9.29051	8.34861
k141_24015	2239	7.66874	7.66874	8.23889
k141_61740	3315	6.67583	6.67583	10.9362
k141_108634	1679	10.0765	10.0772	12.1105
k141_108636	1638	7.87702	7.87702	9.97339
k141_6037	37813	16.0164	16.0164	47.2852
k141_16755	8510	9.92309	9.92309	15.6915
k141_100456	4501	9.92232	9.92232	15.8723
k141_80650	22945	19.6214	19.6214	49.4179
k141_108638	2582	11.0489	11.0489	14.7846
k141_53877	4735	7.45104	7.45104	10.1581
k141_108639	1628	8.523	8.523	14.4933
k141_16761	1559	5.63236	5.63236	4.896
k141_80652	1992	29.9739	29.9739	78.53
k141_33555	5346	16.9886	16.9886	57.5277
k141_6049	1889	13.7027	13.7027	49.3929
k141_43155	7298	9.67459	9.67459	18.129
k141_61750	5042	7.07502	7.07502	7.96223
k141_108643	3777	7.96995	7.96995	9.47363
k141_100472	1537	6.87167	6.87167	8.68765
k141_33559	1986	6.39107	6.39107	14.3113
k141_24039	2947	8.56525	8.56525	17.5505
k141_90939	18720	10.8335	10.8335	20.4758
k141_80665	1868	6.16647	6.16647	15.6521
k141_16762	9794	19.7648	19.7649	46.0103
k141_43162	2841	14.744	14.744	71.0395
k141_53879	10739	12.9566	12.9566	29.8386
k141_61755	2462	6.46843	6.46843	7.64507
k141_53882	1518	7.15643	7.15643	13.0027
k141_61756	2029	7.63491	7.63491	25.1828
k141_43166	2591	8.18394	8.18394	14.8567
k141_6065	1840	3.33373	3.33373	2.09695
k141_100490	2884	6.36503	6.36503	10.6995
k141_6067	1902	7.56336	7.56336	13.8314
k141_33562	11091	13.2178	13.2178	31.5026
k141_108653	9922	11.1878	11.1878	23.2833
k141_61766	1672	8.26807	8.26807	6.3844
k141_90959	2195	6.69242	6.69242	12.1085
k141_43172	4714	9.54097	9.54097	22.1671
k141_108654	3076	8.06425	8.06425	19.1653
k141_100491	3660	9.36211	9.36211	14.031
k141_53889	7235	8.40734	8.40748	15.6138
k141_80667	14079	9.95886	9.95886	20.051
k141_6068	4785	5.84574	5.84574	5.97449
k141_100493	2471	10.4339	10.4339	23.0129
k141_16783	2379	6.61238	6.61283	8.81803
k141_43178	1539	6.7329	6.7329	17.7953
k141_61770	5728	11.8153	11.8153	39.0721
k141_100495	3134	8.88673	8.88706	19.832
k141_16785	3064	7.63658	7.63658	13.2565
k141_61771	2156	20.824	20.824	38.6598
k141_43183	1657	7.01858	7.01858	6.69813
k141_90974	1816	6.30792	6.30792	8.89424
k141_53902	1745	7.58809	7.58809	8.61006
k141_108662	5330	9.16795	9.16795	14.0229
k141_16787	1934	6.96805	6.96805	15.1685
k141_80679	2052	8.42797	8.42797	25.4677
k141_90978	1573	6.3858	6.3858	9.93757
k141_33581	4798	10.2248	10.2248	28.9232
k141_61775	2106	6.2638	6.2638	10.6291
k141_100496	6934	11.6934	11.6934	25.7745
k141_16792	2559	6.25322	6.25322	9.63521
k141_61779	2319	8.44905	8.44905	11.6847
k141_90984	2237	10.6186	10.6186	24.6493
k141_16795	2102	6.08658	6.08658	4.87973
k141_80689	1620	18.415	18.415	29.9189
k141_53913	3527	27.9203	27.9203	150.031
k141_61780	2418	8.14638	8.14638	12.3156
k141_33588	3494	9.96561	9.96561	26.4275
k141_16798	1631	8.65361	8.65361	13.0333
k141_43197	5974	7.01769	7.01769	10.7743
k141_100501	2909	12.0388	12.0388	23.5819
k141_90985	3716	6.35025	6.35025	6.63991
k141_16801	2337	7.52126	7.52126	12.7382
k141_90986	1712	6.22535	6.22535	6.74353
k141_108680	2459	7.94976	7.94976	15.2765
k141_100503	2143	24.2619	24.2619	307.367
k141_53923	2143	9.98445	9.98445	19.224
k141_6089	11376	14.5215	14.5215	31.1651
k141_16808	1731	10.0835	10.0835	9.94865
k141_43209	1807	7.59384	7.59384	9.8018
k141_90988	4923	7.45359	7.45359	15.4435
k141_108684	2372	5.45185	5.45185	5.52919
k141_100504	5631	11.6838	11.6838	15.6011
k141_6090	5028	10.7116	10.7116	25.523
k141_16812	4205	7.57312	7.57312	16.116
k141_100507	2446	7.68249	7.68249	11.4159
k141_43213	6253	13.1004	13.1004	25.5915
k141_100511	1614	6.71585	6.71585	6.08052
k141_108690	4319	7.49364	7.49364	11.7803
k141_53931	7747	9.7836	9.7836	23.3196
k141_16817	2463	5.98271	5.98271	10.8128
k141_33595	14726	10.5143	10.5143	24.0159
k141_16821	1961	6.57151	6.57151	8.88812
k141_100517	3728	7.69592	7.69592	13.7537
k141_108691	5487	10.1461	10.1461	21.5643
k141_6091	14525	10.9927	10.9927	19.1129
k141_33596	5740	11.5252	11.5254	27.1597
k141_80698	25112	13.4745	13.4745	28.5858
k141_61794	20159	29.7989	29.7989	74.0557
k141_80699	1629	5.75186	5.75186	8.68195
k141_43216	11650	10.2749	10.2749	22.1856
k141_53949	2281	5.36274	5.36274	7.96844
k141_16827	2638	11.3083	11.3083	22.4193
k141_6097	1647	9.501	9.501	19.6822
k141_80701	3681	6.46219	6.46219	14.184
k141_91018	2634	7.09501	7.09501	8.37762
k141_53952	2664	7.12132	7.12132	10.4441
k141_91020	1603	6.86304	6.86304	7.3607
k141_43223	2302	10.2616	10.2616	19.377
k141_53956	2794	10.6641	10.6641	31.2769
k141_16833	3333	10.2372	10.2372	23.0388
k141_91022	3092	7.35724	7.35724	11.3546
k141_53958	1851	4.77014	4.77072	10.978
k141_33611	1987	8.2417	8.2417	13.6256
k141_24043	67194	19.0534	19.0534	41.6349
k141_91023	2489	8.08764	8.08764	13.9884
k141_108711	3323	8.83171	8.83202	18.9477
k141_16837	3906	11.5817	11.5817	16.3461
k141_24045	2268	8.144	8.144	14.4456
k141_43233	2321	11.8397	11.8397	20.0303
k141_91025	1776	7.2706	7.2706	9.34216
k141_80716	2496	8.26087	8.26087	13.9165
k141_24048	2106	7.56851	7.56851	12.7866
k141_71910	96629	21.3213	21.3213	47.5149
k141_100521	21624	11.3185	11.3185	21.4861
k141_91027	2580	6.67654	6.67654	12.0617
k141_108714	3744	7.99165	7.99165	11.8931
k141_53962	8852	14.5724	14.5724	38.7211
k141_100524	1923	6.71574	6.71574	7.01733
k141_16851	1732	9.47851	9.47851	18.0876
k141_24052	2654	9.41414	9.41414	11.5156
k141_91030	1692	5.56291	5.56291	10.533
k141_108718	2974	9.40262	9.40297	18.4208
k141_16854	2126	5.38765	5.38765	5.9601
k141_61797	21491	13.2453	13.2453	30.8577
k141_91032	3013	14.7174	14.7174	54.9086
k141_80717	9048	9.14127	9.14127	14.2167
k141_24055	3068	7.26045	7.26045	10.5416
k141_53971	1505	10.2731	10.2731	29.184
k141_61799	2073	8.66355	8.66355	11.0684
k141_100532	2137	7.19376	7.19376	20.4585
k141_108721	3444	7.3895	7.3895	13.9543
k141_108722	1501	5.84678	5.84678	14.5624
k141_61801	2409	5.99779	5.99779	7.73903
k141_80725	3592	11.1171	11.1171	21.0314
k141_33617	17587	40.9554	40.9554	127.558
k141_24066	1841	9.81549	9.81549	26.5931
k141_53977	2245	19.2902	19.2902	41.6474
k141_61805	1518	9.50439	9.50439	17.0665
k141_91033	9086	57.7374	57.7374	918.895
k141_16870	1522	6.31122	6.31122	13.4909
k141_108728	2357	12.4092	12.4092	17.1721
k141_80728	2068	10.6872	10.6872	32.4374
k141_71944	1636	6.38964	6.38964	5.14977
k141_16874	1567	10.3797	10.3804	8.11998
k141_33624	3407	13.5134	13.5134	39.4794
k141_43234	23058	13.1409	13.1409	23.1047
k141_61813	1783	6.14268	6.14268	7.75963
k141_80730	2620	8.07206	8.07206	12.8598
k141_71949	2502	15.9787	15.9787	39.5444
k141_91036	3258	7.65927	7.65927	14.8753
k141_100551	1936	6.82027	6.82027	18.4655
k141_61814	2491	5.96412	5.96412	9.16701
k141_24078	2226	5.25626	5.25626	5.57669
k141_33630	1776	11.1882	11.1882	33.7861
k141_108739	2164	10.4861	10.4861	14.8141
k141_71954	1797	9.83789	9.83789	25.5687
k141_91042	2276	8.25118	8.25118	10.9958
k141_24080	3028	6.73489	6.73489	11.3447
k141_108743	1874	6.68387	6.68387	11.2226
k141_16887	2628	7.88055	7.88055	16.0858
k141_71960	1898	4.73684	4.73684	3.74529
k141_33639	1985	6.44033	6.44033	8.1201
k141_61816	8164	9.60407	9.60407	17.2911
k141_108745	2117	6.29995	6.29995	4.20499
k141_16892	1506	5.60472	5.60472	4.99493
k141_53990	11704	11.7376	11.7376	18.8664
k141_108748	1738	7.35327	7.35327	8.99615
k141_100567	2204	10.9163	10.9163	37.5194
k141_24096	1629	8.30291	8.30358	7.60938
k141_71971	1618	6.42507	6.42507	8.1137
k141_16895	4146	10.4184	10.4184	16.6035
k141_61820	5585	9.33689	9.33689	15.8177
k141_24099	1964	5.31808	5.31808	4.89655
k141_53992	5413	9.35322	9.35322	19.0256
k141_53993	2355	8.81315	8.81315	7.0794
k141_16904	1754	6.09476	6.09476	7.62409
k141_80737	18835	12.4269	12.4269	27.467
k141_61828	3760	8.83463	8.8349	19.6622
k141_71977	4951	12.4324	12.4324	52.7468
k141_24110	1602	4.94353	4.94353	4.14843
k141_33643	13034	14.9482	14.9482	32.5578
k141_16906	3862	6.31708	6.31708	13.1382
k141_100575	9406	10.3773	10.3773	23.2309
k141_54000	2759	9.62399	9.62399	11.1716
k141_6102	63181	33.7788	33.7788	80.3243
k141_54002	1950	8.02833	8.02833	10.2443
k141_80746	1549	6.94568	6.94568	8.30468
k141_91046	23267	15.5204	15.5204	30.1461
k141_43248	23747	15.1331	15.1331	33.0087
k141_80747	1757	9.02738	9.02738	26.7361
k141_16909	5638	9.73998	9.74016	11.4158
k141_61837	2893	15.8287	15.8287	44.532
k141_91052	1960	6.12541	6.12541	5.59675
k141_16910	2297	6.13833	6.13833	9.33918
k141_100578	6812	8.46172	8.46172	22.9351
k141_54006	5102	9.16922	9.16922	23.9082
k141_16912	1807	5.44961	5.44961	3.9988
k141_33644	11894	15.8712	15.8712	37.5348
k141_61842	1739	6.9635	6.9635	14.2279
k141_43258	1687	17.5062	17.5062	125.53
k141_33646	1521	5.67323	5.67323	6.57779
k141_24130	4704	5.9058	5.9058	7.79765
k141_61847	1754	12.8186	12.8186	50.9548
k141_43259	2807	9.58224	9.58224	20.1891
k141_33649	1626	5.04133	5.04133	4.3393
k141_91058	3578	16.3069	16.3069	62.8974
k141_100583	3706	12.6803	12.6803	35.2759
k141_33653	1566	6.41314	6.41314	7.40592
k141_61851	2525	6.704	6.704	17.9684
k141_16922	3814	11.9637	11.9637	32.8778
k141_6124	2994	6.88467	6.88467	15.6882
k141_80765	5744	16.8482	16.8482	60.4414
k141_108755	29726	15.5876	15.5876	38.2495
k141_100588	1631	7.1553	7.1553	7.96517
k141_33661	1812	6.8213	6.8213	11.416
k141_80768	2055	7.90761	7.90761	10.8067
k141_24144	2779	6.10498	6.10498	10.9198
k141_6127	3130	9.7094	9.70973	41.0481
k141_16931	1994	7.81941	7.81941	10.2935
k141_100597	1878	11.9491	11.9491	15.7426
k141_108759	7131	11.2301	11.2301	23.0528
k141_43278	2794	39.7867	39.7867	64.8815
k141_61856	8617	9.73485	9.73485	18.7757
k141_91076	1993	5.17309	5.17309	5.85551
k141_6137	2376	5.32615	5.32615	4.0455
k141_80769	7958	53.4625	53.4625	150.2
k141_43283	2253	11.8616	11.8616	20.2573
k141_91079	1600	7.49586	7.49586	9.64008
k141_100606	1676	6.77326	6.77326	7.15118
k141_33662	12208	9.80386	9.80386	16.1008
k141_54013	20184	11.0954	11.0954	26.4062
k141_61864	2773	6.04232	6.04232	11.6409
k141_91080	1557	8.34968	8.34968	17.2119
k141_61865	1893	6.25473	6.25473	9.56773
k141_6146	1974	5.61732	5.61732	4.70046
k141_100612	1805	6.75831	6.75831	15.4228
k141_91081	2538	4.93425	4.93425	3.98183
k141_54015	3095	10.0289	10.0289	16.7434
k141_33671	1805	6.11299	6.11299	8.63478
k141_108775	2715	6.49162	6.49162	7.80616
k141_91087	1718	6.07844	6.07844	7.0411
k141_6149	4330	8.80024	8.80024	13.284
k141_54023	1573	5.55446	5.55446	17.4428
k141_61867	7577	9.64144	9.64144	16.6325
k141_24148	18543	12.2036	12.2036	20.4793
k141_43296	3340	9.37712	9.37712	14.948
k141_108777	2148	5.82583	5.82583	12.6517
k141_33677	1804	7.2769	7.2769	7.05697
k141_71978	45968	13.7403	13.7403	41.1103
k141_100617	7107	7.70979	7.70979	10.2854
k141_6150	4681	12.9985	12.9987	42.5737
k141_91095	1582	7.67598	7.67598	15.6908
k141_43297	3515	72.7938	72.7938	193.048
k141_33682	1628	7.02097	7.02097	9.06579
k141_61871	3287	5.9219	5.9219	8.01829
k141_108779	4243	13.8214	13.8214	32.4947
k141_16954	14035	11.3805	11.3805	21.0145
k141_71983	3300	7.97524	7.97524	6.4478
k141_43298	2716	7.50156	7.50156	8.75612
k141_24153	4298	9.27821	9.27821	19.627
k141_108781	2306	7.17718	7.17718	9.06095
k141_91101	1770	8.59198	8.59198	13.0287
k141_24154	2630	7.22984	7.22984	9.53166
k141_61874	4362	12.9891	12.9891	28.5467
k141_71988	1772	4.90444	4.90444	9.48441
k141_108786	1826	6.25537	6.25537	6.05421
k141_16958	5616	11.8875	11.8875	32.9794
k141_6161	2242	12.4928	12.4928	17.2515
k141_24160	2810	9.72594	9.72594	12.897
k141_16961	1896	4.66495	4.66495	2.23669
k141_61886	2939	7.22051	7.22051	8.1855
k141_108794	2636	6.15447	6.15447	9.67113
k141_24165	2429	8.80693	8.80693	13.1682
k141_54026	21653	15.4514	15.4514	30.2719
k141_108795	1818	4.44305	4.44305	5.43588
k141_61889	2164	7.61271	7.61271	9.74167
k141_16969	1801	10.6445	10.6445	19.4922
k141_72003	2497	8.59054	8.59054	12.1669
k141_61890	3008	6.85794	6.85794	14.8702
k141_6168	5690	13.811	13.811	27.7975
k141_24177	2157	7.98306	7.98306	12.1063
k141_72005	2195	7.32861	7.32861	10.7041
k141_91122	2542	7.95276	7.95276	14.6625
k141_33693	12787	22.7598	22.7598	91.8638
k141_100620	21257	10.4976	10.4976	21.1365
k141_54032	4472	25.9577	25.9577	115.719
k141_16970	6163	8.06037	8.06037	12.8621
k141_54034	1893	7.87435	7.87435	16.2374
k141_16971	4003	9.22943	9.22943	15.9044
k141_72013	3030	10.0969	10.0969	23.7269
k141_108811	2034	9.08811	9.08811	22.4851
k141_43301	22665	11.2455	11.2455	22.5081
k141_6177	3111	8.52921	8.52921	9.19786
k141_80772	42747	18.0122	18.0122	40.9663
k141_54041	3794	22.9887	22.9887	72.7512
k141_43304	1546	6.97994	6.97994	11.2412
k141_6178	3395	6.64222	6.64222	10.3002
k141_43305	1592	6.15395	6.15395	10.7132
k141_100626	7897	8.61456	8.61456	15.3651
k141_72014	6040	8.1618	8.1618	11.4754
k141_33696	9506	8.99583	8.99583	25.0455
k141_16981	3406	7.20086	7.20086	13.0398
k141_80779	1965	8.33499	8.33499	6.9936
k141_61891	16744	19.376	19.376	46.6158
k141_54043	4232	8.55684	8.55684	13.0681
k141_6184	1606	6.3331	6.3331	17.9405
k141_72023	3651	6.42788	6.42788	13.6575
k141_80785	3857	9.24144	9.24144	13.4363
k141_100631	4061	7.76093	7.76093	17.0156
k141_33703	5012	7.07343	7.07343	14.526
k141_100632	4390	8.24127	8.24127	14.6159
k141_33707	1606	11.4952	11.4952	23.8736
k141_54055	2172	7.79476	7.79476	14.6847
k141_61906	3547	6.93877	6.93877	9.79664
k141_24179	28938	15.8738	15.8738	41.1645
k141_80791	5617	6.55478	6.55478	10.0112
k141_24180	2515	6.28837	6.28837	8.70108
k141_80793	1750	8.98625	8.98687	7.48135
k141_6197	8867	11.2865	11.2865	20.051
k141_61911	4646	13.0038	13.0038	37.0651
k141_6198	2152	8.70979	8.70979	20.0451
k141_24187	2918	7.78793	7.78793	18.3082
k141_72026	12924	9.53092	9.53092	16.6191
k141_54064	5643	10.4932	10.4934	21.0606
k141_100634	7778	8.12402	8.12415	14.0957
k141_61915	2417	8.20688	8.20688	11.6363
k141_24189	1525	4.86909	4.86909	3.65827
k141_54065	2098	7.79928	7.79928	9.23905
k141_6200	4287	6.82838	6.82838	8.87238
k141_24191	1991	10.1483	10.1483	28.5198
k141_100640	2583	11.6025	11.6025	15.1862
k141_61921	3523	5.69612	5.69612	7.44119
k141_80812	4167	8.88051	8.88051	15.2447
k141_24198	1630	5.21351	5.21351	5.5568
k141_108819	34249	90.1877	90.1877	417.901
k141_72040	4141	9.38186	9.38186	20.9318
k141_61922	4127	9.19688	9.19688	14.9811
k141_6212	1762	5.51923	5.51923	9.59427
k141_80820	2110	6.87092	6.87092	9.68169
k141_72042	1706	5.05977	5.05977	7.28838
k141_43307	38225	14.3591	14.3591	29.6741
k141_72044	3487	11.6892	11.6892	26.9648
k141_100642	11580	10.8667	10.8667	17.3806
k141_80828	3571	7.27711	7.27711	11.6964
k141_24206	6700	12.0293	12.0293	31.3865
k141_33713	26295	13.1642	13.1642	29.1885
k141_72047	2914	6.15195	6.15195	7.35438
k141_108831	2052	5.95426	5.95426	9.40712
k141_43315	3247	9.30158	9.3019	16.7061
k141_100645	4234	8.78893	8.78893	16.2302
k141_61933	7226	7.61249	7.61249	13.962
k141_72051	1577	5.69727	5.69797	11.3316
k141_80835	4483	7.8186	7.8186	7.64714
k141_33721	1662	9.27712	9.27712	9.24082
k141_24210	6555	7.85839	7.85839	13.0737
k141_108838	3999	6.37776	6.37776	7.16548
k141_100651	2169	9.73502	9.73502	22.8164
k141_33722	3508	9.28529	9.28559	15.7304
k141_80836	3683	6.51288	6.51288	11.1282
k141_6237	1739	7.34047	7.34047	11.0282
k141_80838	2512	8.37892	8.37892	14.5957
k141_24217	2023	6.61559	6.61559	7.60858
k141_61936	8542	16.9146	16.9146	52.5569
k141_100653	5688	11.2239	11.2241	28.1324
k141_33731	1916	6.94564	6.94564	9.78056
k141_61939	1975	6.54027	6.54027	12.6213
k141_43336	2479	3.83383	3.83383	4.48313
k141_54091	20199	9.40596	9.40596	19.5798
k141_24224	1687	3.88744	3.88744	6.79398
k141_6242	3763	9.02491	9.02519	20.9369
k141_100656	1579	7.17565	7.17565	11.495
k141_61944	1623	5.42295	5.42295	4.08391
k141_43339	2491	6.9308	6.9308	12.778
k141_54092	3723	9.10607	9.10607	19.5976
k141_108846	9866	7.61867	7.61867	13.1502
k141_24233	1845	13.0596	13.0596	29.7196
k141_72064	11577	10.3727	10.3727	23.7291
k141_6248	1796	5.9435	5.9435	11.3336
k141_80844	10762	11.4122	11.4122	27.5332
k141_61954	1524	3.71397	3.71397	3.41193
k141_16986	66227	14.7684	14.7684	30.3645
k141_43347	3185	7.64152	7.64152	12.7672
k141_80846	2239	5.59454	5.59454	12.2114
k141_108852	1672	5.25164	5.25164	5.21936
k141_33735	8700	10.2311	10.2311	20.6749
k141_80847	2180	17.4502	17.4502	54.776
k141_72070	1892	6.43743	6.43743	8.42197
k141_33738	1614	4.40096	4.40096	4.52336
k141_100660	9181	10.067	10.067	17.4081
k141_61958	3219	9.73118	9.73151	18.2891
k141_6257	1812	7.05716	7.05716	6.34413
k141_108856	1635	6.31448	6.31448	12.6795
k141_43353	2021	10.0219	10.0219	20.7091
k141_24245	2132	5.59132	5.59132	9.88252
k141_54109	3693	8.25148	8.25148	15.4
k141_80851	2945	11.5503	11.5503	30.4293
k141_6259	2983	10.1613	10.1613	13.867
k141_33742	2602	11.3507	11.3507	15.1728
k141_43355	2031	3.84742	3.84742	4.31032
k141_61959	5223	8.58664	8.58664	20.9704
k141_6260	1886	10.5144	10.5144	18.7513
k141_72078	1715	4.28946	4.28946	2.91039
k141_54114	1663	8.07469	8.07469	8.14457
k141_108864	1802	9.30024	9.30024	22.3883
k141_72082	2027	5.33458	5.33458	6.01487
k141_33745	2895	5.83971	5.84007	8.19494
k141_16990	11048	12.1534	12.1534	24.7009
k141_91141	83430	29.36	29.36	71.9422
k141_54117	2878	9.49633	9.49633	19.5446
k141_43365	1902	6.37957	6.37957	6.84899
k141_16993	2058	5.27725	5.27725	10.7447
k141_24249	9208	10.7004	10.7004	18.7691
k141_72089	1991	4.78001	4.78001	2.77929
k141_33751	1936	5.31803	5.31803	11.8606
k141_6265	6995	10.5963	10.5963	30.7909
k141_100669	8927	9.69238	9.69238	20.1743
k141_16997	1778	5.64312	5.64312	7.43073
k141_61961	8754	10.8705	10.8705	23.3786
k141_6267	2245	8.0759	8.0759	8.93936
k141_24250	2780	6.43004	6.43004	14.1952
k141_91144	6711	10.6241	10.6241	28.5011
k141_43366	9358	9.06788	9.06788	15.5674
k141_108878	1746	5.25501	5.25501	9.02272
k141_80854	13600	10.5668	10.5668	14.782
k141_61965	2307	45.7483	45.7483	266.687
k141_100673	2177	7.67094	7.67094	10.1162
k141_54126	5015	9.43351	9.43351	17.6525
k141_80856	1883	9.5678	9.5678	17.5849
k141_6270	4625	9.72134	9.72134	25.1227
k141_54128	2342	32.6811	32.6811	402.767
k141_100680	2219	8.61382	8.61382	13.3822
k141_108885	3694	9.01129	9.01129	30.9945
k141_43368	5474	7.75601	7.75601	14.4541
k141_80864	2293	8.77462	8.77462	20.241
k141_72108	2984	8.64996	8.65032	8.24373
k141_17001	13369	11.3391	11.3391	24.9463
k141_24252	11446	14.1636	14.1636	28.6034
k141_54133	2188	6.36752	6.36752	6.91201
k141_80867	2827	6.15017	6.15017	5.3751
k141_108891	2962	6.02027	6.02027	8.08523
k141_100685	4131	14.9241	14.9241	27.8586
k141_6285	2457	11.7412	11.7412	17.1327
k141_33762	11133	11.3651	11.3651	23.5759
k141_17006	2299	5.49465	5.49465	4.6272
k141_91162	6176	9.22735	9.22735	21.1059
k141_72117	2361	7.89869	7.89869	12.8767
k141_54137	3505	6.92787	6.92787	8.65617
k141_100692	1557	5.29353	5.29424	5.34156
k141_24258	5846	10.6554	10.6554	25.8881
k141_91165	1628	6.87077	6.87077	10.103
k141_17011	1948	7.89989	7.89989	9.44897
k141_33770	2231	6.74195	6.74195	14.1665
k141_61975	9972	11.5879	11.5879	23.1651
k141_80874	4320	10.1751	10.1751	18.5243
k141_108901	1524	4.8952	4.8952	6.66928
k141_91171	1531	4.90587	4.90587	8.21718
k141_43369	13024	18.418	18.418	49.4788
k141_33774	2047	10.1629	10.1629	20.7345
k141_80877	2179	6.03598	6.03598	12.7586
k141_17014	3919	9.75988	9.75988	23.4993
k141_54139	6943	8.10349	8.10349	15.751
k141_17015	2372	11.3132	11.3132	19.6865
k141_24267	4681	6.96601	6.96601	14.88
k141_43371	2556	5.70116	5.70116	9.02199
k141_33778	2318	7.506	7.50646	23.7859
k141_80883	1579	6.52064	6.52064	9.58449
k141_100694	11071	11.8603	11.8603	27.9805
k141_54145	1714	4.00256	4.00256	5.36271
k141_17021	1941	7.17253	7.17253	6.83778
k141_33780	4669	10.0701	10.0701	24.6356
k141_17023	1776	7.66359	7.66359	10.4314
k141_108917	1914	8.26587	8.26587	12.6932
k141_43373	5834	13.4127	13.4127	32.1804
k141_100703	1675	8.76787	8.76787	26.2664
k141_80892	3384	6.14162	6.14162	10.348
k141_72124	15656	14.3517	14.3517	35.6897
k141_17025	1942	5.81864	5.81864	5.71865
k141_43374	1899	4.62893	4.62893	3.31471
k141_24276	4489	13.6193	13.6193	42.3745
k141_33784	2995	7.09315	7.09315	5.93047
k141_24277	1606	6.81937	6.81937	9.85125
k141_72125	1963	6.85383	6.85383	11.5577
k141_17027	1608	6.738	6.738	7.88187
k141_100705	3990	9.13437	9.13437	17.3891
k141_108919	5174	9.35131	9.35131	21.287
k141_43375	3494	15.6319	15.6319	52.417
k141_80898	3627	7.61087	7.61087	11.9128
k141_6291	23160	17.023	17.023	38.5657
k141_72128	2325	8.87494	8.87494	13.5694
k141_33788	1506	5.23746	5.23746	8.52068
k141_17033	1761	8.59094	8.59094	19.5762
k141_43382	2733	6.60317	6.60317	9.44784
k141_54166	1607	9.08785	9.08785	17.4361
k141_72133	1736	9.45712	9.45712	16.1739
k141_6297	1705	8.72669	8.72669	12.2013
k141_80908	1501	4.27905	4.27905	5.39527
k141_33790	5061	8.3146	8.3146	15.7297
k141_100721	1972	6.29693	6.29693	9.63011
k141_54168	3305	10.9496	10.9496	26.9232
k141_72136	2410	28.0438	28.0438	83.5275
k141_91172	25674	14.9059	14.9059	38.3576
k141_6301	2402	6.84591	6.84591	7.66397
k141_108930	2852	5.89452	5.89452	6.62443
k141_43388	1647	5.79359	5.79359	9.8257
k141_33792	1551	9.77159	9.77159	7.6664
k141_100723	2112	7.45413	7.45413	13.2314
k141_24297	3134	7.6994	7.6994	8.06623
k141_43389	2531	5.83074	5.83074	5.03059
k141_17044	3244	6.69974	6.69974	14.3318
k141_6304	2184	7.04769	7.04769	12.8314
k141_33793	1883	6.40508	6.40508	9.88085
k141_54173	3992	10.1098	10.1098	13.0648
k141_80914	5321	14.2899	14.2899	29.6423
k141_24298	1713	7.61932	7.61932	13.8542
k141_72145	1514	6.34457	6.34457	11.7858
k141_100729	1857	3.65202	3.65202	2.85538
k141_91180	3462	9.1564	9.1564	15.0067
k141_108934	5584	17.9516	17.9516	265.224
k141_17046	2575	8.33732	8.33732	14.3664
k141_17048	1686	7.82943	7.82943	10.6053
k141_6312	1953	7.54077	7.54077	11.4924
k141_72148	2453	6.94399	6.94399	10.8852
k141_108937	2166	5.43204	5.43204	10.0441
k141_33797	4776	8.49697	8.49697	14.3188
k141_80922	1802	7.50121	7.50121	10.748
k141_6313	1869	5.77603	5.77603	9.9783
k141_17049	2704	8.22514	8.22514	14.3805
k141_108938	2453	7.51455	7.51455	11.9406
k141_72149	4137	7.18435	7.18435	12.6672
k141_33801	1536	4.27273	4.27273	4.93208
k141_43395	7243	8.04117	8.04117	16.9103
k141_80924	2299	8.63378	8.63378	23.4671
k141_24314	1518	7.19956	7.19956	14.3369
k141_91188	2431	6.57957	6.57957	9.19906
k141_100737	3628	9.98361	9.98361	25.7394
k141_33804	2116	8.04476	8.04476	27.0839
k141_72153	1911	12.1164	12.1164	25.0722
k141_17052	4919	10.6324	10.6324	17.6312
k141_24319	2216	10.2648	10.2648	13.7822
k141_43399	2899	9.87268	9.87268	13.5726
k141_17053	2000	7.59459	7.59459	21.3955
k141_91193	4459	10.6417	10.6417	16.4212
k141_80932	2237	6.82367	6.82367	6.0226
k141_24321	2633	7.89569	7.89569	18.6842
k141_33807	5181	11.7078	11.7078	27.015
k141_43406	1726	6.58693	6.58693	10.6883
k141_72161	2221	8.70401	8.70401	26.765
k141_80938	1630	6.45743	6.45743	4.24703
k141_17060	1593	7.12751	7.12751	8.71467
k141_80940	2714	5.74376	5.74376	7.39547
k141_43410	1950	11.1683	11.1683	14.1579
k141_24323	8137	7.62351	7.62351	12.8399
k141_100755	2777	8.59345	8.59345	16.4881
k141_43414	2290	7.54766	7.54766	13.039
k141_6315	16829	10.933	10.933	23.3031
k141_108961	4920	8.52096	8.52096	20.9687
k141_91202	2283	6.28223	6.28223	7.0978
k141_33819	2470	10.4802	10.4802	16.5852
k141_100759	1839	6.55417	6.55417	10.2708
k141_17069	2121	7.70066	7.70066	14.4617
k141_108963	1788	12.2149	12.2149	42.3279
k141_72173	1907	5.75868	5.75868	5.74469
k141_24329	2504	8.8853	8.8853	18.4577
k141_43420	1598	6.67541	6.67541	10.7184
k141_72174	2113	8.63321	8.63321	14.5708
k141_80951	4535	6.98951	6.98974	15.0852
k141_108967	1925	9.17916	9.17916	22.8698
k141_33822	5116	13.349	13.349	27.7334
k141_54183	33235	18.2324	18.2324	36.3605
k141_108969	5521	8.75889	8.75908	17.3559
k141_17075	6296	13.577	13.577	33.1363
k141_80959	1807	9.09596	9.09596	20.6507
k141_24348	1507	4.23803	4.23803	5.59153
k141_72185	1813	6.43235	6.43235	6.66196
k141_100780	1906	9.6361	9.6361	28.3742
k141_24352	1654	7.74934	7.74934	12.8733
k141_54187	2823	8.9566	8.9566	26.3162
k141_43433	4914	9.09278	9.09278	18.8289
k141_17083	2201	4.27109	4.27109	3.15969
k141_24354	2093	8.48482	8.48482	18.4795
k141_100781	4353	13.8128	13.8128	30.0308
k141_33829	10935	10.3464	10.3464	19.2362
k141_43434	5069	8.753	8.753	9.69687
k141_24358	2461	7.83384	7.83384	22.8315
k141_54196	1519	7.54419	7.54419	20.1708
k141_6353	2074	7.53638	7.53638	9.14228
k141_72201	1605	7.25773	7.25773	25.3703
k141_108989	3163	11.5144	11.5144	19.1551
k141_72202	1796	8.59478	8.59478	10.3189
k141_24360	4355	6.76243	6.76243	10.7944
k141_6356	4926	10.8867	10.8867	25.5
k141_54198	6311	9.44522	9.44522	15.1659
k141_108990	5213	7.30358	7.30358	11.3707
k141_54199	2603	7.31594	7.31594	8.31076
k141_91204	26780	16.4033	16.4033	38.8086
k141_72212	1521	5.10284	5.10284	10.069
k141_17088	12976	21.3597	21.3597	47.7395
k141_33837	8571	13.8688	13.8688	39.9234
k141_108992	3561	7.82468	7.82468	18.8543
k141_72213	2573	5.50887	5.50887	6.13522
k141_91206	2658	6.07974	6.07974	15.634
k141_6363	3033	7.83593	7.83593	8.41994
k141_17089	3114	7.03441	7.03441	9.41896
k141_54208	2088	7.98452	7.98452	24.7813
k141_17090	2979	6.57476	6.57476	11.2169
k141_43454	1735	6.4694	6.4694	7.04471
k141_24374	6873	10.2407	10.2407	21.9938
k141_108999	1700	8.75935	8.75935	8.79614
k141_54209	1972	4.79912	4.79912	4.7339
k141_43457	2725	10.725	10.725	20.8304
k141_24378	1877	6.70064	6.70064	6.57837
k141_17097	1505	5.70037	5.70037	17.6281
k141_33850	2130	5.64141	5.64141	7.08413
k141_6372	3882	7.44989	7.44989	15.9958
k141_109000	4605	6.40786	6.40786	12.6982
k141_24380	1564	5.19095	5.19095	8.04139
k141_72218	7950	20.7083	20.7083	67.1204
k141_33852	1572	7.62869	7.62869	5.43274
k141_72219	1704	8.51609	8.51609	24.4609
k141_54221	1632	7.52969	7.52969	7.91444
k141_80963	37459	17.2519	17.2519	37.7372
k141_33853	2571	35.0611	35.0611	94.5004
k141_17103	1811	7.04214	7.04214	6.75608
k141_6378	2296	4.66822	4.66822	3.59335
k141_109005	1629	6.60514	6.60514	12.7493
k141_24386	1719	4.08859	4.08859	2.85758
k141_54222	2367	7.59765	7.59765	14.0061
k141_80966	1647	9.31196	9.31196	19.0156
k141_72221	3397	6.54573	6.54573	8.824
k141_43470	2612	7.82291	7.82291	8.57237
k141_109010	1544	9.85725	9.85725	12.5647
k141_54226	1510	7.42721	7.42721	16.1271
k141_17110	2725	6.66252	6.66252	18.5089
k141_24388	4888	18.129	18.129	43.5228
k141_6382	5112	11.3023	11.3023	13.1624
k141_43478	1809	9.70826	9.70886	23.0873
k141_33865	2376	6.22372	6.22372	13.2785
k141_109013	3406	8.40418	8.40418	16.1705
k141_17114	2426	7.64719	7.64719	8.33565
k141_72230	2891	6.60525	6.60525	13.8084
k141_54230	3590	10.5017	10.5017	15.7168
k141_43485	1568	5.07405	5.07405	5.65084
k141_6385	3972	7.7797	7.7797	10.5193
k141_109017	2601	7.98164	7.98164	21.4122
k141_80972	10654	8.73448	8.73448	20.3705
k141_54234	2013	7.94096	7.94096	17.2058
k141_91208	29730	14.802	14.802	33.541
k141_24390	7128	16.1396	16.1396	32.4992
k141_100790	37940	18.8754	18.8754	40.68
k141_43491	1966	5.12996	5.12996	6.00071
k141_54235	2485	7.10707	7.10707	9.74179
k141_109021	1984	6.27754	6.27754	6.88583
k141_24391	2638	8.19654	8.19654	9.27262
k141_43492	1706	7.08933	7.08933	17.6004
k141_72237	1729	8.96897	8.9696	17.3628
k141_80976	2472	7.8553	7.8553	13.5706
k141_17117	8570	11.9291	11.9291	23.9035
k141_91216	2363	6.95165	6.95165	11.4529
k141_100796	2573	8.85473	8.85473	11.5645
k141_72238	5201	15.0004	15.0004	39.2024
k141_43500	1600	9.67931	9.67931	8.61555
k141_109022	5433	7.39012	7.39012	11.874
k141_6394	5671	11.8928	11.8928	39.9844
k141_100798	1542	5.32615	5.32687	7.26114
k141_17123	2576	8.72465	8.72506	13.3294
k141_54248	1964	11.3082	11.3082	26.5465
k141_80984	1830	5.67857	5.67857	8.33023
k141_72240	3009	6.98461	6.98461	9.99413
k141_24404	1602	5.65427	5.65427	9.54954
k141_6395	2642	8.51525	8.51525	20.1239
k141_54250	1873	7.39524	7.39524	18.7549
k141_24405	1750	14.0006	14.0006	19.4202
k141_6396	1919	6.21425	6.21425	10.4422
k141_54252	1985	5.94659	5.94659	8.96986
k141_91227	1533	23.0716	23.0723	68.6241
k141_72245	2312	8.29232	8.29232	15.4499
k141_24407	1694	9.44106	9.44106	13.6893
k141_17133	1505	3.63838	3.63838	2.3551
k141_100804	3355	10.6477	10.6477	21.7476
k141_54253	2517	4.63667	4.63667	8.35316
k141_80987	5811	8.76223	8.76223	17.8771
k141_100805	1757	13.6241	13.6241	75.8536
k141_24408	2956	6.2484	6.2484	6.75576
k141_61989	126870	31.5877	31.5877	67.1606
k141_91236	2415	10.7192	10.7192	21.195
k141_80991	2229	10.1616	10.1616	15.9122
k141_109024	11104	9.33659	9.33659	18.4281
k141_91237	1536	5.18831	5.18831	5.79053
k141_17141	3655	8.97546	8.97546	11.0833
k141_43509	8409	9.1505	9.1505	17.0115
k141_43510	1519	5.69175	5.69175	9.9971
k141_109028	1695	11.9974	11.9974	22.3355
k141_100810	4719	9.38433	9.38433	15.9718
k141_24420	1626	7.09146	7.09146	4.67704
k141_109029	1832	3.6082	3.6082	2.44783
k141_72263	1697	5.46089	5.46089	6.87217
k141_43513	3168	9.26375	9.26375	16.6413
k141_72264	2081	5.80425	5.80425	14.2289
k141_24427	1507	5.26971	5.26971	5.00094
k141_54271	1628	7.29296	7.29296	10.7571
k141_72265	2352	7.31971	7.31971	9.54238
k141_43515	2637	8.36992	8.36992	14.0223
k141_17158	1595	6.4699	6.4699	8.83512
k141_81007	2932	7.15564	7.15564	8.50332
k141_6402	15150	10.5421	10.5421	18.6996
k141_61991	13652	11.2408	11.2408	26.1712
k141_100816	4518	11.812	11.812	32.1116
k141_54272	3653	5.90551	5.90551	8.99424
k141_109036	5660	10.2524	10.2526	17.1757
k141_72268	2588	6.12305	6.12305	7.76095
k141_24433	3999	9.8701	9.8701	25.2137
k141_17161	2570	8.42479	8.42521	12.4586
k141_100817	1619	7.34445	7.34445	20.369
k141_61992	3740	20.3203	20.3203	95.316
k141_81014	1688	5.43108	5.43108	6.47308
k141_109038	1888	7.04545	7.04545	15.2743
k141_24438	2364	7.86676	7.86676	28.4229
k141_6406	2704	8.78935	8.78935	16.9224
k141_109039	2078	6.73807	6.73807	13.1586
k141_24439	2623	5.50425	5.50425	6.48635
k141_6408	1751	8.9544	8.9544	15.7747
k141_72279	2353	5.92147	5.92147	11.2585
k141_61998	2733	9.51452	9.51452	19.363
k141_109041	2004	6.05879	6.05879	11.234
k141_43521	8531	8.74144	8.74144	15.7563
k141_100825	5596	8.2354	8.2354	19.1128
k141_17176	1631	9.20594	9.20594	14.0771
k141_43523	2017	5.59186	5.59186	4.93728
k141_62002	1621	5.95173	5.95173	12.2732
k141_81024	6067	11.3113	11.3113	27.54
k141_24446	3418	10.3415	10.3415	21.7952
k141_62003	1956	5.78295	5.78295	13.9672
k141_43524	3513	11.2884	11.2884	18.7765
k141_72294	1521	6.09409	6.09409	8.5378
k141_109046	4090	9.34213	9.34213	20.5667
k141_17183	3173	6.88058	6.88058	19.9319
k141_100836	1568	7.33075	7.33075	8.06203
k141_6422	3024	7.61343	7.61343	16.9867
k141_100838	1696	9.06921	9.06921	11.2684
k141_33872	55106	18.5592	18.5592	41.1935
k141_43529	2026	7.39073	7.39073	11.5107
k141_109048	2415	10.0874	10.0874	10.3881
k141_62009	2039	6.19746	6.19746	4.64587
k141_54299	3277	9.84202	9.84202	16.3047
k141_81036	2098	8.00924	8.00924	17.3907
k141_62010	1650	9.55333	9.55333	42.2847
k141_72301	1810	7.34398	7.34398	10.5755
k141_17191	1938	11.1493	11.1493	36.3834
k141_33875	1691	10.7294	10.7294	13.5546
k141_6429	1718	4.78954	4.78954	5.53581
k141_24454	5940	6.66477	6.66477	8.54437
k141_109051	2462	10.4377	10.4377	21.8395
k141_17192	1750	9.82063	9.82063	14.3162
k141_81037	2565	6.85424	6.85424	6.24637
k141_100845	2817	7.60667	7.60667	11.0849
k141_17193	3160	9.23821	9.23854	17.5516
k141_72305	2618	6.02836	6.02836	7.29311
k141_109054	1543	6.54128	6.54128	6.92085
k141_62016	2749	20.7888	20.7888	109.505
k141_43540	2345	4.84191	4.84191	16.9654
k141_72306	1741	7.34129	7.34129	11.5242
k141_17196	1524	6.7409	6.7409	7.52635
k141_81042	3999	5.75578	5.75578	8.0822
k141_6443	1551	8.65096	8.65096	13.6045
k141_24467	1506	8.18584	8.18658	14.5859
k141_62022	1580	6.81958	6.81958	9.91279
k141_72309	1978	8.67287	8.67287	20.3463
k141_100848	5735	10.0487	10.0487	18.3288
k141_6447	1512	8.24816	8.24816	20.5423
k141_43544	1636	5.97241	5.97241	5.64312
k141_72311	1619	6.06399	6.06399	9.87052
k141_100850	1914	8.70238	8.70238	13.7418
k141_54322	1814	6.45012	6.45012	11.365
k141_17205	2103	6.07937	6.07937	16.6049
k141_33883	8315	9.55077	9.55077	21.4124
k141_17206	1589	9.72133	9.72133	18.7338
k141_33884	1831	29.3123	29.3123	99.7198
k141_81047	4875	19.3283	19.3283	65.5669
k141_43547	5408	10.09	10.09	13.1938
k141_72312	5310	8.8907	8.8907	17.2734
k141_17208	1966	7.64758	7.64758	8.41674
k141_100855	3624	7.20783	7.20783	15.1275
k141_81050	1706	9.71722	9.71722	24.0474
k141_109070	3543	8.21426	8.21426	17.3031
k141_43549	2102	5.25	5.25	10.7166
k141_62035	2392	6.41971	6.41971	7.35119
k141_6458	3174	7.91038	7.91038	10.5461
k141_54332	1723	6.79911	6.79911	12.7523
k141_109073	1521	10.6958	10.6958	30.0307
k141_24472	12430	8.9548	8.9548	19.289
k141_17216	1511	7.19912	7.19912	10.0625
k141_81051	4433	8.94186	8.94186	13.8348
k141_62040	1733	6.52748	6.52748	4.02566
k141_91238	56768	12.6211	12.6211	27.91
k141_43550	5048	10.0282	10.0282	20.7441
k141_109076	1942	6.32031	6.32031	10.5138
k141_81053	1810	7.69096	7.69096	12.3824
k141_72324	1592	20.154	20.154	51.6156
k141_62041	1948	5.9188	5.9188	9.18984
k141_54336	2194	6.22358	6.22358	18.0394
k141_43551	3183	9.20277	9.20277	11.3312
k141_91239	2712	6.49297	6.49297	6.37417
k141_33900	1785	9.66177	9.66177	23.0208
k141_17220	2525	5.17053	5.17053	5.68658
k141_33902	1552	6.71398	6.71398	5.85746
k141_62046	1995	5.58808	5.58808	7.52548
k141_43556	1723	6.3986	6.3986	10.0592
k141_6476	1967	10.5691	10.5691	26.6495
k141_17224	1748	7.79349	7.79349	19.1533
k141_81060	4119	9.66843	9.66843	16.5705
k141_91240	5555	8.11674	8.11674	15.5554
k141_24485	4356	6.31978	6.31978	8.25982
k141_81062	2149	7.1986	7.1986	15.3074
k141_72339	2874	9.91446	9.91446	21.2211
k141_33911	1672	7.18988	7.18988	14.4498
k141_72340	1554	5.63248	5.63248	8.91121
k141_17228	4381	13.1513	13.1513	30.2442
k141_54343	5261	10.1409	10.1409	26.2602
k141_43566	4599	8.16431	8.16431	17.1051
k141_62056	5227	20.3155	20.3157	53.785
k141_24492	5765	10.5576	10.5576	16.1742
k141_62059	2255	7.73587	7.73587	15.6336
k141_17230	3125	7.59092	7.59092	15.1988
k141_81071	2092	9.16735	9.16735	14.8884
k141_43570	2787	7.23246	7.23246	16.2337
k141_24493	2614	6.43263	6.43263	6.52024
k141_33916	2721	11.5745	11.5745	68.6612
k141_43572	2233	7.48488	7.48488	9.26726
k141_6491	1617	5.68848	5.68848	5.06187
k141_17233	2499	6.10132	6.10132	11.0784
k141_33918	1666	5.39248	5.39248	5.82803
k141_43573	2372	6.0459	6.0459	7.12702
k141_54356	2086	7.17872	7.17872	9.21969
k141_33922	2004	11.5351	11.5351	37.5783
k141_17238	1632	9.583	9.583	14.0825
k141_62070	2243	6.75729	6.75729	10.9258
k141_54358	1838	6.2186	6.2186	5.14658
k141_6499	1681	7.68321	7.68321	26.5903
k141_109122	1652	3.95273	3.95273	5.03639
k141_43580	3351	9.6651	9.66542	24.7946
k141_91271	2030	10.0707	10.0707	14.3095
k141_81080	4518	9.10371	9.10371	21.9088
k141_54360	2178	4.31953	4.31953	4.33793
k141_6500	1672	9.71353	9.71419	31.6494
k141_43581	2457	7.08366	7.08409	21.3817
k141_91272	1594	9.92382	9.92382	19.7323
k141_6503	1679	15.0719	15.0719	48.267
k141_43582	1683	4.55773	4.55838	4.84987
k141_17242	6231	10.4711	10.4711	21.5512
k141_33936	2758	6.56595	6.56595	10.1437
k141_81088	2377	5.35878	5.35878	13.196
k141_91274	4195	10.6517	10.6517	24.9777
k141_43585	1808	9.85163	9.85163	13.7642
k141_72350	21279	19.7972	19.7972	47.9873
k141_109127	3957	5.76727	5.76727	6.57682
k141_62086	2968	5.83428	5.83428	9.92533
k141_91278	2466	8.01598	8.01598	12.3501
k141_17244	3972	15.8286	15.8286	32.2574
k141_43588	2075	5.08104	5.08104	4.66601
k141_6513	1902	4.55879	4.55936	9.21635
k141_109128	2631	9.87102	9.87102	54.8669
k141_54373	2481	5.62462	5.62462	5.64836
k141_43589	3801	10.5878	10.5878	22.026
k141_62090	2448	6.40688	6.40688	9.65462
k141_91286	2032	9.28321	9.28321	15.3237
k141_17250	1619	5.41321	5.41321	5.59958
k141_91289	1518	4.21857	4.21857	4.5352
k141_33954	1625	38.4508	38.4508	1106
k141_54376	4740	21.8702	21.8702	48.4253
k141_72356	9004	12.5808	12.5808	36.197
k141_43598	3552	9.25603	9.25603	24.1701
k141_17260	1669	9.47334	9.47334	27.289
k141_72358	1527	5.19753	5.19753	8.04225
k141_109148	2675	8.41465	8.41465	21.8887
k141_33956	6462	7.56131	7.56131	11.077
k141_62093	9250	12.9903	12.9903	28.6866
k141_43600	4243	12.6438	12.6438	26.7617
k141_109158	2346	8.32013	8.32013	26.812
k141_72368	1537	5.86446	5.86446	11.8243
k141_17271	2648	7.81545	7.81545	14.0278
k141_62101	1906	9.0205	9.0205	13.156
k141_43604	4803	9.39093	9.39093	17.2352
k141_33970	1936	6.04255	6.04255	7.72478
k141_54408	1962	4.97296	4.97296	4.86125
k141_54410	1711	5.85202	5.85202	13.9851
k141_109166	4937	9.90892	9.90892	14.5125
k141_33974	1649	9.08672	9.08672	14.2661
k141_91303	13908	12.4855	12.4855	30.1474
k141_62111	2007	4.22725	4.22725	3.08737
k141_33977	1598	9.69544	9.69544	15.3108
k141_43611	6812	10.7816	10.7816	22.027
k141_109169	2807	7.03124	7.03124	8.63723
k141_100869	72957	70.3034	70.3034	220.515
k141_72385	1519	5.8992	5.8992	4.45619
k141_54420	2598	6.94036	6.94036	10.1052
k141_33981	2960	4.78114	4.78114	3.97382
k141_109170	2239	8.34418	8.34418	12.2785
k141_91308	5338	12.914	12.914	20.0851
k141_54422	1809	6.40627	6.40627	7.09177
k141_24495	55662	16.4055	16.4055	34.1374
k141_72389	1588	4.97427	4.97427	10.4398
k141_33982	3031	6.27317	6.27317	9.64232
k141_24497	1536	7.5303	7.5303	9.0377
k141_43612	6657	8.26648	8.26648	17.2942
k141_100876	1589	6.72967	6.72967	15.6118
k141_109173	2892	8.66922	8.66922	12.8635
k141_54426	1533	3.91323	3.91323	2.20375
k141_91313	1772	10.9242	10.9242	27.0079
k141_62116	8558	19.535	19.535	64.3689
k141_91314	1577	7.83462	7.83462	20.9039
k141_43615	1829	5.26266	5.26266	9.85287
k141_100879	1880	71.0168	71.0168	171.035
k141_17284	14898	11.6907	11.6907	21.88
k141_33989	1793	8.22702	8.22702	12.6335
k141_24500	3250	6.43	6.43	15.1957
k141_62118	2020	7.39037	7.39037	8.52815
k141_109176	3250	9.86161	9.86161	19.2809
k141_100880	1699	10.6817	10.6817	10.814
k141_17286	1611	11.0623	11.063	23.0918
k141_72395	5257	12.0973	12.0973	21.4722
k141_43618	1650	5.07267	5.07267	6.96803
k141_54432	2227	7.4935	7.4935	10.3242
k141_109177	2974	10.0907	10.0907	8.67826
k141_33992	2321	6.48779	6.48779	10.1423
k141_24505	1992	10.3056	10.3056	24.0883
k141_17288	2155	11.2748	11.2748	57.7473
k141_43620	2371	8.83971	8.83971	22.0518
k141_54438	1618	6.77589	6.77589	18.08
k141_17290	2400	5.70533	5.70533	11.3791
k141_54439	1737	6.60996	6.60996	13.6555
k141_24510	1627	4.66215	4.66215	4.16967
k141_100890	1875	5.26551	5.26551	3.16843
k141_17294	1734	5.65404	5.65404	6.2277
k141_33994	7071	9.83413	9.83413	18.1959
k141_72400	6543	14.1915	14.1915	26.5033
k141_43625	4068	8.26621	8.26621	13.7929
k141_54441	3426	8.19261	8.19292	11.5322
k141_109178	9361	16.0902	16.0902	33.3438
k141_62134	2349	6.04548	6.04548	6.88691
k141_17299	1515	6.51941	6.51941	6.69409
k141_24515	3596	5.64568	5.64568	6.58764
k141_6524	49575	13.8292	13.8292	30.6064
k141_91328	8389	10.4395	10.4395	15.0352
k141_81095	60024	16.9274	16.9274	40.5095
k141_72407	1631	9.55638	9.55638	19.5741
k141_34004	2231	6.31475	6.31475	5.87157
k141_24516	1844	7.48937	7.48937	23.8991
k141_54445	3498	8.17204	8.17234	14.1541
k141_91330	2264	16.1675	16.1675	36.3276
k141_100901	1850	8.64176	8.64176	13.7886
k141_72410	1916	14.2118	14.2118	65.5426
k141_91331	1561	5.14103	5.14103	10.9908
k141_24519	1923	11.0192	11.0192	25.3439
k141_6533	3351	6.14589	6.14589	8.53403
k141_34013	1565	6.68834	6.68834	11.7069
k141_43640	4449	12.947	12.947	39.7079
k141_100902	5579	11.0589	11.0589	30.6657
k141_6538	1604	4.19876	4.19876	2.44981
k141_43641	1832	6.38585	6.38585	8.76534
k141_34016	1799	8.68163	8.68163	31.3192
k141_6539	1619	5.56841	5.56841	6.14876
k141_109187	9225	10.6476	10.6476	21.5191
k141_24531	1878	5.97569	5.97569	5.91023
k141_100906	2859	8.84275	8.84275	14.0775
k141_17303	13366	12.8108	12.8108	25.6169
k141_91335	8340	9.9757	9.9757	26.8398
k141_109190	2091	8.13447	8.13447	13.9845
k141_34023	1843	4.73774	4.73774	8.8
k141_81096	15984	10.3106	10.3106	24.5975
k141_91339	2051	7.21357	7.21357	9.93228
k141_109191	2544	8.94653	8.94653	14.1658
k141_72428	3955	10.1706	10.1706	18.0284
k141_6542	7548	11.1833	11.1833	18.5824
k141_109192	2279	7.89807	7.89807	14.914
k141_43652	1654	5.81848	5.81848	2.93908
k141_34028	2045	7.22427	7.22427	10.8521
k141_6544	1818	9.30396	9.30396	14.1217
k141_100907	8200	7.53578	7.53578	17.4238
k141_62153	14891	12.4317	12.4317	23.7765
k141_43658	2880	8.20842	8.20879	10.918
k141_34032	3033	8.39889	8.39889	12.2114
k141_6546	3857	7.34502	7.34502	16.8677
k141_24548	3833	9.12381	9.12381	19.7246
k141_43659	1624	6.67978	6.67978	6.26669
k141_100915	1875	4.77565	4.77565	2.32025
k141_17310	12837	10.8275	10.8275	17.4863
k141_34033	3686	6.79723	6.79723	11.3996
k141_62157	2273	6.94348	6.94348	8.35313
k141_54457	21004	9.22873	9.22873	15.8748
k141_24551	2038	6.45498	6.45498	12.7177
k141_109197	8510	13.3783	13.3783	32.0115
k141_43664	1918	20.5051	20.5051	144.838
k141_17312	1973	7.40099	7.40099	11.9264
k141_43668	1523	9.62564	9.62564	18.6396
k141_54463	1573	8.74912	8.74912	13.4483
k141_24555	2344	7.28715	7.28715	9.71864
k141_6547	9123	9.80631	9.80631	23.4998
k141_109198	4705	12.133	12.133	25.0525
k141_34044	1853	6.41691	6.41691	6.78019
k141_43672	1580	7.75175	7.75175	15.5275
k141_24557	2900	13.0255	13.0255	23.4709
k141_34046	1510	27.0676	27.0676	617.138
k141_81097	22684	16.0805	16.0805	50.4952
k141_43677	2562	7.93284	7.93284	14.5406
k141_54472	2362	8.37568	8.37568	11.1963
k141_17314	10381	14.3748	14.3748	30.9229
k141_62166	9618	7.82478	7.82478	11.4643
k141_6551	7311	14.5601	14.5601	36.5514
k141_54473	2174	8.68824	8.68824	24.7042
k141_81099	4232	7.85522	7.85522	13.2283
k141_17322	2094	7.88683	7.88683	8.06032
k141_43687	2760	7.10077	7.10077	11.5977
k141_34061	2249	8.29681	8.29681	9.53482
k141_109201	14358	12.055	12.055	27.3886
k141_54482	1883	6.99481	6.99481	13.131
k141_62173	5299	11.1126	11.1126	29.5495
k141_54483	1596	5.62656	5.62656	4.44452
k141_24564	13363	12.7823	12.7823	25.102
k141_17324	7006	8.49227	8.49227	16.6651
k141_62177	1765	5.70774	5.70774	9.34196
k141_24565	2214	8.58721	8.58721	17.0909
k141_54486	1784	4.46206	4.46206	4.3234
k141_100920	22794	16.9887	16.9887	36.8823
k141_34065	4383	6.52587	6.52587	9.88047
k141_100922	1757	9.0504	9.0504	23.1375
k141_62178	3383	10.9329	10.9329	23.9426
k141_17328	2036	7.19724	7.19724	13.3957
k141_43691	10375	11.6198	11.6198	21.7598
k141_100925	1918	4.67817	4.67817	7.36272
k141_109212	3699	7.44999	7.44999	16.0811
k141_24574	1590	7.10417	7.10417	7.85428
k141_109213	2228	8.52358	8.52358	7.86729
k141_100926	2806	7.66604	7.66604	9.93767
k141_24575	1506	9.5413	9.5413	18.3325
k141_43694	5068	7.22306	7.22306	9.97579
k141_17337	3358	9.63685	9.63685	14.7746
k141_54504	3359	6.7024	6.7024	13.4885
k141_109221	2889	8.34356	8.34392	18.5727
k141_43698	2547	6.44597	6.44639	8.54862
k141_100939	1822	7.03409	7.03409	5.64396
k141_62200	2662	7.95104	7.95104	16.225
k141_34070	15748	16.8139	16.8139	40.2286
k141_54508	3672	7.4381	7.4381	20.152
k141_54510	1804	6.69166	6.69166	23.3397
k141_34074	1546	6.16261	6.16261	5.23013
k141_54511	1859	9.49503	9.49503	15.3262
k141_62203	3023	8.15733	8.15733	18.4299
k141_109231	2254	6.45675	6.45675	13.5835
k141_17342	7760	11.5876	11.5876	29.2383
k141_24579	11881	9.10894	9.10894	15.8609
k141_100943	7829	8.9694	8.9694	51.1904
k141_72430	61904	15.3865	15.3865	37.5547
k141_109232	2639	7.56971	7.56971	24.8253
k141_54517	2243	7.20115	7.20115	10.1121
k141_34080	3993	11.6133	11.6133	15.9644
k141_62209	2949	5.44444	5.44444	9.89744
k141_100949	2365	10.1792	10.1792	10.8871
k141_43724	1598	9.29696	9.29696	32.8975
k141_17357	2100	8.65487	8.65487	12.7249
k141_34089	1961	11.7985	11.7985	17.9157
k141_43725	2680	10.6194	10.6198	16.6201
k141_54525	2003	8.56989	8.57043	16.4407
k141_91344	69336	23.9881	23.9881	65.0656
k141_62219	1882	4.20843	4.20901	2.71884
k141_17359	2689	5.89996	5.89996	7.96238
k141_54526	2644	6.31796	6.31796	11.8007
k141_91345	3450	7.52364	7.52364	9.53961
k141_91347	2253	6.20495	6.20495	6.0707
k141_62222	4850	9.08936	9.08936	17.9211
k141_81101	50876	38.1994	38.1994	102.684
k141_100961	5706	11.6919	11.692	19.4066
k141_34092	8010	8.9841	8.9841	14.3939
k141_81103	2307	7.47566	7.47566	8.04002
k141_43737	2722	7.71423	7.71423	19.2489
k141_91357	1698	4.33592	4.33592	6.29817
k141_62227	2996	11.4501	11.4501	17.2754
k141_6555	63564	33.471	33.471	79.3105
k141_81108	2032	12.6536	12.6536	50.6231
k141_62229	1641	7.44131	7.44131	10.8091
k141_54538	3220	8.63941	8.63974	20.5192
k141_34097	3086	7.68529	7.68529	9.19228
k141_24585	19770	17.2746	17.2746	34.5195
k141_91358	3372	6.93482	6.93482	14.5756
k141_100968	2885	9.18793	9.18793	24.4108
k141_81111	2883	6.23015	6.23015	11.0929
k141_62234	1561	6.35011	6.35011	4.56669
k141_54540	4191	6.65429	6.65429	7.79926
k141_109243	23197	11.341	11.341	20.6172
k141_24600	2813	6.04018	6.04018	8.23996
k141_81114	5070	11.6386	11.6386	33.2221
k141_43744	10373	14.9258	14.9258	72.3317
k141_17362	26787	14.6348	14.6348	34.0241
k141_6558	10947	14.2288	14.2288	29.9147
k141_109248	1597	6.58673	6.58673	13.4736
k141_91372	2124	8.03799	8.03799	17.188
k141_17363	1507	4.62122	4.62122	5.86674
k141_6559	1647	10.2124	10.2124	10.7596
k141_109250	1553	6.27726	6.27726	10.2376
k141_17364	1601	7.79669	7.79669	8.95932
k141_54543	11392	10.0192	10.0192	19.6333
k141_81121	1870	8.15116	8.15174	10.7105
k141_24611	1681	5.85173	5.85173	5.59957
k141_54548	1637	7.49496	7.49496	10.3915
k141_17371	1902	9.44749	9.44749	23.8395
k141_100996	2868	10.4901	10.4901	24.5474
k141_54549	2131	7.49066	7.49066	9.90967
k141_109251	5940	10.3656	10.3656	19.557
k141_24616	2123	7.27572	7.27572	7.29924
k141_91373	8780	8.78355	8.78355	15.7665
k141_34104	17557	12.0617	12.0617	27.1466
k141_6567	3145	13.7279	13.7279	15.7326
k141_54551	2271	10.2687	10.2687	21.8427
k141_109255	2017	8.23781	8.23835	15.023
k141_24620	1774	8.97291	8.97291	15.0714
k141_17377	4385	12.7797	12.7797	19.7532
k141_91378	1906	7.6492	7.6492	11.1452
k141_101006	1863	6.33742	6.33742	7.24131
k141_17379	1684	8.58409	8.58475	14.9724
k141_17380	1890	8.0069	8.0069	14.8327
k141_6573	2311	6.01249	6.01249	8.10957
k141_91382	1660	8.03775	8.03775	9.10062
k141_54561	1906	6.39806	6.39806	5.55714
k141_81128	11537	9.75121	9.75121	20.1644
k141_24627	2125	6.83848	6.83848	11.3169
k141_34111	8196	11.9055	11.9055	18.9139
k141_109267	1691	6.46982	6.46982	9.77132
k141_24628	2320	6.88525	6.88525	12.1052
k141_101017	4191	10.1091	10.1091	13.779
k141_62238	29875	33.9298	33.9298	90.2008
k141_34119	2523	8.13316	8.13316	19.6145
k141_54570	4341	6.95705	6.95705	8.09119
k141_54571	1610	6.4137	6.4137	10.0796
k141_34120	2055	6.48556	6.48556	10.543
k141_81130	7453	8.31289	8.31289	15.0995
k141_109274	4748	18.0174	18.0174	44.7626
k141_101024	1945	6.78273	6.78273	12.509
k141_91386	12889	16.1949	16.1949	32.879
k141_54574	1746	7.57581	7.57581	16.3321
k141_6594	1978	5.19311	5.19311	4.59041
k141_17402	3011	8.20412	8.20412	18.0298
k141_54575	1877	8.02316	8.02316	17.2833
k141_101025	2249	8.56646	8.56646	12.7575
k141_54576	1636	5.43069	5.43069	7.6959
k141_24637	3692	7.5367	7.5367	16.5668
k141_109278	2403	6.43764	6.43764	6.73024
k141_17407	1908	12.4613	12.4613	65.4301
k141_43747	29539	19.0039	19.0039	46.5582
k141_101030	2343	9.61468	9.61468	16.5736
k141_91391	2323	13.0212	13.0212	25.6368
k141_24638	4908	8.7831	8.78331	21.3718
k141_34122	8931	9.68785	9.68785	17.11
k141_17415	1608	7.68793	7.68793	16.7543
k141_54581	1928	8.99606	8.99662	14.7664
k141_6602	2205	9.10998	9.10998	18.4873
k141_24639	2145	7.52782	7.52782	7.91431
k141_91394	2666	8.83506	8.83506	15.8047
k141_24641	1674	6.46457	6.46457	8.38415
k141_91398	2173	6.41918	6.41918	7.6125
k141_43750	8586	10.9022	10.9022	20.8611
k141_109293	1688	5.60858	5.60858	18.0367
k141_6603	5089	7.38692	7.38692	8.23511
k141_43751	1517	2.98025	2.98098	2.25732
k141_54582	7231	9.21268	9.21268	17.3191
k141_62269	1843	4.72239	4.72239	4.19714
k141_109294	3674	14.1027	14.1027	21.2497
k141_24650	1712	7.03265	7.03265	8.09946
k141_6612	1530	8.18044	8.18044	17.1139
k141_17418	10617	62.9538	62.9538	189.683
k141_91406	1524	14.7831	14.7831	44.489
k141_109295	2764	20.1982	20.1982	150.59
k141_24651	2038	5.90678	5.90678	4.77667
k141_43755	4665	8.83965	8.83987	18.0478
k141_54586	3850	59.5922	59.5922	3758.85
k141_17421	1953	6.89185	6.89185	8.47712
k141_81162	6227	11.1901	11.1901	14.6432
k141_109302	1686	12.9323	12.9323	19.7179
k141_81163	1697	11.2902	11.2902	16.7171
k141_54593	2538	7.61725	7.61725	11.8367
k141_72431	90480	44.5545	44.5545	115.733
k141_91409	7469	9.6561	9.6561	15.8953
k141_109309	1503	3.66075	3.66075	2.50979
k141_17426	5394	7.21243	7.21243	9.79964
k141_62288	1726	5.4486	5.4486	7.70782
k141_34135	17293	15.4422	15.4422	31.3084
k141_81167	2434	8.91068	8.91068	17.6828
k141_72432	6113	8.96965	8.96965	18.9757
k141_91414	2164	7.52334	7.52334	9.2332
k141_6621	10860	9.77264	9.77264	23.893
k141_109312	2848	8.03595	8.03595	11.4317
k141_34137	1555	9.40854	9.40854	14.3401
k141_72433	1866	5.31876	5.31876	5.72866
k141_43765	9856	10.0104	10.0104	15.5283
k141_6625	1836	8.64531	8.64531	13.1524
k141_72435	2256	3.68091	3.68091	1.9713
k141_43766	2120	8.88223	8.88223	8.67075
k141_34144	2238	5.43247	5.43247	8.30223
k141_91416	5741	8.84994	8.84994	16.7911
k141_62292	7085	10.5025	10.5025	26.5536
k141_17429	7477	12.7367	12.7367	22.2112
k141_109317	4857	9.56873	9.56873	31.6152
k141_6627	4854	8.06293	8.06293	24.3344
k141_81168	9712	9.90054	9.90054	26.6122
k141_34149	2018	11.6097	11.6097	13.396
k141_62295	1631	3.90547	3.90547	3.81536
k141_17431	1582	3.38059	3.38059	4.44276
k141_91420	2933	7.17751	7.17751	11.2769
k141_72444	1656	6.33732	6.33732	7.2669
k141_101037	35887	15.7764	15.7764	32.733
k141_81170	2017	7.97858	7.97858	9.84614
k141_91421	1620	4.48231	4.48231	4.69916
k141_54619	3596	12.5357	12.5357	25.6747
k141_109322	1871	13.0808	13.0808	22.5254
k141_17434	1520	6.09781	6.09781	7.07881
k141_72446	1989	9.72594	9.72594	26.3546
k141_62301	1712	19.1037	19.1037	63.9982
k141_17437	1658	5.55106	5.55106	6.58068
k141_43781	4170	8.3398	8.3398	10.0742
k141_109325	2648	8.11649	8.11649	14.5987
k141_72450	2173	5.21552	5.21552	4.3561
k141_34159	1780	5.87423	5.87423	8.37639
k141_6640	1650	7.60533	7.60533	9.98163
k141_91423	5038	8.74489	8.74489	14.3555
k141_17441	1721	8.91789	8.91789	16.0372
k141_62303	2617	6.43737	6.43737	12.1578
k141_34160	1546	10.9542	10.9542	25.1863
k141_54627	2687	5.99448	5.99448	8.60248
k141_91424	1837	3.43628	3.43628	2.87957
k141_62304	2498	9.85136	9.85136	18.6515
k141_101050	1578	4.61905	4.61905	3.88281
k141_17444	2127	11.6869	11.6869	50.4934
k141_72458	1666	10.5198	10.5198	27.1869
k141_109326	6321	10.3829	10.3829	19.4552
k141_91427	1999	7.02434	7.02434	17.3255
k141_34165	2037	14.4346	14.4346	172.36
k141_101055	1642	14.6883	14.6883	25.0248
k141_43797	1725	7.56762	7.56762	10.8326
k141_72461	2167	6.24789	6.24789	6.72724
k141_17447	2747	9.12168	9.12168	11.9205
k141_6651	2414	6.9788	6.9788	15.654
k141_24712	4260	9.15937	9.15937	13.6819
k141_81190	6442	12.7438	12.7438	24.9149
k141_24715	2106	6.99387	6.99387	13.0588
k141_54647	1583	5.54013	5.54013	5.08094
k141_109338	2849	10.4954	10.4954	16.8838
k141_34174	6285	11.3413	11.3413	22.3437
k141_6655	4705	9.87025	9.87025	16.1458
k141_101072	2795	7.22193	7.22193	8.31942
k141_6657	2170	10.852	10.852	21.3693
k141_17448	13272	9.92471	9.92471	23.4743
k141_43810	7130	12.6792	12.6792	23.9194
k141_54651	3834	9.70901	9.70901	18.9312
k141_17451	1526	4.9782	4.9782	10.1289
k141_81208	1741	9.15085	9.15085	7.75952
k141_24726	3754	8.48585	8.48585	10.751
k141_6664	1500	4.54593	4.54593	5.42673
k141_62325	6611	9.11732	9.11732	14.8708
k141_81211	1528	6.5479	6.5479	7.78453
k141_62326	1590	8.38333	8.38333	19.3748
k141_109352	1707	8.85806	8.85806	10.2684
k141_72488	2072	5.84027	5.84027	6.66421
k141_43821	1791	6.00183	6.00183	6.65915
k141_101078	6771	14.6398	14.6398	37.4923
k141_24727	5337	11.3158	11.3158	22.3395
k141_72489	1501	7.11843	7.11843	29.4571
k141_54661	4475	30.1868	30.1868	158.806
k141_24728	1914	6.9093	6.9093	28.5658
k141_62332	2747	6.82172	6.82172	12.0687
k141_34201	1954	4.90743	4.90743	4.90049
k141_72493	2148	5.48549	5.48549	7.27745
k141_17463	1705	9.20193	9.20193	11.7391
k141_24729	3200	7.67049	7.67049	12.9269
k141_54664	2952	5.9975	5.9975	5.47199
k141_6665	10797	9.01813	9.01813	14.7954
k141_101089	1517	3.64594	3.64594	1.68129
k141_34205	2674	10.3708	10.3708	16.9572
k141_91428	31402	13.6904	13.6904	29.5615
k141_43831	1567	5.012	5.012	6.06977
k141_72495	2876	7.09611	7.09611	12.5522
k141_6668	2215	6.53123	6.53123	8.44004
k141_24734	1778	11.3636	11.3636	19.8456
k141_34206	2885	9.57623	9.57623	13.4052
k141_101090	3517	11.5088	11.5088	15.3754
k141_6670	1878	10.3513	10.3513	23.2725
k141_17472	1535	6.29892	6.29892	8.90334
k141_43836	2363	5.26209	5.26209	11.2333
k141_54674	2916	6.32791	6.32791	7.5984
k141_72498	2559	6.88045	6.88045	13.3237
k141_109368	6991	7.30522	7.30522	9.37877
k141_62342	2358	11.6988	11.6988	23.4557
k141_54675	1664	6.69881	6.69881	8.41946
k141_101091	3395	10.27	10.27	38.3672
k141_17475	1658	6.82095	6.82095	26.0025
k141_81213	18728	10.4755	10.4755	16.9554
k141_43838	2320	7.7871	7.7871	12.1222
k141_6676	2671	3.91789	3.91789	2.16983
k141_62343	3079	8.93172	8.93206	17.9588
k141_72499	3977	9.29893	9.29893	16.3238
k141_81215	2099	3.76244	3.76244	6.6648
k141_101095	1885	8.21383	8.21383	15.5578
k141_101096	1564	7.76662	7.76662	9.15014
k141_54677	3978	7.71578	7.71578	11.2685
k141_34212	3480	8.81682	8.81712	14.8524
k141_62348	2368	8.46528	8.46528	10.2697
k141_43844	2549	8.47436	8.47436	16.5478
k141_24753	3040	8.99619	8.99619	10.3575
k141_91445	5657	9.46831	9.46831	17.7997
k141_81219	3372	12.3842	12.3842	25.0594
k141_54680	3393	7.55381	7.55381	10.5581
k141_17487	2175	7.75753	7.75753	2.85078
k141_24757	2108	8.83146	8.83146	18.826
k141_62352	3082	8.15621	8.15621	12.496
k141_43847	3587	9.56532	9.56532	21.9145
k141_81222	1583	5.78088	5.78088	13.7843
k141_34217	4332	9.50813	9.50813	23.2824
k141_91449	3076	14.2604	14.2604	53.9388
k141_101104	3901	11.9571	11.9571	17.7162
k141_62356	1572	4.63783	4.63783	4.30013
k141_91451	1583	7.76622	7.76622	5.00047
k141_72504	11894	11.4788	11.4788	16.6739
k141_54682	4614	9.51277	9.51277	22.7849
k141_81226	2280	8.97465	8.97465	12.5027
k141_24765	2599	7.48755	7.48755	8.70419
k141_54684	2026	9.89073	9.89073	10.7278
k141_62360	2378	9.02289	9.02289	16.5199
k141_34223	2056	5.84155	5.84155	8.93025
k141_91452	3655	9.22054	9.22083	12.6635
k141_43858	2491	7.83554	7.83554	21.5964
k141_72512	2822	7.23915	7.23915	12.689
k141_34225	1592	9.85922	9.85922	13.8615
k141_43861	1683	6.55577	6.55577	6.92068
k141_54686	5564	12.3295	12.3295	33.1757
k141_34229	2049	9.45287	9.45287	12.8264
k141_72518	1789	7.68639	7.68639	7.27643
k141_43863	2058	6.4717	6.4717	11.101
k141_91455	5132	11.6333	11.6333	27.9758
k141_81239	2916	5.39877	5.39877	7.20909
k141_34233	2174	7.67045	7.67045	10.2873
k141_43865	2011	21.108	21.108	67.1105
k141_91458	1999	5.95619	5.95619	8.36551
k141_54691	1805	6.47976	6.47976	10.8532
k141_101116	10660	9.99315	9.99315	17.0164
k141_62374	5746	16.2164	16.2164	36.2575
k141_43867	1840	10.6722	10.6722	27.6034
k141_91463	1524	9.03712	9.03712	15.5989
k141_17499	18510	14.3715	14.3715	28.3486
k141_54693	4076	9.31304	9.31304	10.4424
k141_81250	1925	18.0034	18.0034	34.708
k141_62377	2660	6.53068	6.53068	10.454
k141_91464	3008	8.87999	8.87999	11.5575
k141_101121	3982	11.6798	11.6798	10.87
k141_43874	1749	6.50344	6.50344	6.21887
k141_81253	1835	5.01365	5.01365	8.40656
k141_81254	1688	7.54941	7.54941	9.28871
k141_54697	3351	7.50515	7.50515	9.27
k141_101124	2923	6.89542	6.89542	8.41255
k141_62380	3636	7.17986	7.17986	9.89041
k141_17509	1721	9.80904	9.80904	17.3533
k141_62381	1584	9.41074	9.41144	37.7691
k141_6679	38540	20.075	20.075	44.993
k141_91470	2205	6.6764	6.6764	7.83533
k141_17511	1671	7.08678	7.08678	7.97538
k141_81266	1508	7.96686	7.96686	9.8891
k141_43875	8782	8.06696	8.06696	12.6763
k141_54699	6585	8.05237	8.05237	17.5803
k141_34241	15483	30.5158	30.5158	547.099
k141_43879	1915	7.26232	7.26232	14.4317
k141_91478	1769	5.12044	5.12044	4.57448
k141_54700	1620	7.66259	7.66259	13.7529
k141_17516	1713	4.0595	4.0595	2.7948
k141_72520	29231	9.97847	9.97847	17.4594
k141_101137	2140	7.20955	7.20955	15.3974
k141_24772	34797	27.6053	27.6053	63.9014
k141_81270	7156	8.9636	8.9636	15.4695
k141_6692	1673	5.4826	5.4826	16.1382
k141_62399	1665	6.35512	6.35512	5.60567
k141_54706	3032	9.92471	9.92471	20.6596
k141_72526	2061	6.27891	6.27891	12.1613
k141_34251	1592	7.81207	7.81207	26.7704
k141_43890	1952	12.6199	12.6199	27.042
k141_101140	3919	9.53622	9.53622	23.4638
k141_24774	4225	13.2233	13.2233	32.1589
k141_72529	1985	8.20218	8.20218	7.03387
k141_101141	1502	5.13462	5.13462	10.2202
k141_54711	2144	7.59378	7.59378	11.877
k141_91494	1648	4.42457	4.42457	5.73011
k141_109377	55441	17.281	17.281	46.9951
k141_62407	3583	7.66181	7.66181	17.2224
k141_34253	5665	9.32965	9.32965	15.6544
k141_101146	1840	6.82012	6.82012	3.94511
k141_17518	13871	11.7448	11.7448	23.4776
k141_43893	6036	12.3209	12.3209	20.0666
k141_81288	2047	7.78492	7.78492	17.4705
k141_54712	4068	8.18581	8.18581	9.2593
k141_72537	1828	8.12157	8.12157	20.9408
k141_17521	1505	4.56015	4.56015	8.39715
k141_101148	1858	11.0726	11.0726	21.8787
k141_109383	1519	7.34405	7.34405	8.70393
k141_17522	2255	9.29976	9.29976	34.1879
k141_62411	3265	7.96661	7.96661	11.5879
k141_72540	2173	9.68018	9.68018	19.1008
k141_81290	2945	8.53059	8.53095	7.96641
k141_24786	2602	10.0004	10.0004	18.1074
k141_91497	6853	7.96584	7.96584	13.7502
k141_54721	1506	9.99041	9.99041	15.8751
k141_101154	2145	8.81504	8.81504	17.8129
k141_17526	2184	5.04376	5.04376	10.1383
k141_109387	3429	9.21043	9.21043	17.3413
k141_6694	18080	11.717	11.717	27.2264
k141_72541	3733	7.53224	7.53224	16.1388
k141_54723	2115	9.457	9.457	32.9719
k141_62417	2634	4.87198	4.87198	5.99651
k141_34265	3722	11.4933	11.4933	25.3774
k141_91500	3026	9.83102	9.83102	19.9465
k141_81292	7038	11.8256	11.8256	18.9746
k141_101159	2203	9.283	9.283	11.3258
k141_34270	1611	7.68446	7.68446	8.80383
k141_6701	1662	6.13955	6.13955	6.39413
k141_17536	1649	8.01534	8.01534	18.174
k141_109396	1801	6.16475	6.16475	13.3353
k141_43912	1739	7.16803	7.16803	12.5063
k141_54728	3074	8.06943	8.06977	8.16139
k141_6703	1636	6.62921	6.62921	9.49947
k141_17538	2012	6.56928	6.56928	4.27752
k141_109398	1888	6.06789	6.06789	11.6672
k141_62429	1805	9.33716	9.33716	24.8257
k141_24802	1506	6.50737	6.50737	13.0516
k141_91510	1633	15.3641	15.3641	119.668
k141_101171	1758	5.83396	5.83396	26.6052
k141_24803	3314	9.35777	9.35777	15.093
k141_81298	9127	7.79971	7.79971	17.2985
k141_6710	3051	7.2544	7.2544	17.247
k141_34279	2498	4.81729	4.81729	9.31433
k141_24804	2430	15.0114	15.0114	36.2695
k141_43924	1690	5.40714	5.40714	6.60931
k141_34280	1985	8.16839	8.16839	10.7345
k141_54736	6655	25.4198	25.4198	984.505
k141_62440	3838	6.96421	6.96421	11.3705
k141_81305	1586	5.19916	5.19916	9.67603
k141_109409	3086	11.437	11.437	18.1458
k141_6713	2814	9.62125	9.62125	24.1603
k141_43926	1948	5.01224	5.01224	7.50673
k141_24809	1530	6.68406	6.68406	13.3765
k141_24811	1857	8.35735	8.35735	14.7221
k141_6716	1942	6.4654	6.4654	4.50803
k141_81307	2858	8.59343	8.5938	18.0153
k141_91530	1650	5.092	5.092	10.197
k141_62448	1557	8.3774	8.37811	18.3733
k141_43933	1996	11.5135	11.5135	22.4007
k141_54744	1806	6.62077	6.62077	11.5141
k141_81309	1707	6.63327	6.63327	9.42785
k141_109417	1709	19.6446	19.6453	28.328
k141_24813	4082	8.42777	8.42777	22.7675
k141_34285	4642	14.1004	14.1004	42.5675
k141_6720	2489	5.01796	5.01796	3.87905
k141_62452	2700	6.80431	6.80431	7.96676
k141_109419	3012	10.8927	10.8927	20.9786
k141_24816	3269	9.72972	9.72972	16.2826
k141_91532	6450	11.3759	11.3759	23.1098
k141_54750	2658	9.67305	9.67305	15.2254
k141_72554	21369	15.1257	15.1257	30.3075
k141_81316	3593	6.66367	6.66367	9.03973
k141_34286	5838	8.75193	8.75193	11.2821
k141_91534	1700	5.23871	5.23935	6.67412
k141_101197	3898	11.1174	11.1174	23.3093
k141_109422	2361	10.0502	10.0507	19.0426
k141_72559	2124	6.80243	6.80243	11.2604
k141_109423	2261	5.66746	5.66746	9.39449
k141_6733	1540	4.82086	4.82086	3.96858
k141_62458	4918	14.4216	14.4216	33.9467
k141_43949	1781	5.88657	5.88657	5.76442
k141_24825	1518	12.2924	12.2924	19.0177
k141_54756	2699	12.3888	12.3888	23.7803
k141_91537	3062	18.6556	18.6556	39.3292
k141_34292	1844	4.65584	4.65584	8.21636
k141_109424	1621	6.9293	6.9293	9.92567
k141_43950	1676	11.9744	11.9744	16.5311
k141_72564	1603	10.7942	10.7949	25.578
k141_81326	1717	7.90683	7.90683	10.4996
k141_101205	1517	8.71617	8.71617	11.8418
k141_72567	3221	11.6262	11.6262	25.2838
k141_62461	5305	14.556	14.556	30.7949
k141_81331	1518	18.3999	18.3999	40.0353
k141_54767	1887	11.209	11.209	22.5557
k141_6734	8292	10.0181	10.0181	23.9558
k141_43958	3346	10.5219	10.5219	22.14
k141_101211	4154	9.83292	9.83292	14.7973
k141_62463	2834	8.75782	8.75782	14.1888
k141_24826	9153	10.7501	10.7501	24.6362
k141_91551	2455	4.57874	4.57874	4.36196
k141_54769	2772	9.54195	9.54195	15.4347
k141_109439	3641	10.3558	10.3558	16.5426
k141_62465	1526	8.51381	8.51381	7.65071
k141_17540	41028	14.9712	14.9712	33.4084
k141_34307	3214	8.44125	8.44125	13.6762
k141_6737	3090	10.9224	10.9224	18.7493
k141_72572	6045	8.00119	8.00119	16.8586
k141_81340	1909	5.25128	5.25128	8.03014
k141_54770	4658	8.94654	8.94654	15.6973
k141_54771	1592	8.73648	8.73648	13.5197
k141_17542	2146	6.38727	6.38727	7.36024
k141_62469	2775	6.59619	6.59619	6.93138
k141_17543	1946	5.24889	5.24889	5.19876
k141_34309	4547	8.5572	8.5572	14.7681
k141_54775	1606	6.88187	6.88187	15.0594
k141_24838	1822	4.59031	4.59031	3.55141
k141_109448	2283	6.97281	6.97281	10.2226
k141_6739	4139	7.64903	7.64903	14.1502
k141_91566	1715	11.6332	11.6332	33.965
k141_72580	2249	15.5865	15.5865	24.9787
k141_24839	1895	3.75817	3.75817	3.31422
k141_34314	1500	6.07704	6.07704	3.30315
k141_17548	1967	10.0947	10.0947	17.0384
k141_43965	9210	9.82561	9.82561	17.0672
k141_81341	8490	10.4474	10.4474	25.7612
k141_109450	2413	8.20857	8.20857	8.52147
k141_91570	2084	8.04395	8.04447	31.9764
k141_72586	1601	7.23639	7.23639	15.2028
k141_81343	1767	3.74088	3.74088	6.58317
k141_101223	11452	10.931	10.931	23.8977
k141_91572	1654	5.8125	5.8125	11.8797
k141_17549	4374	8.41098	8.41098	14.9307
k141_43969	2253	11.2839	11.2839	37.5698
k141_34319	2589	8.71341	8.71341	14.4065
k141_62480	2954	5.92297	5.92297	6.53787
k141_24849	1562	5.89235	5.89235	6.6674
k141_24852	1749	9.25516	9.25516	17.9486
k141_62483	2809	5.20459	5.20459	6.31113
k141_54781	6909	16.7571	16.7571	33.5619
k141_6744	11074	10.4571	10.4572	21.5777
k141_43972	5087	11.1456	11.1456	27.2748
k141_101231	2627	8.55309	8.55309	14.5518
k141_34324	1845	5.57345	5.57345	6.7359
k141_24853	2304	8.47029	8.47029	16.3784
k141_81350	4126	9.07545	9.07545	17.4493
k141_6746	1537	5.6287	5.6287	5.42122
k141_17550	8493	13.7053	13.7053	27.9839
k141_81353	1995	15.1512	15.1512	54.0449
k141_101232	4199	5.51272	5.51272	6.70298
k141_91588	2405	5.91441	5.91441	9.04902
k141_43975	4205	8.44735	8.44735	17.1975
k141_6752	1540	5.3705	5.3705	6.50271
k141_62492	2552	7.01749	7.01749	6.43538
k141_54790	2484	8.2635	8.2635	16.9151
k141_34327	4311	7.61764	7.61764	13.266
k141_72593	10201	11.9398	11.9398	21.4686
k141_101241	2013	6.92002	6.92002	12.513
k141_54794	2908	10.9906	10.9906	19.2179
k141_62493	3453	9.92431	9.92431	16.2472
k141_17562	2117	7.63447	7.63447	12.0642
k141_101242	1675	5.85508	5.85508	4.96522
k141_34331	1748	6.80225	6.80225	14.4333
k141_24860	9076	10.659	10.659	24.4816
k141_17567	1768	5.99876	5.99876	6.40696
k141_43980	2688	7.25532	7.25532	15.2568
k141_17568	1905	5.97664	5.97664	9.37626
k141_6767	6265	10.2909	10.2909	32.5311
k141_101249	2069	6.15216	6.15216	11.5795
k141_91595	7883	9.54636	9.54636	19.1557
k141_62496	3905	8.65965	8.65992	8.5493
k141_109457	21278	18.5949	18.5949	45.2182
k141_72599	4193	9.42196	9.42196	21.9381
k141_6768	5224	8.41112	8.41131	14.4929
k141_24873	3266	21.2137	21.2137	213.481
k141_17570	4916	8.40852	8.40852	12.9888
k141_101254	4750	33.4396	33.4396	141.195
k141_109462	2194	5.94569	5.94569	7.03815
k141_72607	2680	7.23083	7.23083	10.9717
k141_17573	2089	5.90614	5.90614	8.46587
k141_24879	2347	10.0646	10.0646	20.277
k141_72609	1709	8.69596	8.6966	14.1524
k141_62498	4893	12.7495	12.7495	32.1146
k141_109464	1777	9.00246	9.00307	15.6242
k141_101259	2601	8.51367	8.51367	10.5992
k141_91605	2026	6.59861	6.59861	12.4889
k141_101260	1607	4.76184	4.76253	5.15095
k141_24882	4023	11.2579	11.2579	22.2911
k141_62500	2445	4.66754	4.66754	4.55157
k141_109465	1503	7.66223	7.66223	10.1973
k141_6778	7779	9.62315	9.62315	19.4064
k141_17579	3150	10.097	10.097	13.6589
k141_72616	2915	9.03472	9.03508	15.0243
k141_101266	2054	5.38288	5.38288	6.60426
k141_43983	14647	13.8014	13.8014	25.4064
k141_6782	1512	4.07269	4.07269	5.58548
k141_109466	5772	9.95037	9.95055	17.4716
k141_72617	2983	6.17579	6.17579	10.5406
k141_91612	4292	7.9464	7.9464	15.8194
k141_6784	1649	8.34423	8.34423	14.2578
k141_34332	22656	19.7349	19.7349	45.0181
k141_17582	7243	9.86578	9.86578	26.1566
k141_6785	1961	10.1866	10.1866	17.3662
k141_54795	32254	12.3925	12.3925	31.2365
k141_101272	3884	15.9422	15.9422	42.5019
k141_62507	6324	10.3369	10.3369	18.0312
k141_17588	1535	7.05848	7.05848	12.5074
k141_6789	1648	9.84579	9.84579	10.685
k141_91616	5273	8.7156	8.7156	22.2266
k141_62509	3409	7.6235	7.6235	19.5449
k141_34337	7846	8.08498	8.08511	12.8925
k141_6795	2098	6.83214	6.83214	16.9985
k141_91619	1699	8.26985	8.26985	15.3548
k141_109480	4258	10.8157	10.8157	14.6377
k141_17590	4755	8.36135	8.36135	18.3047
k141_91621	1527	5.23457	5.23457	8.01252
k141_34338	1642	9.29156	9.29156	15.8982
k141_109483	1592	4.88003	4.88003	10.132
k141_54802	4769	5.93419	5.93419	9.01551
k141_62511	2478	23.3922	23.3922	47.2627
k141_72627	7889	9.96653	9.96653	14.6574
k141_34339	3004	12.0133	12.0133	21.1024
k141_72629	1689	4.4373	4.4373	4.466
k141_17594	2296	7.79497	7.79497	12.7244
k141_109486	1586	13.0571	13.0571	18.847
k141_24912	2126	10.3659	10.3659	18.446
k141_6805	1502	7.63905	7.63905	7.41961
k141_109487	1538	5.83141	5.83141	9.56202
k141_54805	2429	5.8258	5.8258	12.6242
k141_17595	2753	8.72801	8.72801	8.0444
k141_24914	1696	6.94631	6.94631	17.9071
k141_91632	2468	6.27783	6.27826	9.30504
k141_6806	5928	10.0523	10.0523	21.296
k141_17601	3208	8.66024	8.66024	15.9755
k141_91637	1871	6.75537	6.75537	11.7001
k141_54807	7506	7.34584	7.34584	12.1315
k141_109500	2236	11.2737	11.2737	20.1835
k141_43985	29617	24.7469	24.7469	80.5692
k141_62527	1590	6.17708	6.17708	4.15697
k141_17605	1893	10.0706	10.0706	12.4548
k141_91638	3419	11.6173	11.6173	20.1897
k141_72634	4042	7.29162	7.29162	19.6317
k141_54808	3895	13.5736	13.5736	24.0861
k141_43987	3079	10.7969	10.7969	19.8696
k141_62531	2528	13.127	13.1274	23.2236
k141_34343	9858	14.9508	14.9508	36.7849
k141_24919	14932	9.92619	9.92619	19.657
k141_17607	3100	8.30407	8.30407	16.0394
k141_6816	6331	10.399	10.399	19.4941
k141_109507	1739	8.61234	8.61234	13.5675
k141_91645	1588	6.27191	6.27191	13.9824
k141_43990	2153	9.2012	9.2012	23.7838
k141_72643	1796	4.96112	4.96173	12.1135
k141_43991	1566	9.2387	9.2387	17.4441
k141_91648	1766	7.24381	7.24381	16.6041
k141_72644	1807	7.42909	7.42909	12.9178
k141_72645	1666	8.52573	8.52573	16.4278
k141_17614	3489	6.6442	6.6442	6.34424
k141_43994	1968	8.9901	8.9901	21.7577
k141_62542	2277	8.3653	8.3653	11.6675
k141_109511	2237	3.85434	3.85434	3.51377
k141_24937	2112	6.96432	6.96432	13.7948
k141_6823	1995	7.85583	7.85583	12.4639
k141_17620	2547	6.98623	6.98623	14.9761
k141_62544	1869	5.57941	5.57941	7.73162
k141_62545	1906	6.68451	6.68451	5.86631
k141_91655	1601	12.8822	12.8822	31.2681
k141_72650	1679	6.14258	6.14258	8.65513
k141_43999	2337	5.23274	5.23274	3.93897
k141_34362	3779	10.8391	10.8391	21.3792
k141_24939	6322	12.8901	12.8901	49.602
k141_17622	7131	10.5505	10.5505	18.4826
k141_6824	7009	11.2359	11.2359	19.6522
k141_91656	5005	8.53697	8.53697	14.3653
k141_44002	3768	8.01216	8.01216	8.47817
k141_101295	42658	14.9629	14.9629	30.3696
k141_24948	1527	10.0399	10.0399	16.505
k141_109515	8637	9.83151	9.83151	15.1596
k141_6830	2207	6.89791	6.89791	10.1793
k141_72661	2054	8.08613	8.08613	28.8376
k141_91657	3108	12.4111	12.4111	21.6307
k141_62548	8220	17.9632	17.9632	35.8902
k141_24952	2274	9.32015	9.32015	20.212
k141_91666	1768	7.04821	7.04821	10.2648
k141_109520	2820	11.173	11.173	16.0623
k141_17626	14974	9.95501	9.95501	20.7534
k141_6835	1806	5.69444	5.69444	8.55186
k141_91667	1827	11.9869	11.9869	23.7481
k141_109521	1834	8.43587	8.43646	13.3822
k141_101307	2296	11.4017	11.4017	20.9138
k141_34363	13037	16.1217	16.1217	46.325
k141_62552	6130	7.55284	7.55284	9.54169
k141_54837	18798	16.038	16.038	42.8216
k141_72672	3518	6.71793	6.71793	10.9047
k141_101311	1727	5.04946	5.04946	6.63465
k141_62558	2086	9.46333	9.46333	18.0379
k141_72675	1704	6.46589	6.46589	10.6663
k141_34365	4460	8.51717	8.51717	16.1827
k141_91673	1531	7.38812	7.38812	11.1464
k141_34366	1782	5.43934	5.43934	9.25323
k141_91674	1611	5.88501	5.88501	5.61824
k141_17632	1905	6.32023	6.32023	13.1756
k141_44019	3832	9.22216	9.22216	14.274
k141_62559	2460	8.30606	8.30606	13.4729
k141_24953	12874	13.5545	13.5545	26.7884
k141_54842	4003	7.61926	7.61926	9.33801
k141_72681	1647	6.60721	6.60721	8.19591
k141_101316	4020	7.7031	7.7031	9.98812
k141_44023	1756	5.94022	5.94022	5.46433
k141_17636	2806	5.71047	5.71047	7.53605
k141_62564	1604	11.8686	11.8686	34.4664
k141_6841	5676	7.8346	7.8346	14.3611
k141_54847	1764	5.61028	5.61028	7.61801
k141_17642	2051	9.5839	9.5839	19.2221
k141_101321	3157	9.16229	9.16229	16.8362
k141_34372	3289	9.52469	9.52469	20.788
k141_91684	1651	5.48634	5.48634	11.8178
k141_109538	2222	8.29826	8.29826	12.4566
k141_62565	7224	8.70724	8.70724	17.9474
k141_72685	2189	8.10446	8.10446	8.00715
k141_44031	1841	22.4051	22.4051	771.283
k141_6847	3106	10.4493	10.4493	29.1616
k141_24955	10463	9.20111	9.20111	17.3876
k141_34376	1602	5.6095	5.6095	5.55861
k141_109540	1641	4.41583	4.41583	3.2028
k141_72686	2473	6.05984	6.05984	6.32759
k141_91690	1784	5.194	5.194	4.89376
k141_62569	1724	4.75794	4.75794	6.03738
k141_54851	1955	5.90249	5.90249	4.19891
k141_81358	109262	25.1841	25.1841	52.9916
k141_72687	2292	6.12091	6.12091	7.91112
k141_54852	1920	5.76045	5.76045	8.88099
k141_81359	3082	11.0593	11.0593	15.1285
k141_17650	1851	5.72075	5.72075	10.8026
k141_72688	3362	6.72634	6.72634	12.686
k141_24963	3322	8.76702	8.76734	29.3389
k141_91694	1722	5.39377	5.39377	13.1619
k141_17656	2213	5.92971	5.92971	8.38746
k141_109550	1686	27.2988	27.2988	287.886
k141_24966	1517	8.81931	8.81931	13.7414
k141_101325	8524	9.41617	9.41617	16.0654
k141_109552	2358	8.20109	8.20109	14.1544
k141_54864	2262	8.90009	8.90009	8.23678
k141_34386	3981	12.2816	12.2816	23.7866
k141_72695	3234	7.07425	7.07425	14.3034
k141_91699	1776	5.27122	5.27122	6.88576
k141_62583	1642	10.0147	10.0154	12.4793
k141_101327	1752	5.65668	5.65668	4.17935
k141_44045	6327	6.53618	6.53618	8.98101
k141_81369	1534	6.04841	6.04841	12.3223
k141_91700	2080	7.3658	7.3658	12.0424
k141_101330	1570	5.60634	5.60634	8.19655
k141_54868	3095	16.4713	16.4713	29.7504
k141_17665	2088	7.84727	7.84727	25.3147
k141_72701	1927	8.98087	8.98087	19.2034
k141_81372	1926	30.6289	30.6289	745.986
k141_24968	11382	12.7299	12.7299	27.7286
k141_54870	4087	11.874	11.874	17.7521
k141_72702	1947	8.46355	8.46411	12.1732
k141_6877	1530	4.75217	4.75217	7.76591
k141_91704	2063	10.1385	10.1385	13.2303
k141_109560	6977	13.3236	13.3236	34.1367
k141_101337	2567	8.024	8.024	11.1716
k141_17667	2255	9.76865	9.76865	53.2968
k141_44056	3642	8.39605	8.39605	14.5107
k141_24972	1770	3.64198	3.64198	3.5197
k141_34400	2941	9.85991	9.85991	13.7729
k141_34401	2209	7.96406	7.96406	19.2554
k141_72710	1870	7.96802	7.96802	18.1368
k141_44063	2108	8.34883	8.34934	16.819
k141_81379	4860	8.47495	8.47495	11.7844
k141_62586	13203	15.2608	15.2608	52.8779
k141_34404	1515	5.00879	5.00879	5.83273
k141_109567	4812	8.57207	8.57207	12.4239
k141_24976	6551	13.0348	13.0348	22.2463
k141_34405	1732	8.00822	8.00885	7.66722
k141_6883	4206	13.3102	13.3102	37.8809
k141_54880	5231	9.15292	9.15292	26.444
k141_91719	1523	6.39548	6.39548	8.79749
k141_72712	2434	7.25701	7.25701	13.4289
k141_17680	2749	11.3024	11.3024	23.0285
k141_54883	1852	6.46005	6.46005	8.01219
k141_44072	1717	9.50989	9.50989	15.1249
k141_54884	1853	8.00705	8.00705	9.53696
k141_24979	2350	6.755	6.755	15.3756
k141_6892	2115	4.61221	4.61221	2.47784
k141_81384	6331	7.43181	7.43181	12.7868
k141_72717	3415	11.9685	11.9685	28.0558
k141_24981	1578	8.77661	8.77661	20.9586
k141_72718	1610	4.85822	4.85822	4.9127
k141_62589	7601	10.8316	10.8316	21.18
k141_17694	1755	4.87788	4.87788	3.7881
k141_54892	2548	5.81776	5.81776	8.72479
k141_109577	4453	30.7713	30.7713	883.661
k141_24982	4016	9.49974	9.49974	21.1517
k141_91725	6472	7.09839	7.09839	12.7392
k141_54894	1606	8.75481	8.75481	13.1736
k141_24983	1555	8.03061	8.03061	10.3445
k141_17696	2515	6.53404	6.53404	9.27349
k141_81393	3054	7.83505	7.83505	14.4389
k141_54895	3391	7.85899	7.85899	16.4786
k141_6901	6963	10.221	10.221	19.78
k141_24988	1581	6.40461	6.40461	4.25926
k141_109581	1905	6.19259	6.19259	10.1545
k141_17697	3148	7.84189	7.84189	20.8276
k141_54898	1580	6.85804	6.85804	8.01693
k141_54899	1573	4.80253	4.80253	4.21627
k141_62597	2365	8.27359	8.27359	9.89074
k141_81396	5585	9.91647	9.91647	30.2509
k141_34406	16498	13.9306	13.9306	28.9706
k141_62598	2136	6.10826	6.10826	10.1601
k141_91734	3692	7.34133	7.34133	17.937
k141_34408	4680	7.78212	7.78212	14.4962
k141_24996	2537	8.74696	8.74738	10.624
k141_81400	5713	9.45443	9.45443	13.8158
k141_54904	8792	17.2575	17.2575	37.3372
k141_62610	2291	13.4717	13.4717	16.3297
k141_6907	11549	12.621	12.621	18.3624
k141_54906	2328	9.01102	9.01102	18.2901
k141_62611	1596	6.47026	6.47026	5.82161
k141_91736	7907	13.2865	13.2865	32.6418
k141_44105	6969	9.47764	9.47764	18.2069
k141_34413	2930	7.81547	7.81547	6.12248
k141_81402	4784	10.287	10.287	18.3803
k141_6913	1665	5.17558	5.17558	4.27035
k141_54912	2209	7.86207	7.86207	28.9119
k141_72719	28815	27.7656	27.7656	89.3099
k141_81405	4830	9.11047	9.11047	13.9969
k141_72721	2362	9.29656	9.29656	18.2305
k141_81408	1695	4.86537	4.86602	5.80133
k141_17733	1644	5.30857	5.30857	9.47404
k141_72724	2768	9.14935	9.14935	11.5789
k141_6923	5860	8.24273	8.24273	12.5942
k141_34421	4284	9.61732	9.61732	12.7832
k141_81411	1850	4.72882	4.72882	5.27252
k141_72726	1509	8.31935	8.31935	28.8036
k141_101341	56228	26.8151	26.8151	1374.07
k141_34422	1740	9.71132	9.71132	12.5051
k141_25004	17066	19.1223	19.1223	67.4653
k141_91746	4870	9.52606	9.52606	15.3196
k141_6926	2647	6.94594	6.94594	10.2938
k141_72729	2021	8.78033	8.78033	10.2903
k141_44125	1975	4.9463	4.9463	4.13311
k141_101344	1749	6.30457	6.30457	9.42713
k141_109586	28659	20.3224	20.3224	45.7767
k141_81414	3658	7.73119	7.73119	13.9399
k141_91749	1739	9.21397	9.21397	19.2011
k141_17738	2111	6.55533	6.55533	3.21849
k141_34428	2092	5.41092	5.41092	10.0041
k141_6927	4028	8.13383	8.13383	10.7916
k141_17743	1706	8.79434	8.79434	10.1647
k141_81420	2200	10.1351	10.1351	21.8396
k141_109590	2018	5.35385	5.35385	5.44359
k141_101353	1694	7.76166	7.76166	15.8512
k141_44130	2479	5.82396	5.82396	7.07723
k141_72733	4166	10.6755	10.6755	17.3034
k141_17745	2779	7.93305	7.93305	11.5549
k141_101356	2516	9.43449	9.43491	18.9707
k141_6928	7343	15.1617	15.1617	40.8032
k141_34435	2173	6.75976	6.75976	15.2693
k141_17749	2533	8.99748	8.99748	20.0117
k141_34437	2509	28.6036	28.6036	95.2955
k141_72739	1823	7.09863	7.09863	12.8785
k141_62613	25476	16.7902	16.7902	44.7493
k141_6932	3336	8.61456	8.61456	16.4486
k141_91764	6164	7.7416	7.7416	12.9207
k141_34438	2146	7.33016	7.33016	12.945
k141_81424	8531	7.56032	7.56032	11.5636
k141_6936	1872	7.34495	7.34495	13.3453
k141_62616	2431	6.21613	6.21613	8.25105
k141_72740	2290	10.9495	10.9495	22.2292
k141_109603	2087	5.17656	5.17656	6.68888
k141_44138	4046	8.41222	8.41222	18.0471
k141_101359	7679	11.4681	11.4681	26.7885
k141_62618	2128	9.74469	9.74469	12.5342
k141_34443	2670	11.1369	11.1369	11.5116
k141_44141	1724	8.02287	8.02287	12.6962
k141_101362	2135	12.0982	12.0982	27.3185
k141_54927	17245	16.2826	16.2826	32.9003
k141_34444	1541	6.55931	6.55931	7.65816
k141_101363	2238	7.75479	7.75479	11.587
k141_109608	4774	9.81726	9.81726	13.4467
k141_6939	5645	7.76706	7.76706	12.5616
k141_81429	5520	9.34581	9.34581	13.1716
k141_44144	1809	8.28511	8.28511	13.479
k141_72747	3257	8.5214	8.52172	13.2417
k141_81430	1769	7.26251	7.26251	5.08988
k141_91766	10466	9.98003	9.98003	21.2398
k141_17764	1598	5.43439	5.43439	13.6294
k141_54932	3657	7.1996	7.1996	16.1312
k141_6944	2869	5.47701	5.47701	9.0759
k141_72750	2215	9.33027	9.33027	16.6069
k141_81433	2107	6.33316	6.33316	10.3265
k141_109611	3122	9.39334	9.39367	16.5707
k141_6946	2728	6.67611	6.67611	12.2151
k141_44147	5155	16.5223	16.5223	42.8069
k141_34452	2980	8.33357	8.33357	12.6445
k141_17771	2994	9.05204	9.05204	9.6372
k141_91769	4540	10.1711	10.1711	22.2732
k141_81434	3246	9.98773	9.98773	39.9875
k141_44149	1607	6.72821	6.72821	5.31621
k141_109613	3113	10.5383	10.5386	25.0505
k141_101377	1788	9.69231	9.69292	16.5769
k141_72754	1813	8.14011	8.14011	8.58258
k141_109614	1681	4.68191	4.68191	4.18301
k141_6947	5148	7.44418	7.44418	11.2609
k141_81438	1944	10.636	10.636	18.3209
k141_54940	3767	6.55599	6.55599	7.09601
k141_72756	2787	6.49147	6.49147	9.96545
k141_91776	1616	6.99318	6.99318	5.42247
k141_91777	1987	16.5999	16.5999	126.226
k141_109618	1975	5.78959	5.78959	6.82844
k141_62647	2167	8.09965	8.09965	27.6889
k141_6952	2213	6.31653	6.31653	10.7781
k141_54946	1930	8.21742	8.21742	21.1752
k141_34456	8355	23.2324	23.2324	75.9019
k141_72760	2298	11.4097	11.4097	15.6578
k141_44159	3006	7.45588	7.45588	15.8006
k141_17778	7863	13.7611	13.7611	25.3064
k141_81448	1539	6.21598	6.21598	7.20691
k141_34457	1526	5.62137	5.62137	9.72193
k141_54950	1946	6.47327	6.47327	6.2216
k141_101390	2462	7.19896	7.19896	15.5485
k141_62650	2549	18.2509	18.2509	59.8747
k141_6955	3361	6.6403	6.6403	13.0012
k141_72762	1908	11.0125	11.0125	43.9262
k141_44162	1786	6.67604	6.67604	19.4534
k141_81450	3109	10.8479	10.8479	18.6862
k141_34460	2244	7.40306	7.40306	15.1734
k141_54951	4050	9.33385	9.33385	17.2314
k141_101394	2814	6.02215	6.02215	13.8397
k141_44164	1629	8.07437	8.07505	21.8299
k141_81452	1642	6.83177	6.83177	11.287
k141_91788	2874	7.04185	7.04185	10.3927
k141_54954	1551	7.43897	7.43897	16.3378
k141_6959	4005	6.3655	6.3655	7.81834
k141_109619	11771	10.9561	10.9561	18.2758
k141_17783	3270	8.02372	8.02372	19.1621
k141_34465	2443	7.83646	7.83646	16.0801
k141_54958	1655	6.22724	6.22724	6.78473
k141_81455	2380	6.98834	6.98834	14.5741
k141_91789	3932	8.0193	8.0193	10.3781
k141_72775	2871	7.03087	7.03087	7.28803
k141_81456	2461	9.57378	9.57378	16.4576
k141_25038	41540	16.3294	16.3294	42.2782
k141_62667	1725	6.1073	6.1073	3.95483
k141_54962	2059	6.93871	6.93871	16.3825
k141_17789	2878	7.05718	7.05718	11.5391
k141_44172	4472	11.9977	11.9977	15.9519
k141_44173	1991	7.04943	7.04943	17.0731
k141_109627	3428	16.403	16.403	77.5641
k141_25040	2273	5.28921	5.28921	5.38473
k141_72780	2734	7.58862	7.58862	10.9066
k141_62672	1724	5.21347	5.21347	7.21823
k141_81457	5139	16.745	16.745	36.7118
k141_54964	4697	7.99384	7.99384	19.3577
k141_72782	3096	9.41208	9.41208	22.0024
k141_62674	2461	6.30636	6.30636	5.50787
k141_25048	2320	7.30691	7.30691	13.6291
k141_54969	1525	9.28945	9.28945	15.9191
k141_81462	2679	6.90194	6.90194	6.46665
k141_62675	1882	8.3649	8.3649	14.4052
k141_62676	1581	7.33892	7.33892	7.8271
k141_44183	4150	10.2295	10.2295	17.7884
k141_81465	1725	9.35365	9.35429	48.6635
k141_17800	5109	11.4529	11.4529	16.9709
k141_25054	2144	10.4052	10.4052	14.6104
k141_109639	1729	7.03357	7.03357	11.4583
k141_54971	3325	8.75528	8.75528	18.9221
k141_72784	6070	6.54189	6.54189	11.2235
k141_44185	2172	12.1929	12.1929	30.4844
k141_91790	18201	11.7224	11.7224	26.2988
k141_34474	14837	14.7998	14.7998	29.9753
k141_81469	1897	7.85919	7.85919	15.5769
k141_109644	1966	5.94163	5.94163	7.15801
k141_25060	1680	7.54967	7.54967	9.33992
k141_17801	5378	9.65838	9.65838	17.8569
k141_34476	2654	7.04393	7.04393	17.8915
k141_81471	3935	6.25099	6.25099	8.78622
k141_72789	4179	8.61355	8.61355	15.0118
k141_17804	1547	14.8812	14.8812	38.0835
k141_44192	2801	7.91928	7.91928	8.6395
k141_91801	2935	7.31598	7.31598	12.6114
k141_25067	2050	10.9347	10.9347	50.4508
k141_54981	1860	5.84328	5.84328	6.74301
k141_54982	1573	12.5109	12.5109	44.9928
k141_34479	4239	8.45048	8.45048	18.8006
k141_81479	2110	6.45612	6.45612	14.6096
k141_17807	4909	8.32843	8.32843	10.3145
k141_54983	2156	8.00548	8.00548	10.7685
k141_25075	1506	7.66298	7.66298	17.1668
k141_91811	1925	8.01634	8.01634	18.0465
k141_62692	9044	9.69777	9.69777	17.0258
k141_54989	1612	5.0342	5.03488	7.37664
k141_44194	9114	9.9546	9.9546	18.7143
k141_25078	2577	12.2427	12.2427	14.6868
k141_44195	1865	3.69971	3.69971	2.17871
k141_72809	2064	9.49687	9.49687	18.314
k141_17818	1559	5.60539	5.6061	11.8937
k141_62694	3080	8.53959	8.53959	13.3241
k141_34491	3164	6.19376	6.19376	9.25878
k141_54992	3188	8.37492	8.37492	20.7639
k141_109648	14947	15.1368	15.1368	43.9865
k141_25083	1525	7.19709	7.19709	14.2646
k141_101396	47707	29.6373	29.6373	71.054
k141_34494	1535	6.51408	6.51408	5.79912
k141_72812	2466	9.40155	9.40155	26.3165
k141_81486	8715	11.3075	11.3075	21.6027
k141_91817	5515	8.97335	8.97335	21.2735
k141_34495	1691	2.45555	2.45555	1.41961
k141_81487	1600	5.40621	5.40621	3.35803
k141_91818	2031	7.46358	7.46358	14.6765
k141_72817	1825	8.01672	8.01731	13.563
k141_91819	1704	6.35521	6.35521	7.13832
k141_62706	3188	8.18203	8.18203	16.9576
k141_91820	2158	6.94671	6.94671	11.8133
k141_44201	8135	9.61102	9.61102	18.8569
k141_25095	1709	8.89416	8.8948	15.2894
k141_34500	4743	15.7962	15.7962	27.8744
k141_81494	2455	9.99783	9.99783	20.6794
k141_109658	4073	12.039	12.039	27.4914
k141_91822	1545	15.053	15.053	13.9957
k141_44204	2025	4.68213	4.68213	5.48582
k141_62709	2236	5.05321	5.05321	9.29268
k141_109660	1542	5.98204	5.98204	4.3052
k141_81499	2950	5.08607	5.08607	6.2916
k141_34507	1537	6.92358	6.92358	11.58
k141_44214	1507	6.01548	6.01548	18.5037
k141_101423	2636	5.85801	5.85801	7.19066
k141_34512	1833	7.10636	7.10636	12.5161
k141_109665	4057	8.48631	8.48631	11.843
k141_44219	1732	6.79456	6.79456	10.8111
k141_17834	14254	11.705	11.705	20.5969
k141_34513	2557	8.72081	8.72081	9.60615
k141_34514	2256	4.55271	4.55271	5.28774
k141_109670	1929	7.49129	7.49129	10.0993
k141_34515	1976	6.43976	6.43976	6.99613
k141_25100	15311	28.4607	28.4607	78.0251
k141_81515	1827	7.45796	7.45796	6.29852
k141_17842	1657	9.32117	9.32117	18.5993
k141_91845	1919	5.24534	5.24534	8.84589
k141_101429	5184	14.2851	14.2851	23.0678
k141_25101	1775	8.41908	8.41908	14.1032
k141_72821	19191	11.1622	11.1622	21.0386
k141_91846	2089	6.5116	6.5116	13.2727
k141_55006	18949	16.6139	16.614	41.8951
k141_101432	2283	6.17815	6.17815	10.0095
k141_109680	1759	13.3773	13.3773	32.051
k141_55007	1867	7.41118	7.41118	17.0816
k141_34523	1562	4.4398	4.4398	4.66897
k141_25103	3389	6.61253	6.61253	9.31095
k141_109683	1774	6.45936	6.45936	10.4457
k141_101434	2455	6.37701	6.37701	10.9235
k141_34526	3365	7.12597	7.12597	17.1104
k141_44225	13386	13.3317	13.3317	37.0315
k141_81527	3501	13.1844	13.1844	38.7551
k141_25106	4019	11.6226	11.6226	20.541
k141_72833	2551	8.05664	8.05664	19.7055
k141_6964	75569	28.8745	28.8745	66.1097
k141_17856	6022	10.0407	10.0407	21.0561
k141_72835	1964	8.0204	8.0204	18.7636
k141_91861	3094	9.15421	9.15421	15.0213
k141_101440	3102	10.6697	10.6697	22.3011
k141_72837	1631	6.84132	6.84132	6.52556
k141_6966	2481	14.5581	14.5581	33.3738
k141_25113	2445	7.91329	7.91329	8.82204
k141_34531	4445	7.22561	7.22561	13.403
k141_91862	2685	6.85523	6.85523	11.1355
k141_109694	2110	4.775	4.775	6.12136
k141_81533	2542	8.5092	8.5092	17.2036
k141_17860	2885	8.02121	8.02121	25.9629
k141_72842	1945	6.6117	6.6117	9.18413
k141_44230	5403	10.2123	10.2123	17.4163
k141_81535	1770	6.16914	6.16914	6.82747
k141_91863	3141	6.84687	6.84687	9.91704
k141_109698	2674	7.6664	7.6664	15.1776
k141_34537	1664	5.70674	5.70674	19.2821
k141_81538	2221	11.2429	11.2429	16.3945
k141_91871	2432	4.94961	4.94961	4.85368
k141_55008	19894	10.8008	10.8008	21.7276
k141_72850	1634	5.68531	5.68531	5.91109
k141_91872	1982	6.29258	6.29258	10.4191
k141_109702	1647	5.52705	5.52705	7.78148
k141_101454	3399	6.55279	6.55279	9.86181
k141_34542	3908	8.28552	8.28552	19.3778
k141_72855	2383	8.42006	8.42006	6.5
k141_6990	2274	10.4765	10.4765	19.1001
k141_17868	8452	8.64611	8.64611	17.7972
k141_34544	2077	6.34146	6.34146	10.1751
k141_81550	1694	6.9022	6.9022	6.10903
k141_109709	1700	6.31871	6.31871	6.61237
k141_91880	2469	10.7779	10.7779	13.7966
k141_55015	3856	12.03	12.03	31.6996
k141_6991	4355	7.13222	7.13222	6.08956
k141_17870	3066	8.25103	8.25103	13.8601
k141_101463	1511	6.38134	6.38134	10.8479
k141_72859	3291	5.90194	5.90194	10.3694
k141_44246	4252	12.2582	12.2582	28.4269
k141_55020	2073	5.5845	5.5845	6.92566
k141_81555	3491	14.3406	14.3406	25.5702
k141_17872	1716	7.6986	7.6986	22.7884
k141_91881	4113	9.92279	9.92279	17.3446
k141_109715	2508	5.10093	5.10093	4.10094
k141_72865	1896	5.34937	5.34937	8.4853
k141_62711	54715	14.6529	14.6529	28.5062
k141_44250	6039	9.70844	9.70844	18.6985
k141_6996	4127	13.9806	13.9806	25.2676
k141_34563	2323	14.0041	14.0046	67.7189
k141_55030	3556	22.4336	22.4336	50.228
k141_81567	2050	6.26632	6.26632	5.50983
k141_72871	1521	6.98104	6.98104	8.38505
k141_91889	2394	8.85027	8.85027	22.7932
k141_62717	3078	10.0782	10.0782	14.6077
k141_72872	2066	4.94833	4.94833	4.5012
k141_17889	2131	8.40384	8.40384	9.31559
k141_109732	1999	8.30719	8.30773	27.1308
k141_62719	3134	4.79122	4.79122	4.88865
k141_81570	3001	5.87653	5.87653	11.4838
k141_44253	7633	12.0385	12.0385	24.8039
k141_34569	6377	11.6501	11.6501	22.1289
k141_91896	1652	7.67976	7.67976	8.3457
k141_62721	1982	7.11845	7.11845	10.7478
k141_17898	1710	10.0321	10.0327	20.2511
k141_109738	1811	9.01626	9.01626	12.5617
k141_17899	1661	9.8544	9.85506	20.4644
k141_81572	2788	3.52123	3.52123	2.29964
k141_109740	1790	9.02683	9.02683	13.1074
k141_55042	2759	8.12879	8.12879	12.2403
k141_101467	15936	11.5787	11.5787	18.9736
k141_34577	2603	8.44395	8.44395	11.4566
k141_44262	1827	13.1169	13.1169	42.1535
k141_17903	1554	7.08547	7.08547	12.6042
k141_55045	1898	13.5841	13.5841	24.6404
k141_44263	1588	6.72392	6.72392	9.77829
k141_101472	2126	6.78289	6.78289	11.2537
k141_34582	2594	12.716	12.716	23.338
k141_72883	3683	7.87206	7.87206	12.5117
k141_91909	1602	8.08953	8.08953	7.3745
k141_7018	4077	7.23122	7.23122	15.1355
k141_81583	2389	6.64359	6.64359	9.66374
k141_62727	9118	17.591	17.591	53.1677
k141_44270	1503	6.93939	6.93939	11.6442
k141_72885	1938	5.19631	5.19631	6.41864
k141_7020	1831	8.70196	8.70256	11.3639
k141_44273	1753	4.73612	4.73674	7.76588
k141_72886	2859	7.83167	7.83167	7.71021
k141_34585	8243	13.1658	13.1658	31.5477
k141_62734	2418	10.1265	10.1265	15.4101
k141_72889	1663	5.03966	5.04032	4.29663
k141_34586	2470	6.96595	6.96595	8.82115
k141_91912	7815	19.8904	19.8904	114.195
k141_7026	2787	11.653	11.653	24.8496
k141_109741	20678	10.1318	10.1318	20.2062
k141_101480	8198	9.04858	9.04858	14.3946
k141_81588	6203	8.29076	8.29076	12.9033
k141_62735	2334	8.90476	8.90476	17.5394
k141_7027	3018	7.81485	7.81485	13.041
k141_91916	3015	6.02932	6.02932	5.32951
k141_55065	3947	10.5294	10.5294	17.8954
k141_62738	1657	6.98407	6.98407	8.37154
k141_72893	3683	7.00906	7.00906	12.1692
k141_7028	1845	7.25546	7.25546	15.3509
k141_62739	1743	6.50722	6.50722	7.72747
k141_72897	1660	5.6245	5.6245	6.80725
k141_62741	2126	8.4671	8.4671	16.8556
k141_109745	1615	8.36655	8.36655	8.13399
k141_91925	2447	10.3204	10.3204	15.1385
k141_25131	60712	14.9733	14.9733	31.653
k141_101497	3948	8.14876	8.14876	13.4566
k141_72900	5177	14.2829	14.2829	35.4837
k141_25133	4185	19.5698	19.5698	42.1904
k141_91926	6028	12.0228	12.0228	37.4515
k141_55085	2375	5.97978	5.97978	10.2482
k141_81606	2363	13.2458	13.2458	36.6963
k141_44293	3161	7.8987	7.8987	13.5695
k141_101504	1661	5.64064	5.64064	8.00917
k141_72906	2263	6.70705	6.70705	5.55104
k141_17910	25339	14.4862	14.4862	31.8972
k141_81607	1585	6.80906	6.80906	6.57299
k141_72907	2004	15.5674	15.5674	288.088
k141_17912	2470	15.9845	15.9845	51.8705
k141_44295	3048	9.84886	9.84886	10.5066
k141_25138	1645	7.70702	7.70702	10.9102
k141_34604	7554	8.64843	8.64843	14.3991
k141_101506	2636	4.78962	4.78962	5.28407
k141_55095	1901	6.97773	6.97773	12.9395
k141_72910	2991	9.24639	9.24639	16.0576
k141_81612	4417	10.9691	10.9691	22.184
k141_62754	5998	15.1288	15.1288	33.3914
k141_109751	16642	17.1899	17.1899	44.3891
k141_17916	5165	10.2373	10.2373	21.3933
k141_72912	2805	10.0298	10.0298	23.1646
k141_62755	2540	4.2318	4.2318	3.36525
k141_17917	1534	4.56936	4.56936	5.52953
k141_109753	1720	5.2828	5.2828	8.19661
k141_7055	2344	6.88879	6.88879	9.48424
k141_72919	1507	8.19971	8.19971	4.62604
k141_34606	8492	9.12047	9.12047	21.5966
k141_7057	1818	14.7626	14.7626	37.3258
k141_44306	2419	6.86911	6.86911	11.1245
k141_91940	2827	6.2331	6.2331	8.05175
k141_55110	2484	8.54456	8.54456	16.8199
k141_81613	5617	8.04902	8.04902	12.5664
k141_25144	3229	8.46086	8.46086	12.6784
k141_55112	2202	9.5268	9.5268	16.5097
k141_91942	2082	19.3737	19.3737	57.8917
k141_109761	1511	7.93608	7.93608	22.8172
k141_7058	4171	8.43372	8.43372	13.7661
k141_101519	3269	9.26034	9.26034	28.3198
k141_44309	4887	7.06544	7.06544	9.20769
k141_25149	3646	11.0689	11.0689	20.2622
k141_62764	1550	6.76857	6.76857	7.50754
k141_101520	1769	8.07536	8.07536	11.6544
k141_55117	4212	7.42245	7.42245	12.318
k141_62765	2765	7.96635	7.96635	13.3707
k141_7060	3492	8.09964	8.09964	9.31741
k141_25151	1991	5.57034	5.57034	5.32996
k141_81619	5218	11.1586	11.1586	23.5719
k141_44311	3036	6.06098	6.06098	7.34735
k141_91947	3133	11.2709	11.2709	20.8677
k141_17920	16217	20.4837	20.4837	163.525
k141_101529	1781	5.0748	5.0748	5.67658
k141_55120	5748	14.4148	14.4148	29.1144
k141_7062	3659	9.00085	9.00114	10.1961
k141_25152	5459	8.42607	8.42607	16.4216
k141_17924	3053	7.72752	7.72752	10.037
k141_62772	2373	7.55511	7.55511	7.85827
k141_55123	3429	8.36963	8.36963	19.8453
k141_25154	3430	5.95183	5.95183	7.66101
k141_44319	3542	7.53597	7.53597	11.2774
k141_17926	3226	6.33388	6.33388	9.43683
k141_101538	2763	11.9667	11.9667	17.9417
k141_91958	2252	7.00523	7.00523	11.1675
k141_62773	1846	5.78479	5.78479	14.4591
k141_34624	4379	10.2171	10.2171	19.4196
k141_25155	2095	10.5943	10.5943	26.6692
k141_81629	4634	13.7727	13.7727	36.2954
k141_44321	1737	3.9748	3.9748	4.19231
k141_34625	1700	5.74387	5.74387	6.69032
k141_55124	2998	8.35744	8.35744	15.5245
k141_17929	2699	9.62299	9.62299	20.0065
k141_109782	4258	8.43184	8.43184	10.6462
k141_62774	2107	8.31732	8.31783	18.0247
k141_7065	4232	9.573	9.573	12.8545
k141_91961	2863	11.2613	11.2617	22.304
k141_44322	2859	9.35105	9.35105	16.8845
k141_34627	3008	11.5738	11.5738	34.5582
k141_81631	6425	8.21243	8.21243	13.8126
k141_44324	2687	5.44068	5.44068	11.1654
k141_17935	1755	7.77757	7.77757	11.2653
k141_101543	8675	8.93243	8.93243	20.6004
k141_91967	2835	7.946	7.946	11.2799
k141_109784	6389	10.0539	10.0539	15.361
k141_72924	26400	15.1815	15.1815	36.6771
k141_91969	2869	7.63442	7.63442	16.6532
k141_109786	1789	5.78829	5.78829	5.89836
k141_44332	1769	8.89932	8.89932	17.1723
k141_17943	1647	9.13894	9.13961	9.05064
k141_34631	5417	9.7135	9.7135	22.035
k141_55137	2142	4.28163	4.28163	4.95379
k141_55138	1733	4.20657	4.20657	4.4092
k141_72929	2033	6.90388	6.90388	15.3515
k141_81633	13082	10.9851	10.9851	23.9793
k141_7080	6703	8.89074	8.89074	12.4588
k141_62790	2751	38.6859	38.6859	173.383
k141_44339	2504	4.36279	4.36279	3.4
k141_72932	1584	10.1967	10.1967	22.7232
k141_55147	1783	4.60992	4.60992	4.36673
k141_7081	3684	11.5017	11.5017	24.8083
k141_34635	5136	8.74208	8.74208	15.7185
k141_91970	10150	13.4909	13.4909	29.4948
k141_7082	2264	8.0771	8.0771	13.8184
k141_101574	2154	11.2355	11.2355	19.9564
k141_34639	1784	5.23195	5.23195	5.97121
k141_81642	1722	9.01018	9.01018	10.7561
k141_91972	2008	7.0409	7.0409	8.02204
k141_109803	4251	8.87101	8.87101	15.5736
k141_91973	2234	9.70201	9.70201	34.8746
k141_44347	4003	7.5375	7.5375	14.5566
k141_101582	1599	5.08903	5.08903	3.89056
k141_17948	13390	15.2634	15.2634	39.7965
k141_91977	1530	7.96957	7.96957	12.82
k141_7089	1861	6.43834	6.43834	7.11649
k141_34648	1586	4.75209	4.75209	2.41934
k141_109804	3665	21.3041	21.3041	224.422
k141_44351	2581	6.62526	6.62526	9.2064
k141_62791	14373	9.50756	9.50756	15.5133
k141_101587	4231	6.23009	6.23009	15.2787
k141_25156	35713	20.8252	20.8252	48.7576
k141_55150	14622	13.4681	13.4681	34.974
k141_72958	1587	6.69798	6.69798	6.99374
k141_17955	1560	5.6305	5.6305	4.67175
k141_7096	2742	6.8561	6.8561	13.085
k141_25159	3708	9.59219	9.59219	22.3642
k141_81662	3302	9.75793	9.75793	18.6932
k141_91990	1641	7.80751	7.80751	12.5261
k141_62794	4325	7.12838	7.12838	12.317
k141_17958	1696	5.98836	5.98836	5.38628
k141_34651	6928	6.71968	6.71968	13.2404
k141_72961	1661	12.3018	12.3018	86.9143
k141_55153	4869	7.26807	7.26807	8.68456
k141_91993	1889	5.6406	5.6406	11.7964
k141_62797	2082	7.55538	7.55538	12.0782
k141_109817	1660	10.7834	10.7834	18.8987
k141_7099	3109	7.29098	7.29098	12.7063
k141_72965	2801	8.92984	8.92984	30.1702
k141_25164	3719	7.46512	7.46512	13.17
k141_34654	2962	9.66216	9.66216	21.4714
k141_17964	2911	11.0261	11.0261	12.9102
k141_7100	2025	5.71947	5.71947	5.19657
k141_109819	2379	6.33244	6.33244	12.5712
k141_81667	2152	7.72577	7.72577	12.0782
k141_91997	2273	13.9684	13.9684	62.4623
k141_34655	1502	4.31509	4.31509	4.17156
k141_55163	3203	8.36292	8.36325	10.2721
k141_62801	1594	7.95222	7.95222	15.5479
k141_25166	3844	10.0596	10.0596	18.8939
k141_44369	4702	10.5888	10.5888	22.8092
k141_62802	1658	8.89324	8.89324	9.11334
k141_72972	2566	7.76283	7.76283	12.6968
k141_62805	1704	12.908	12.908	16.8396
k141_109823	3960	6.26168	6.26168	15.6666
k141_44374	1668	5.71014	5.71014	5.69576
k141_55166	4575	9.63977	9.63977	16.165
k141_17975	1856	6.0129	6.0129	6.67785
k141_72978	2363	10.3642	10.3642	21.7687
k141_109827	1658	3.50199	3.50199	1.84937
k141_55171	2275	9.60941	9.60941	19.5684
k141_62813	1582	4.83101	4.83101	5.33966
k141_34672	4197	7.58488	7.58488	15.3051
k141_72981	2643	6.46931	6.46931	8.17292
k141_7105	11255	9.84061	9.84061	22.3812
k141_92010	6968	9.9296	9.9296	19.7456
k141_34673	2224	9.39682	9.39682	44.0077
k141_101592	20636	9.93195	9.93195	19.5114
k141_81677	9581	9.5483	9.5484	18.2323
k141_44376	6575	13.4114	13.4114	26.54
k141_81678	1853	6.00763	6.00763	4.43883
k141_62818	2146	6.44589	6.44589	13.5023
k141_92012	2650	6.0176	6.0176	11.2969
k141_44378	1584	7.13808	7.13808	6.47775
k141_17980	5159	9.04252	9.04272	12.8696
k141_17981	1627	15.2864	15.2864	35.1246
k141_92016	1916	6.37769	6.37769	8.62503
k141_72982	6156	9.73976	9.73993	14.9426
k141_81682	1703	4.84482	4.84482	7.69688
k141_7107	8293	9.11986	9.11986	19.8551
k141_44384	1723	12.4164	12.4164	23.8908
k141_92021	1762	7.78536	7.78536	12.7311
k141_72986	2009	13.9855	13.9855	35.7128
k141_44386	4206	16.89	16.89	29.9419
k141_25178	18754	15.1022	15.1022	33.034
k141_101607	5520	11.1827	11.1827	17.4647
k141_92027	1547	5.54188	5.54188	8.94893
k141_34689	3598	9.42372	9.42372	16.2923
k141_34690	1639	5.10745	5.10745	4.46292
k141_72988	4930	16.5824	16.5824	72.5217
k141_25182	1807	14.4671	14.4671	30.353
k141_18008	2106	6.70706	6.70706	17.4584
k141_92030	3003	8.08693	8.08693	13.613
k141_62820	18510	18.9995	18.9995	37.827
k141_72989	2202	6.52778	6.52778	4.79931
k141_101611	4124	8.85405	8.85405	12.2873
k141_18009	1886	6.38652	6.38652	8.73411
k141_109837	14621	8.9886	8.98867	19.5324
k141_7116	5476	8.82501	8.82501	12.5337
k141_81703	2353	8.36677	8.36677	11.7628
k141_109838	2489	8.79179	8.79179	14.3891
k141_25183	4918	8.02349	8.02349	10.5433
k141_92036	2596	9.09158	9.09158	20.2172
k141_55181	21076	12.7133	12.7133	29.7376
k141_7120	3418	9.50275	9.50275	17.7921
k141_18014	6022	13.0662	13.0662	38.9379
k141_62826	7905	8.9813	8.9813	18.5734
k141_109841	4024	5.70857	5.70857	7.82537
k141_72990	10241	12.8847	12.8847	20.6342
k141_72991	2455	3.93232	3.93232	2.96326
k141_72994	2368	7.26961	7.26961	11.1804
k141_109847	2051	5.95739	5.95739	14.4471
k141_7123	8561	12.9664	12.9664	27.9366
k141_62834	1624	5.51425	5.51425	11.9147
k141_55192	2838	6.88318	6.88318	13.2836
k141_34694	15527	16.3218	16.3218	38.6674
k141_34695	1513	4.67938	4.67938	10.8083
k141_62839	1594	5.04017	5.04017	10.9574
k141_101615	20075	10.1427	10.1427	20.6032
k141_44392	29086	35.8641	35.8641	88.037
k141_34697	2039	31.7872	31.7872	832.864
k141_109848	6106	9.75521	9.75521	25.6388
k141_62842	2596	30.0944	30.0944	56.0003
k141_101620	1900	6.90343	6.90343	12.316
k141_109850	1918	3.5888	3.5888	2.59087
k141_55193	8162	14.4759	14.4759	36.4418
k141_62845	1585	6.17073	6.17073	7.58106
k141_73009	1711	9.90583	9.90583	26.7648
k141_44394	5566	10.7967	10.7967	15.2494
k141_109854	2616	6.76561	6.76561	8.52177
k141_101624	2647	9.39087	9.39087	16.4576
k141_73011	1664	9.41215	9.41215	17.3461
k141_92042	20509	14.1319	14.1319	35.6749
k141_62851	1752	6.42385	6.42385	12.3905
k141_101626	1668	7.95191	7.95191	7.43675
k141_34709	1715	10.6268	10.6268	25.4337
k141_92043	1692	5.75097	5.75097	13.6032
k141_44397	2908	15.0566	15.0566	34.1146
k141_62854	1509	7.65857	7.65857	12.8686
k141_109856	3315	15.0461	15.0461	40.2506
k141_62855	1779	4.7477	4.7477	5.48243
k141_44399	2617	16.5833	16.5837	36.1304
k141_92045	3678	19.3101	19.3101	26.8094
k141_73019	4196	7.15818	7.15818	13.1222
k141_55198	5690	9.28231	9.28231	14.708
k141_109857	4128	11.4852	11.4852	34.634
k141_73022	2234	8.23081	8.23081	11.1704
k141_81722	26859	15.5586	15.5586	36.6045
k141_7124	22724	13.7184	13.7184	52.8484
k141_44402	2694	10.0853	10.0853	15.8052
k141_18019	33882	16.5464	16.5464	64.6271
k141_34716	5233	8.89593	8.89593	14.0058
k141_109861	1872	6.30604	6.30604	10.424
k141_101640	1722	9.4841	9.4841	25.5445
k141_7126	2234	4.90883	4.90883	6.20104
k141_34719	1511	6.08229	6.08229	4.87416
k141_81725	2554	6.95175	6.95175	13.0538
k141_92057	2638	7.49799	7.49799	9.97825
k141_62859	12407	10.3529	10.3529	20.2107
k141_81730	1694	5.42811	5.42811	4.75568
k141_7133	3367	4.70905	4.70936	4.2585
k141_18033	2297	5.75221	5.75221	10.9674
k141_44412	1766	4.40408	4.40408	3.90538
k141_62860	4295	10.3399	10.3399	13.099
k141_34723	5718	8.60165	8.60183	15.6142
k141_81737	1779	8.28852	8.28852	10.1808
k141_55220	2785	8.40797	8.40797	15.0175
k141_101643	10565	9.26423	9.26423	24.6916
k141_62865	2369	7.50113	7.50113	7.10941
k141_109880	2204	5.88656	5.88656	7.66031
k141_73039	8901	13.4542	13.4542	35.7968
k141_18047	2063	8.63199	8.63199	13.2745
k141_34727	2308	15.3614	15.3614	77.6855
k141_44420	1594	7.59557	7.59557	11.3221
k141_81741	2208	6.06268	6.06268	5.99848
k141_73041	1764	4.70136	4.70198	5.51376
k141_7144	2133	5.66314	5.66314	7.44143
k141_101648	1664	9.59643	9.59643	17.1411
k141_62870	1788	4.94872	4.94872	4.23681
k141_18050	2510	5.57669	5.57669	10.4698
k141_101649	1565	7.90247	7.90247	22.7557
k141_34730	1949	7.93941	7.93941	16.4618
k141_92080	2761	7.41057	7.41057	10.882
k141_109887	3067	6.78128	6.78128	8.05231
k141_18052	1579	5.3359	5.3359	5.47115
k141_44428	1899	5.74728	5.74728	12.3377
k141_55231	3573	6.63862	6.63862	8.30873
k141_81744	4682	8.03663	8.03663	14.1771
k141_73047	2575	6.24619	6.24619	10.7862
k141_34732	4031	6.34295	6.34295	8.42275
k141_7153	2470	12.7832	12.7832	15.5963
k141_55233	2900	10.8593	10.8593	19.8619
k141_34735	1745	5.42759	5.42759	4.10186
k141_55236	1857	5.42941	5.42941	6.13613
k141_18058	7647	9.79165	9.79165	23.4056
k141_73055	3392	6.89173	6.89173	11.901
k141_34739	2279	8.14185	8.14185	23.5024
k141_101662	2124	4.89159	4.89159	8.36024
k141_109893	6794	8.87327	8.87327	17.4506
k141_55238	1512	5.82819	5.82819	11.3092
k141_7160	3032	8.63636	8.63671	16.1905
k141_44429	8742	10.8966	10.8966	28.5034
k141_62876	9674	12.9355	12.9355	26.563
k141_34740	2236	8.81831	8.81831	21.0407
k141_81757	2130	6.46465	6.46465	4.72184
k141_18064	1653	6.00599	6.00599	8.5932
k141_7163	2399	9.5847	9.5847	20.8008
k141_92101	1766	8.06003	8.06064	15.3882
k141_55239	4210	16.5887	16.5887	47.9531
k141_81758	2437	5.96502	5.96502	8.92534
k141_109900	1585	48.3937	48.3937	139.873
k141_34747	2577	13.4046	13.4046	39.3595
k141_62880	3416	8.69504	8.69504	17.1303
k141_92105	1952	8.73085	8.73085	17.4505
k141_109901	2654	7.79872	7.79872	14.4573
k141_101666	7644	9.74019	9.74019	15.5501
k141_18072	1882	8.55427	8.55427	22.7706
k141_62883	1631	4.2343	4.2343	5.17412
k141_55249	2285	9.44075	9.44075	11.5015
k141_101667	3418	6.53152	6.53152	9.25545
k141_109904	2221	6.94351	6.94351	11.0002
k141_18075	3612	10.2669	10.2669	15.2562
k141_44447	1816	7.38716	7.38716	7.64159
k141_92111	1510	7.76912	7.76912	8.87235
k141_62887	2576	7.74691	7.74691	18.5115
k141_92112	1550	4.91429	4.91429	4.78606
k141_34759	1918	6.20984	6.20984	6.37868
k141_62888	1583	6.30844	6.30844	9.7233
k141_7169	9528	9.23939	9.2395	16.9156
k141_73057	17065	11.289	11.289	19.0407
k141_81773	3673	11.2135	11.2135	23.7273
k141_109913	1524	14.5371	14.5371	56.4762
k141_55258	1842	6.22931	6.22931	16.1567
k141_81775	2711	5.48887	5.48887	6.7047
k141_109917	1777	6.02336	6.02336	8.31311
k141_62896	2371	7.79964	7.79964	16.5558
k141_73060	6271	15.4297	15.4297	40.0262
k141_101682	1981	5.3266	5.3266	7.18066
k141_81776	3789	7.34378	7.34378	8.42036
k141_92114	7929	10.1531	10.1531	22.1293
k141_55263	1623	7.65513	7.65513	10.7859
k141_7180	1943	6.5449	6.5449	20.2793
k141_109920	3218	8.36213	8.36213	17.3769
k141_81779	1632	6.47098	6.47098	12.8746
k141_44451	10835	9.72494	9.72494	15.8093
k141_18088	4224	13.2374	13.2374	35.7496
k141_73061	4639	8.02896	8.02896	14.8469
k141_101684	3745	7.85285	7.85285	11.7928
k141_55266	1962	12.4233	12.4233	51.99
k141_44453	1530	5.14565	5.14638	12.1511
k141_34762	12915	10.9425	10.9425	24.9821
k141_62900	4030	12.4812	12.4812	27.5217
k141_81781	3874	7.62245	7.62245	16.567
k141_92121	2654	12.5739	12.5743	34.0798
k141_44455	2058	3.9586	3.9586	2.88188
k141_92124	1718	7.72768	7.72768	18.3758
k141_109932	1756	7.92466	7.92466	15.5713
k141_34770	1658	7.07228	7.07228	10.0869
k141_81785	2741	7.58587	7.58587	16.0082
k141_18099	1652	9.97403	9.9747	18.1459
k141_73063	7469	9.87184	9.87184	18.1046
k141_92128	2342	6.63047	6.63093	9.44164
k141_81786	1970	6.69945	6.69945	12.9766
k141_73067	1739	6.21397	6.21397	7.05993
k141_81788	2082	8.90476	8.90476	15.6264
k141_62901	9881	17.7189	17.7189	35.5418
k141_55267	11466	10.2476	10.2476	19.7024
k141_92130	3092	7.68729	7.68729	17.3201
k141_101698	5768	10.667	10.667	25.2597
k141_62902	1892	6.55281	6.55281	12.5322
k141_92132	1602	6.37121	6.37121	5.67536
k141_34783	1577	5.14085	5.14085	7.26278
k141_55271	1760	7.77764	7.77764	17.1264
k141_18111	2006	7.84213	7.84213	16.6147
k141_34784	3185	9.9453	9.9453	14.2716
k141_73069	6589	15.4418	15.4418	28.8874
k141_92135	3336	12.021	12.021	18.3088
k141_7211	3306	6.97877	6.97877	11.889
k141_44476	5977	9.59979	9.59979	18.2506
k141_81798	3950	10.3866	10.3866	16.6298
k141_55276	3445	8.1478	8.1478	12.3173
k141_34789	1501	6.11399	6.11399	16.5662
k141_73070	2881	8.63383	8.63383	25.9673
k141_18115	3302	8.38166	8.38166	13.3157
k141_7213	2924	6.71377	6.71377	11.5054
k141_73071	2579	8.3734	8.3734	20.2309
k141_44481	1608	9.7476	9.7476	17.5011
k141_7214	1600	7.70897	7.70897	12.7544
k141_55278	3830	7.29022	7.29022	21.2873
k141_44482	1910	5.92159	5.92159	10.1394
k141_18123	2249	9.46594	9.46594	13.0507
k141_92147	4988	8.64613	8.64613	16.7158
k141_81801	8085	8.7511	8.7511	14.6036
k141_109939	18700	16.6609	16.6609	32.1427
k141_18127	1992	5.2595	5.2595	8.11728
k141_44485	1792	7.02801	7.02801	11.8238
k141_55283	2232	18.2219	18.2219	62.7119
k141_25184	120860	23.5406	23.5406	51.7866
k141_34796	8500	13.2116	13.2116	22.936
k141_73075	7226	11.399	11.399	16.1339
k141_101715	7385	15.5616	15.5616	55.2542
k141_34798	1943	7.28834	7.28834	7.53005
k141_7227	3314	6.9646	6.9646	12.2599
k141_92150	4841	6.37114	6.37114	7.60999
k141_44486	6327	8.74454	8.74454	22.1706
k141_7228	1807	7.73989	7.73989	16.9149
k141_101719	3205	9.01309	9.01309	19.0718
k141_109950	3060	6.51856	6.51856	5.24229
k141_55295	3698	6.26099	6.26099	11.3421
k141_34805	1921	7.36081	7.36081	23.624
k141_101723	1867	9.24054	9.24054	12.3518
k141_92160	1834	6.88895	6.88895	9.18492
k141_25189	7856	10.3515	10.3515	20.061
k141_109954	1675	10.897	10.897	15.8457
k141_55296	2836	7.22971	7.22971	8.45485
k141_44495	2643	6.66346	6.66346	7.11102
k141_7236	2064	7.85998	7.85998	19.6093
k141_73087	1930	6.22753	6.22753	8.75258
k141_25191	1603	5.77632	5.77632	9.15859
k141_18155	3202	7.07667	7.07667	14.8826
k141_7238	2485	6.63769	6.63812	9.7469
k141_34806	6770	10.6153	10.6153	22.7181
k141_7239	1611	9.94319	9.94319	15.5988
k141_55302	2533	5.87117	5.87117	13.5977
k141_92167	2041	9.7816	9.7816	15.8173
k141_18156	3341	9.79599	9.79599	21.4783
k141_25197	2269	8.22558	8.22558	11.6478
k141_55305	2199	8.50854	8.50854	10.583
k141_34810	2601	12.3896	12.3896	20.3588
k141_73098	1534	7.28613	7.28613	7.77354
k141_25200	1722	5.95674	5.95674	9.62131
k141_101739	5810	9.42085	9.42085	17.6174
k141_44496	10875	9.62378	9.62378	16.5844
k141_25201	2674	6.04873	6.04873	20.0342
k141_92172	7351	14.935	14.935	35.5338
k141_18164	5149	8.18624	8.18624	16.9005
k141_101745	3386	9.25618	9.25618	15.1873
k141_7252	2103	5.01485	5.01485	3.84039
k141_73100	6641	7.08627	7.08627	11.6114
k141_109956	17397	11.1726	11.1726	21.3096
k141_55310	7248	10.3363	10.3363	15.4697
k141_92174	4071	10.2214	10.2214	15.8909
k141_18167	2408	8.9039	8.9039	8.48214
k141_34821	6950	12.1674	12.1674	32.0421
k141_25210	3395	8.82435	8.82435	15.9316
k141_44508	2937	6.46896	6.46896	11.4229
k141_7255	3138	9.9575	9.9575	15.2915
k141_92176	2030	6.06436	6.06436	4.83296
k141_109961	1595	10.0111	10.0111	15.173
k141_44510	2284	10.232	10.232	38.4792
k141_101756	1816	7.17047	7.17047	13.016
k141_92178	1767	6.3389	6.3389	6.87398
k141_109962	2648	9.92034	9.92034	14.0357
k141_73109	3278	12.4159	12.4159	18.8197
k141_34827	3456	11.4032	11.4032	27.5737
k141_109966	1795	5.56778	5.56778	3.97667
k141_18179	1883	5.94749	5.94749	4.67564
k141_7256	6457	10.987	10.987	15.5586
k141_25221	2485	47.1019	47.1019	120.592
k141_92184	2032	6.70988	6.70988	11.8605
k141_101761	2914	9.8864	9.8864	25.5743
k141_55326	1671	5.68442	5.68442	5.05955
k141_18181	2567	6.50352	6.50352	11.2177
k141_7257	2104	7.81934	7.81934	12.1441
k141_109968	1824	6.88053	6.88053	14.9421
k141_7258	3592	11.2461	11.2461	21.8375
k141_92188	2417	6.07808	6.07808	5.80546
k141_34839	1637	4.9119	4.9119	3.82062
k141_101768	2251	6.43741	6.43741	12.6597
k141_18188	1531	9.06734	9.06734	14.7743
k141_44521	5052	9.71338	9.71359	15.7769
k141_25230	1595	6.07197	6.07197	8.39239
k141_73118	4739	7.37742	7.37742	11.7295
k141_34841	1796	5.14824	5.14824	3.98409
k141_55327	7350	9.68931	9.68931	17.0516
k141_55328	3180	6.68812	6.68812	8.55732
k141_109972	8201	18.3937	18.3937	41.0815
k141_7263	4874	9.05864	9.05864	16.8989
k141_55329	1520	17.2467	17.2467	46.0664
k141_25233	3179	5.7415	5.7415	7.73276
k141_101773	5692	8.36575	8.36575	10.788
k141_109974	2144	7.49348	7.49348	9.76937
k141_55330	2632	12.475	12.475	38.2066
k141_25235	1608	7.96708	7.96708	11.922
k141_25236	2471	5.13442	5.13442	6.83708
k141_18191	5203	9.52325	9.52325	17.548
k141_55335	1642	4.1689	4.1689	4.46911
k141_101781	2329	7.03717	7.03717	10.4115
k141_101782	2011	11.5787	11.5787	27.9988
k141_109978	2337	7.88249	7.88249	10.7478
k141_7274	1655	6.32359	6.32359	7.58734
k141_55338	5657	7.67478	7.67478	10.503
k141_92196	10582	20.3194	20.3194	36.8321
k141_55342	1555	6.29964	6.29964	8.12173
k141_73126	6782	13.2618	13.2618	32.699
k141_44536	5383	9.54691	9.54691	18.3496
k141_18208	3054	6.9697	6.9697	7.73803
k141_25239	11918	8.2274	8.2274	13.8871
k141_7281	2788	7.44314	7.44314	14.7815
k141_109986	1623	9.1704	9.1704	10.912
k141_34860	1685	6.29186	6.29186	9.21461
k141_44540	1646	6.625	6.625	7.14824
k141_55345	3506	6.40167	6.40167	8.08191
k141_92201	2035	6.79523	6.79523	8.56204
k141_18214	2368	6.54148	6.54148	13.0785
k141_73131	3899	9.31048	9.31048	16.4985
k141_109990	4378	7.57687	7.57687	19.3156
k141_18215	1558	6.38494	6.38494	8.85953
k141_25243	4204	22.553	22.553	101.616
k141_7286	1915	5.38017	5.38017	7.44781
k141_92202	4500	7.89425	7.89425	17.0763
k141_55350	3371	7.95188	7.95188	11.3757
k141_18216	6242	9.1804	9.1804	13.9927
k141_7295	1576	5.74334	5.74334	7.42461
k141_44548	5969	17.5027	17.5027	41.3836
k141_25249	5115	9.5569	9.5569	23.4957
k141_44550	1962	8.88079	8.88079	14.6429
k141_7298	2504	7.70731	7.70731	9.48802
k141_25251	1701	5.78981	5.78981	7.51063
k141_44551	2170	5.42624	5.42624	7.70578
k141_18225	2809	5.5472	5.54757	8.69929
k141_92216	2688	11.2045	11.2045	33.5359
k141_73149	1867	6.48165	6.48165	7.43399
k141_18227	2437	7.19545	7.19545	11.3254
k141_34867	11903	9.97754	9.97754	17.9273
k141_55363	2005	4.96496	4.96496	3.15358
k141_55364	1543	7.93898	7.93898	10.2773
k141_34873	2901	12.5009	12.5009	19.5432
k141_18231	4785	9.31996	9.31996	17.3726
k141_81806	83749	21.2757	21.2757	53.5368
k141_73158	3744	16.3687	16.3687	28.9244
k141_25275	1685	5.63388	5.63388	10.8815
k141_110020	2128	6.8271	6.8271	10.9361
k141_92227	1524	6.82678	6.82678	11.1469
k141_81808	1615	8.63823	8.63823	12.1162
k141_55372	1650	6.85933	6.85933	8.21433
k141_101785	39316	15.3959	15.3959	31.1405
k141_44564	1619	5.69299	5.69299	7.76464
k141_110024	2732	8.24477	8.24477	12.0617
k141_7315	4509	11.1555	11.1555	18.9362
k141_25279	3020	7.21185	7.21185	7.04884
k141_18238	2899	7.92143	7.92143	11.6423
k141_18239	2016	8.96302	8.96302	16.8292
k141_55378	1927	7.87845	7.87845	12.1203
k141_92233	4040	10.7871	10.7871	28.4356
k141_81811	3980	15.0747	15.0747	21.954
k141_110027	4178	11.2008	11.2008	23.1925
k141_73169	4228	5.62236	5.62236	8.37688
k141_81813	1881	7.65685	7.65685	7.57006
k141_110030	1841	8.60319	8.60319	23.9472
k141_25285	4603	21.2275	21.2277	55.7374
k141_73171	2001	13.1248	13.1248	23.4034
k141_92239	2717	7.65875	7.65875	8.7557
k141_34884	6394	10.3298	10.3298	19.8829
k141_55380	6921	10.2007	10.2007	17.6456
k141_18246	2416	10.7727	10.7727	35.1372
k141_7332	1509	9.73216	9.73216	28.8178
k141_101797	3878	9.34281	9.34281	22.287
k141_18248	1617	9.10634	9.10634	7.86998
k141_44569	11173	12.3019	12.3019	25.2632
k141_81825	1501	5.81643	5.81643	7.32329
k141_101798	1760	7.58199	7.58199	12.998
k141_7335	2025	4.89227	4.89227	11.6938
k141_44572	1717	8.81429	8.81429	25.1541
k141_7337	1503	8.64302	8.64302	16.9929
k141_81828	1656	5.54316	5.54316	10.1632
k141_34888	6106	12.178	12.178	23.7497
k141_18256	2213	4.73388	4.73388	5.25267
k141_7339	2471	26.7415	26.7415	89.6127
k141_81831	2324	6.55014	6.55014	12.544
k141_62906	131839	16.0827	16.0827	34.1425
k141_44574	4005	7.90065	7.90065	14.6652
k141_73174	8158	10.2642	10.2642	15.967
k141_55388	7688	16.1483	16.1483	33.7102
k141_110031	12914	10.178	10.178	16.0329
k141_92252	4729	23.9423	23.9423	120.32
k141_18259	1985	9.62725	9.62725	21.1913
k141_101811	2049	27.8489	27.8489	827.688
k141_110033	1911	6.25497	6.25497	9.93438
k141_25303	3351	10.0465	10.0465	18.8675
k141_18260	1554	6.1802	6.1802	12.6396
k141_34892	2105	7.39182	7.39182	15.3509
k141_101812	1819	6.71061	6.71061	7.54989
k141_81835	2433	9.04336	9.04336	9.741
k141_44577	4239	11.2485	11.2485	18.6927
k141_18262	3851	14.9803	14.9803	195.702
k141_92256	3971	5.49202	5.49202	11.4023
k141_101820	1861	11.2466	11.2466	54.3077
k141_110038	1868	8.18277	8.18277	7.42729
k141_62913	3768	9.68601	9.68601	38.5664
k141_44583	1554	5.65883	5.65883	5.03605
k141_101822	1899	7.69411	7.69411	13.6896
k141_92261	1550	7.12	7.12	4.97628
k141_55407	3382	8.29332	8.29363	10.8976
k141_73181	8774	11.1844	11.1844	21.486
k141_110039	4715	9.94107	9.94107	25.2286
k141_101823	3193	8.91982	8.91982	23.2987
k141_25320	1846	8.52182	8.52182	8.87266
k141_81849	3521	9.14921	9.14921	15.661
k141_34893	12689	20.4487	20.4487	66.2024
k141_92263	2168	9.14668	9.14668	17.6541
k141_73184	3081	6.23234	6.23234	11.7326
k141_25321	3443	9.30853	9.30853	22.072
k141_18275	2026	8.57996	8.58049	15.5919
k141_34896	3288	6.90758	6.90758	8.56769
k141_7353	7176	9.85853	9.85853	17.2663
k141_18277	2461	7.1839	7.1839	15.3787
k141_73189	2728	9.13499	9.13499	18.7531
k141_55418	5060	8.48493	8.48493	19.7248
k141_7355	1523	5.17917	5.17917	4.46794
k141_110052	1638	9.05645	9.05712	19.5281
k141_62933	2459	5.77176	5.77176	9.39461
k141_18279	2341	5.97855	5.97855	13.8546
k141_7356	1678	4.53338	4.53338	7.87181
k141_34903	1555	7.39359	7.39359	10.3742
k141_73192	3561	9.21489	9.21489	14.6741
k141_25328	3102	10.9512	10.9512	37.2725
k141_73193	1535	7.94296	7.94296	17.7922
k141_34905	2629	8.87535	8.87535	17.2601
k141_101837	1664	4.84941	4.84941	9.14717
k141_110058	1975	7.46904	7.46904	11.0046
k141_92275	3936	10.3251	10.3251	16.9196
k141_55425	3968	11.3738	11.3738	29.3837
k141_62936	3659	6.97321	6.97321	12.9178
k141_18282	3500	8.07343	8.07343	12.3608
k141_34906	2509	6.60068	6.60068	12.1069
k141_25330	2184	8.88201	8.88201	28.9009
k141_18284	1509	4.26564	4.26564	7.84168
k141_81856	8960	13.0318	13.0318	26.1978
k141_18285	1674	5.89633	5.89633	4.18228
k141_55429	2546	7.22705	7.22705	11.5216
k141_110060	2451	26.6967	26.6967	188.423
k141_7365	1727	6.60114	6.60114	20.7374
k141_101842	2599	8.06084	8.06084	12.8046
k141_18288	1595	7.0782	7.0782	13.8408
k141_92282	1521	9.03428	9.03428	13.9572
k141_55431	3244	7.91403	7.91403	10.2967
k141_62938	5788	8.56155	8.56155	15.8405
k141_44617	1640	5.10336	5.10336	4.94162
k141_25334	1610	6.06712	6.06712	8.45202
k141_18289	1504	6.46676	6.46676	9.22612
k141_34917	1639	6.02888	6.02888	5.19472
k141_73215	2156	4.39133	4.39133	7.03032
k141_55433	1940	5.48548	5.48548	7.23821
k141_81865	3064	7.94338	7.94338	11.0376
k141_62941	1628	4.2111	4.2111	2.75163
k141_7375	1873	7.81196	7.81196	11.4269
k141_18292	2029	7.03619	7.03619	6.62699
k141_81867	1512	10.7709	10.7709	8.17233
k141_55434	3924	9.1929	9.1929	18.1817
k141_101847	11182	18.3771	18.3771	52.0656
k141_25351	1573	6.66901	6.66901	17.1652
k141_81874	2047	6.39852	6.39852	8.52893
k141_7378	4694	8.89393	8.89393	15.4892
k141_92287	9054	11.963	11.963	22.3019
k141_44622	9093	9.01923	9.01923	17.5092
k141_101851	3154	8.36185	8.36185	14.1465
k141_55439	4302	7.55612	7.55612	14.4531
k141_18306	2855	6.21257	6.21257	9.91216
k141_73237	1904	7.39339	7.39339	11.9535
k141_44625	1994	7.29772	7.29772	10.2309
k141_62956	4763	7.6098	7.6098	9.98481
k141_55443	1962	7.31567	7.31567	15.1406
k141_25360	3061	7.48093	7.48093	10.5247
k141_44628	1797	6.49423	6.49423	8.38258
k141_81877	6833	16.5599	16.5599	36.801
k141_101860	6380	6.07079	6.07079	8.60672
k141_101861	1607	7.43514	7.43514	21.882
k141_92302	1645	19.7177	19.7177	67.9859
k141_18316	3410	9.74325	9.74356	16.9364
k141_7397	1816	6.67347	6.67347	13.0704
k141_18317	1573	4.6676	4.6676	2.8044
k141_73241	5863	9.54962	9.54962	15.5642
k141_62966	2766	11.177	11.177	24.3576
k141_25366	2574	17.0755	17.0755	30.9388
k141_101863	1817	5.84763	5.84763	7.38983
k141_44630	5580	9.93352	9.93352	18.9326
k141_92303	3298	8.74968	8.74968	15.5891
k141_7400	1552	7.199	7.199	10.6863
k141_73244	2576	11.6698	11.6698	27.4057
k141_55459	2797	8.02796	8.02796	13.6115
k141_34946	6949	9.1612	9.1612	16.2064
k141_44632	1857	6.23023	6.23023	9.84208
k141_18322	3026	10.6234	10.6234	17.441
k141_25369	4645	11.2763	11.2763	29.6437
k141_18324	1615	7.24846	7.24846	6.23193
k141_7408	1529	9.24656	9.24656	30.0061
k141_34949	3946	9.26133	9.26133	23.2218
k141_73245	6220	13.2644	13.2644	31.3105
k141_62977	1881	5.3859	5.3859	7.92949
k141_101869	7927	12.2644	12.2644	21.7925
k141_7410	3039	6.42679	6.42679	13.7036
k141_92312	5389	10.1464	10.1464	20.935
k141_101870	1562	5.99363	5.99363	11.1714
k141_92313	1556	9.74324	9.74324	16.4572
k141_62981	1698	7.1363	7.1363	10.366
k141_81882	16368	17.6186	17.6186	46.9336
k141_25375	4663	9.52271	9.52271	13.9259
k141_101873	1643	13.3865	13.3865	16.4075
k141_55461	10847	10.4081	10.4081	20.7638
k141_34953	4917	31.3468	31.3468	80.7019
k141_62984	1950	8.63722	8.63778	14.1844
k141_92317	4160	8.36733	8.36733	14.3402
k141_101878	2620	11.202	11.202	21.5336
k141_44652	2108	6.18795	6.18795	12.9009
k141_73255	5005	8.58187	8.58208	13.0043
k141_81885	5796	18.3842	18.3843	46.976
k141_55469	2347	9.85207	9.85207	10.4703
k141_110074	38841	12.7698	12.7698	25.8309
k141_101884	1630	6.08243	6.08243	9.14939
k141_81886	2363	6.30185	6.30185	10.7887
k141_7428	2167	11.6366	11.6366	24.1212
k141_101885	1863	8.18739	8.18797	22.3704
k141_25392	1987	6.75068	6.75068	7.34955
k141_73263	3393	9.31668	9.31668	17.4257
k141_18327	17536	10.3243	10.3243	20.6743
k141_44660	3451	8.17025	8.17025	8.56204
k141_18328	1530	7.08188	7.08188	12.3131
k141_81891	2375	7.3636	7.3636	18.842
k141_63001	2860	12.1185	12.1185	26.864
k141_44663	1520	8.10949	8.10949	19.9398
k141_110079	7724	9.72181	9.72181	18.404
k141_18332	1678	7.15314	7.15314	9.66089
k141_73268	1919	6.9446	6.9446	13.515
k141_101893	2014	7.51609	7.51609	21.5036
k141_92335	1993	5.7656	5.7656	8.90467
k141_110080	1835	7.36736	7.36736	6.36675
k141_34966	7440	6.638	6.638	8.84931
k141_18333	2310	8.66296	8.66296	18.3561
k141_7439	1881	4.30156	4.30156	3.4119
k141_92336	1816	7.12065	7.12065	17.2726
k141_81899	1605	5.40069	5.40069	6.96376
k141_73270	4042	7.55113	7.55113	11.533
k141_55483	6734	9.46279	9.46279	15.7536
k141_63006	5536	29.4077	29.4077	629.962
k141_34971	2254	12.1421	12.1421	32.5888
k141_7443	3390	12.1324	12.1324	36.5069
k141_101900	3933	7.60508	7.60508	9.46532
k141_25403	5582	9.25	9.25	19.4812
k141_110085	6741	11.7691	11.7691	22.2955
k141_63007	4193	8.76799	8.76799	11.6533
k141_81906	3464	7.42758	7.42758	11.4389
k141_25407	1872	6.34785	6.34785	12.9719
k141_63011	1963	5.47821	5.47821	10.3236
k141_73281	3106	6.71042	6.71042	13.3752
k141_7453	1764	18.3451	18.3451	36.6898
k141_44685	2704	10.0274	10.0274	18.9845
k141_81911	2589	6.55269	6.55269	10.8689
k141_18353	2331	11.5016	11.5016	17.0474
k141_7455	2326	6.05607	6.05607	7.28884
k141_25412	2141	7.57358	7.57358	20.4096
k141_63015	2963	12.0679	12.0679	34.5952
k141_101908	6155	8.4846	8.4846	11.0995
k141_73286	2106	5.8502	5.8502	9.23843
k141_34985	2215	9.55593	9.55593	21.525
k141_81914	2695	10.0314	10.0314	12.7263
k141_101909	2340	7.38219	7.38219	18.5962
k141_44691	2373	5.72065	5.72065	7.39405
k141_110102	1979	6.54183	6.54183	7.05802
k141_7461	1954	5.73337	5.73337	9.54573
k141_92349	9208	9.09351	9.09351	20.6288
k141_73289	4368	11.4369	11.4369	38.2092
k141_63023	2830	6.66231	6.66231	10.9882
k141_55510	1989	7.40511	7.40511	11.0203
k141_110107	3022	6.28656	6.28656	13.2941
k141_63025	1595	8.11211	8.11211	17.5136
k141_34996	4352	8.32604	8.32604	13.1023
k141_81920	6854	11.1991	11.1991	24.6814
k141_44697	4356	11.3466	11.3466	23.472
k141_92355	1921	4.59119	4.59176	4.29595
k141_81922	1618	8.99183	8.99183	20.3081
k141_7475	2884	5.4605	5.4605	8.52726
k141_35000	2053	8.88282	8.88282	25.8082
k141_63028	4775	12.9276	12.9276	18.7771
k141_7481	1583	7.46127	7.46127	10.278
k141_101924	5044	8.27626	8.27626	15.329
k141_44707	2650	9.1644	9.1644	19.7373
k141_55519	6115	7.67209	7.67209	10.6333
k141_25416	17680	11.191	11.191	24.3647
k141_73295	7637	12.0634	12.0634	23.7466
k141_92365	1570	8.16972	8.16972	14.802
k141_110126	1605	6.67285	6.67285	8.44869
k141_81929	5960	10.4423	10.4423	25.8317
k141_35010	1982	5.98035	5.98035	7.15198
k141_44711	2622	15.4235	15.4235	25.3167
k141_25422	2713	7.05111	7.05111	13.3569
k141_101929	3608	10.2377	10.2377	13.262
k141_35013	1594	9.80055	9.80055	20.078
k141_73300	3206	4.67834	4.67834	5.14717
k141_55528	1604	6.60523	6.60523	13.3774
k141_25425	2278	10.2679	10.2679	19.4515
k141_63031	11293	15.3863	15.3863	30.6108
k141_101930	2696	5.08327	5.08327	5.98834
k141_55529	1770	5.43827	5.43827	8.40202
k141_44713	3707	7.60163	7.60163	12.7474
k141_73301	2016	4.96463	4.96463	9.23195
k141_35015	2976	8.1334	8.13376	14.7752
k141_110127	8752	10.0248	10.0248	16.3732
k141_63032	4192	13.9458	13.9458	21.8929
k141_81939	1653	6.81104	6.81104	9.11617
k141_73305	1544	8.95552	8.95552	13.3261
k141_55538	1518	4.84795	4.84795	5.79107
k141_25433	2892	6.50109	6.50109	9.30383
k141_101932	4603	8.51943	8.51943	17.8848
k141_63034	3320	14.1104	14.1104	43.6806
k141_44721	3549	7.22389	7.22389	15.6122
k141_7484	16881	9.95147	9.95147	19.6379
k141_25434	2562	7.6704	7.6704	16.4434
k141_110133	2635	8.90584	8.90584	16.524
k141_101935	2264	6.46405	6.46405	6.62652
k141_92389	2410	6.31814	6.31814	5.87352
k141_44722	2872	9.32843	9.32843	14.2742
k141_7488	1644	5.15997	5.15997	6.42783
k141_25436	1770	4.54877	4.54877	5.10258
k141_110136	1528	6.79826	6.79826	6.4923
k141_73308	4357	10.4409	10.4409	26.0632
k141_55550	2374	5.86781	5.86781	8.7607
k141_92391	1646	4.2881	4.2881	3.47613
k141_81951	1799	4.73499	4.7356	4.98101
k141_44724	2518	11.4671	11.4671	20.1266
k141_73309	2578	5.32537	5.32537	8.564
k141_55553	2113	6.37035	6.37035	13.7154
k141_63048	1574	6.90941	6.90941	10.5954
k141_81954	1504	5.31684	5.31684	5.00892
k141_18360	43243	14.1872	14.1872	32.1166
k141_35034	3194	11.1025	11.1025	17.9731
k141_110142	1685	5.43909	5.43909	6.9674
k141_73311	2230	8.49087	8.49087	7.91137
k141_55557	1763	6.22319	6.22319	8.23428
k141_18362	1531	8.2071	8.2071	10.3571
k141_110144	1709	8.47595	8.47595	12.7232
k141_25446	1532	4.78726	4.78799	5.82537
k141_63053	2388	7.0706	7.0706	13.9601
k141_101943	6164	10.505	10.505	27.4337
k141_110146	2087	6.74703	6.74703	21.4793
k141_63054	1941	9.59855	9.59855	16.5209
k141_35038	3037	8.00485	8.00485	12.5655
k141_92398	4016	5.90067	5.90067	10.6835
k141_55560	1961	14.3805	14.3805	85.9374
k141_7495	4478	9.34381	9.34381	14.2524
k141_18370	1984	5.90349	5.90349	7.98908
k141_73315	3257	7.60669	7.60669	10.133
k141_110149	3143	8.8707	8.8707	9.07191
k141_81959	7076	11.4886	11.4886	25.131
k141_25454	1647	7.55778	7.55778	6.43265
k141_63057	4123	5.95318	5.95318	9.42098
k141_44745	4830	8.85962	8.85962	13.2273
k141_55570	1862	5.48072	5.48072	9.1662
k141_81960	4361	11.0454	11.0454	20.3852
k141_7497	6386	9.33114	9.3313	20.9386
k141_25460	2536	6.97904	6.97904	8.22939
k141_44746	3208	6.69359	6.69359	7.68204
k141_92402	8486	19.3191	19.3191	45.0466
k141_63064	3232	12.1363	12.1363	16.4177
k141_110150	6692	9.89453	9.89453	22.5576
k141_101962	2224	9.16393	9.16393	19.4792
k141_63066	1629	6.74307	6.74307	6.87983
k141_55576	2811	8.44758	8.44758	12.4962
k141_81964	4141	15.0952	15.0952	31.394
k141_44752	1664	6.87186	6.87186	7.06621
k141_25466	3464	10.9671	10.9671	19.1499
k141_7504	4599	9.90919	9.90919	18.7659
k141_44753	1529	6.64249	6.64249	5.81185
k141_73321	10414	10.0466	10.0466	15.4269
k141_18387	5704	20.137	20.1372	108.301
k141_25470	2114	6.25102	6.25102	6.11983
k141_63073	2639	5.32342	5.32342	6.3684
k141_101968	5024	9.63726	9.63726	17.2414
k141_44756	2534	7.25797	7.25797	8.81339
k141_55589	1628	8.07104	8.07104	11.4147
k141_110164	1664	7.13672	7.13672	9.77562
k141_25472	1929	7.07645	7.07645	9.27204
k141_101971	1614	6.75	6.75	13.3004
k141_55590	2257	5.41623	5.41623	5.70086
k141_35041	21654	16.0406	16.0406	48.4737
k141_101972	1542	7.14583	7.14583	11.965
k141_92408	11880	11.4018	11.4018	25.7659
k141_7521	2848	9.01927	9.01927	17.4774
k141_35042	2337	8.32373	8.32373	12.026
k141_63074	8739	9.81569	9.81569	20.0204
k141_55594	2987	7.68699	7.68699	15.5269
k141_73332	4697	10.4819	10.4819	17.3068
k141_25478	3095	7.10934	7.10934	8.9947
k141_110167	4445	7.13667	7.13667	11.8295
k141_35044	1680	6.80523	6.80523	11.8875
k141_101975	3633	5.80419	5.80419	5.24417
k141_73333	1547	5.3529	5.3529	4.15116
k141_44764	3765	8.00526	8.00526	16.4689
k141_55596	2460	8.86277	8.86277	25.2135
k141_63078	2140	8.50905	8.50905	15.1651
k141_35045	2196	6.24047	6.24047	9.88146
k141_55598	1552	4.58488	4.58559	4.27711
k141_110172	2330	10.189	10.189	21.833
k141_92411	6031	10.6324	10.6324	21.6718
k141_7531	3162	6.80246	6.80246	12.8328
k141_92412	1840	6.7355	6.7355	12.8152
k141_25490	1721	4.02419	4.02419	4.76498
k141_101980	3769	8.64244	8.64244	14.2426
k141_110176	1882	9.51674	9.51674	13.8686
k141_55602	2562	7.09826	7.09826	19.3454
k141_7532	2283	7.12189	7.12189	13.0929
k141_63085	1882	7.17437	7.17437	13.8621
k141_81974	15611	16.1042	16.1042	31.9459
k141_44771	2037	6.05511	6.05511	8.17618
k141_7534	1793	9.76202	9.76202	15.0463
k141_73348	2957	9.34628	9.34628	24.8686
k141_92414	3205	10.3879	10.3879	24.3411
k141_25493	2537	7.65103	7.65103	11.0479
k141_7538	1690	7.88247	7.88247	7.7919
k141_110189	2764	5.63389	5.63389	8.33169
k141_81977	5444	10.8291	10.8291	18.1281
k141_35065	3837	7.72064	7.72064	11.0598
k141_110190	2508	6.18109	6.18109	10.5489
k141_92416	4447	17.6889	17.6889	42.8239
k141_55620	2610	5.6687	5.6687	9.37254
k141_81979	1796	10.3402	10.3402	42.255
k141_63087	10655	9.86797	9.86797	18.9632
k141_35072	2125	7.03139	7.03139	7.82373
k141_73357	7156	17.7719	17.7719	48.4381
k141_55623	4222	7.22913	7.22913	8.12567
k141_55624	1893	6.06483	6.06483	14.2984
k141_7553	3493	13.0392	13.0392	33.2229
k141_110202	3000	6.8614	6.8614	8.82147
k141_35077	1785	4.01101	4.01101	4.44173
k141_44794	1972	8.39517	8.39572	18.0383
k141_7555	1570	10.5063	10.5063	22.3544
k141_81994	1865	6.70146	6.70146	23.4407
k141_101984	20061	14.6837	14.6837	32.0503
k141_7556	1960	12.4961	12.4961	33.5094
k141_73365	2583	7.47185	7.47185	11.251
k141_18389	43446	18.5811	18.5812	41.8094
k141_73366	2058	7.46174	7.46174	21.6697
k141_35086	1937	5.68383	5.68383	4.28577
k141_55627	6369	9.74288	9.74288	16.377
k141_25507	10556	11.8079	11.8079	30.5483
k141_63099	6627	6.58607	6.58607	9.74951
k141_82001	1732	5.98799	5.98799	6.47356
k141_101993	1518	7.0402	7.0402	9.42269
k141_73370	1992	6.50109	6.50109	11.3137
k141_35089	2379	5.71781	5.71781	8.70268
k141_82003	1549	6.77698	6.77698	9.57969
k141_110212	2989	6.02466	6.02466	9.34898
k141_92446	2043	9.26202	9.26202	13.2379
k141_55633	2812	6.75995	6.75995	8.85668
k141_73373	1566	7.11229	7.11229	15.5458
k141_18393	6041	8.42455	8.42455	14.4963
k141_44797	12871	16.7452	16.7453	37.9517
k141_7573	4040	6.57506	6.57506	8.1698
k141_82007	2563	6.17199	6.17199	9.13567
k141_25513	5098	10.7162	10.7162	23.227
k141_7575	1557	3.88842	3.88842	2.96692
k141_63110	2706	10.4977	10.4977	48.2333
k141_35093	4624	10.2351	10.2351	17.4848
k141_55637	4454	7.36013	7.36013	16.0925
k141_35095	2197	22.0195	22.0195	84.0702
k141_110214	7549	16.5479	16.5479	180.622
k141_82011	2638	8.48674	8.48714	12.0986
k141_102000	6486	11.0647	11.0647	16.9963
k141_44804	2432	6.8028	6.8028	13.8015
k141_63112	4250	9.4161	9.4161	12.8732
k141_92461	3406	11.1066	11.1066	22.4639
k141_35096	2577	7.57767	7.57767	11.3751
k141_25515	6688	9.28648	9.28663	22.9323
k141_102002	2725	12.9553	12.9553	44.0714
k141_18403	3098	7.60889	7.60889	14.7383
k141_35098	2474	8.99269	8.99269	15.8567
k141_55648	2917	9.51644	9.51644	19.7164
k141_73390	3726	8.41191	8.41191	16.4102
k141_25519	1577	8.22074	8.22144	12.7575
k141_63118	3315	7.25213	7.25213	9.91047
k141_82012	7795	7.93996	7.93996	14.0839
k141_102003	4417	7.73658	7.73658	14.5215
k141_110225	2201	5.04242	5.04242	6.05337
k141_18408	1757	4.88363	4.88363	9.26485
k141_92466	5751	10.0936	10.0937	14.8906
k141_82014	1686	6.49349	6.49349	13.6638
k141_7589	6184	9.54193	9.54193	23.4647
k141_110227	1513	4.76963	4.76963	4.07757
k141_73395	1726	7.74429	7.74429	7.56568
k141_102007	1503	4.02217	4.02217	2.55424
k141_25527	2005	5.08464	5.08464	4.98687
k141_7595	1763	5.67204	5.67204	5.1151
k141_92471	4135	10.3242	10.3242	20.5133
k141_25528	1877	5.96815	5.96815	5.98098
k141_18417	2037	6.14414	6.14414	9.23581
k141_63128	2211	6.67686	6.67686	13.7422
k141_82015	5442	15.5794	15.5794	53.2381
k141_35109	3834	8.39441	8.39441	24.2785
k141_7598	1606	8.58448	8.58448	15.8925
k141_44816	8939	12.3979	12.3979	28.2618
k141_18420	1940	7.21564	7.21564	19.0657
k141_25529	1827	7.72272	7.72272	16.9249
k141_82017	3156	7.05389	7.05389	11.4581
k141_44818	1668	4.44466	4.44466	6.71118
k141_25530	2155	5.64838	5.64838	11.758
k141_92478	2193	5.34361	5.34361	4.75354
k141_82019	1632	6.65452	6.65452	5.52263
k141_55665	3058	8.98349	8.98349	12.8288
k141_7603	2469	10.8918	10.8918	23.27
k141_110247	1804	8.98489	8.98489	20.9431
k141_63136	2578	7.13715	7.13715	10.8659
k141_44821	3518	7.8364	7.8364	11.4776
k141_73397	11800	11.5168	11.5168	27.6521
k141_25534	3811	9.69243	9.69243	19.854
k141_92482	5228	11.0996	11.0996	21.1957
k141_73401	1804	4.97038	4.97038	6.86362
k141_44824	3662	5.62614	5.62614	7.34722
k141_25537	3564	6.53574	6.53574	10.544
k141_55670	4652	6.74922	6.74922	8.58909
k141_73402	2389	5.48459	5.48459	7.3642
k141_63146	1595	7.05121	7.05121	6.4475
k141_7613	2548	10.1343	10.1343	18.6527
k141_110253	4752	10	10	22.2413
k141_18441	1510	5.0375	5.0375	4.40993
k141_63149	1530	4.66957	4.66957	4.60136
k141_92485	4873	12.567	12.567	34.4178
k141_82030	6963	10.9561	10.9561	21.8803
k141_82034	2544	5.09399	5.09399	6.02254
k141_18444	6258	12.3084	12.3084	36.8982
k141_110263	3396	11.1811	11.1811	25.937
k141_55679	7207	10.7026	10.7026	16.934
k141_63156	4751	6.6403	6.6403	7.18526
k141_25550	9738	13.2106	13.2106	25.2082
k141_82035	4723	7.83949	7.83949	13.7529
k141_63157	4549	5.85338	5.85338	7.217
k141_102010	37130	20.248	20.248	45.5037
k141_18455	1972	7.54116	7.54116	8.50324
k141_7630	11532	15.7821	15.7821	44.5438
k141_110277	1620	5.29728	5.29728	4.06882
k141_92486	16790	13.0405	13.0405	32.1035
k141_55682	7850	9.46662	9.46662	21.0262
k141_25557	2986	16.4728	16.4728	83.8224
k141_73433	2791	5.43582	5.43582	6.57623
k141_18458	1739	6.97357	6.97357	10.921
k141_63158	5982	8.01835	8.01835	10.0803
k141_102019	1858	6.53279	6.53279	12.0416
k141_55685	2555	6.73846	6.73846	9.37958
k141_92490	2778	7.36454	7.36454	12.2066
k141_63160	1743	6.58883	6.58883	9.58775
k141_25560	2757	6.63445	6.63445	19.3563
k141_25563	1515	6.5011	6.5011	11.3836
k141_73441	2814	10.0679	10.0679	17.226
k141_110288	2556	10.1409	10.1409	14.8987
k141_63165	1886	5.58986	5.58986	5.51701
k141_82036	14891	11.9267	11.9267	31.3292
k141_92500	1542	8.75216	8.75216	14.5905
k141_35144	26290	32.7128	32.7128	86.5143
k141_102028	3907	18.2781	18.2781	54.4407
k141_25566	4212	9.11841	9.11841	19.6872
k141_7643	9987	12.608	12.608	25.2698
k141_82037	1988	6.33841	6.33841	9.66218
k141_92502	3213	6.47894	6.47894	15.492
k141_7644	2099	7.27655	7.27655	7.97634
k141_73450	2205	6.33382	6.33382	11.5361
k141_63173	1529	10.4946	10.4946	27.6464
k141_35149	1586	4.79387	4.79457	4.39893
k141_55690	10940	12.8947	12.8947	30.0659
k141_102033	3077	5.56269	5.56269	8.93324
k141_18473	7586	10.989	10.989	18.644
k141_25570	3723	8.35796	8.35796	13.4763
k141_35150	2991	9.06547	9.06547	11.0138
k141_63177	1559	6.63307	6.63307	9.62876
k141_82039	5770	10.3488	10.3488	26.7007
k141_92504	3580	9.93207	9.93207	13.3354
k141_55692	3534	6.38268	6.38268	10.4083
k141_82040	1892	6.21699	6.21699	8.80411
k141_18476	2782	7.87234	7.87234	11.0426
k141_7651	1556	6.73186	6.73186	5.13732
k141_73457	1966	5.43667	5.43667	8.30229
k141_110305	1862	10.2319	10.2319	19.6042
k141_55696	1835	4.90208	4.90208	2.86395
k141_110306	1882	5.07794	5.07794	9.23537
k141_7659	1947	16.1658	16.1664	77.0532
k141_18480	3527	6.67368	6.67368	12.3893
k141_63180	7717	10.0358	10.0358	15.3877
k141_25580	1519	7.14755	7.14755	10.5089
k141_102036	9769	11.1407	11.1407	22.0086
k141_110307	1824	7.31661	7.31661	12.4377
k141_82047	2546	6.29382	6.29382	10.6234
k141_55699	2537	7.85672	7.85672	13.8722
k141_18482	2676	12.7146	12.715	46.2936
k141_7663	2132	9.3663	9.3663	11.9647
k141_35156	10535	8.49263	8.49263	15.5616
k141_82055	1621	8.11829	8.11829	11.7397
k141_110314	1527	8.22658	8.22658	11.5707
k141_7665	1906	9.02961	9.02961	23.8419
k141_25587	1686	6.32227	6.32227	14.5506
k141_55703	4696	9.74659	9.74659	23.4489
k141_18488	1715	5.19808	5.19808	7.76516
k141_102048	2390	9.04152	9.04152	16.6928
k141_73460	13206	9.41988	9.41988	21.037
k141_7671	1996	7.05851	7.05851	7.74945
k141_110316	3361	8.23575	8.23575	23.8788
k141_35157	4339	7.91645	7.91645	18.2256
k141_92520	9923	9.7313	9.7314	18.6274
k141_102050	2112	7.02599	7.02599	12.218
k141_25588	4637	10.8591	10.8591	16.7725
k141_63190	7199	10.7066	10.7066	28.1045
k141_73462	1749	5.89556	5.89556	6.06608
k141_35160	1790	5.74451	5.74451	8.05612
k141_7676	1856	8.42087	8.42087	17.0103
k141_25591	1547	4.31854	4.31926	4.38939
k141_55704	5328	6.17594	6.17594	9.9185
k141_18497	2064	5.17346	5.17346	6.64636
k141_92521	3703	5.89924	5.89924	9.27078
k141_73465	1705	7.72154	7.72154	12.564
k141_110323	2033	7.09241	7.09241	7.05407
k141_18498	1735	7.45615	7.45615	18.0602
k141_7678	2981	8.55351	8.55351	16.0055
k141_63194	1845	6.34336	6.34336	7.63525
k141_7681	1606	7.09684	7.09684	15.9666
k141_55709	1958	6.53042	6.53042	7.64817
k141_73466	4222	7.67166	7.67166	17.0411
k141_102053	7387	9.7043	9.7043	17.5444
k141_35167	3179	9.98019	9.98019	23.6338
k141_25599	1501	9.11621	9.11695	11.8485
k141_18500	3655	9.5475	9.5475	16.1501
k141_110327	4358	5.88522	5.88522	10.5785
k141_82074	8086	18.6273	18.6273	39.7262
k141_92534	1581	4.48707	4.48777	3.58704
k141_35169	3142	6.51103	6.51103	9.82869
k141_63196	7428	11.5863	11.5863	23.6701
k141_25600	5312	7.88202	7.88202	8.25612
k141_63197	1639	8.38348	8.38348	14.5202
k141_73478	2804	30.3772	30.3772	377.443
k141_18508	2313	7.36755	7.36755	7.51565
k141_35176	1817	6.31314	6.31314	10.148
k141_92539	2943	12.4404	12.4404	31.9351
k141_102063	2053	6.13558	6.13558	5.33284
k141_55717	4162	11.4499	11.4499	21.2397
k141_110335	3600	7.73391	7.73391	22.3489
k141_82084	4500	8.91126	8.91126	12.4028
k141_63204	2339	7.38054	7.38054	11.596
k141_73479	3831	9.64521	9.64521	12.909
k141_7697	3439	4.21618	4.21618	8.18475
k141_82085	2504	7.63381	7.63381	15.1743
k141_35182	2364	10.635	10.6355	20.7984
k141_18514	3942	6.76609	6.76609	9.41161
k141_7700	4058	8.15916	8.15916	12.3492
k141_35183	3744	5.8759	5.8759	9.21321
k141_82089	3543	9.71353	9.71353	18.4875
k141_7701	2069	7.79573	7.79573	14.1971
k141_18521	1699	10.4409	10.4409	28.6423
k141_102076	2005	6.5628	6.5628	6.19111
k141_7703	2689	10.0201	10.0201	14.1465
k141_55719	14659	10.1558	10.1558	19.8564
k141_82096	2992	5.66714	5.66714	10.3833
k141_92559	3204	8.22299	8.22299	21.289
k141_35192	2056	4.72141	4.72141	4.76694
k141_18530	2645	5.61162	5.61202	7.11888
k141_55722	1997	9.02978	9.02978	18.8047
k141_102084	2328	9.64371	9.64371	18.1578
k141_110343	13746	10.2424	10.2424	24.9085
k141_92563	1617	5.81868	5.81868	11.2413
k141_35198	1575	7.80211	7.80211	16.8175
k141_82101	3129	5.54985	5.54985	9.33223
k141_110348	1958	15.8512	15.8512	108.789
k141_92565	3974	17.2361	17.2361	41.8447
k141_102087	1539	6.00432	6.00432	7.35159
k141_35203	1529	4.70776	4.70848	3.99043
k141_82106	1692	8.5428	8.5428	8.34305
k141_25607	23757	14.93	14.93	34.0224
k141_55735	1672	5.12024	5.12024	4.07299
k141_110350	3806	6.47319	6.47319	9.76559
k141_25612	1677	5.07859	5.07859	6.17466
k141_102092	2479	8.41391	8.41391	11.3312
k141_35210	1550	4.77143	4.77143	5.8834
k141_7727	2136	5.83938	5.83938	9.17772
k141_110353	2881	7.28341	7.28341	8.0896
k141_55742	1665	8.28185	8.28185	7.43764
k141_102095	1903	3.92698	3.92698	5.07909
k141_25615	2225	7.04434	7.04434	12.4879
k141_73519	4402	9.7119	9.7119	17.3477
k141_110354	2622	7.20267	7.20267	10.2401
k141_18554	1531	6.26937	6.26937	8.03173
k141_35215	2097	8.28711	8.28711	6.29311
k141_7732	3372	11.5208	11.5208	16.3067
k141_18557	1888	7.45109	7.45109	8.30987
k141_25622	2334	4.82784	4.82784	7.32906
k141_35216	3460	8.05317	8.05317	14.3954
k141_92586	1533	5.41576	5.41576	9.44714
k141_82117	8692	10.6884	10.6884	17.1201
k141_110357	5333	8.34768	8.34768	13.3169
k141_102103	1560	6.9227	6.9227	13.3105
k141_7738	1768	8.20334	8.20334	12.5022
k141_18559	3302	10.5841	10.5841	20.1194
k141_25626	3469	20.0871	20.0871	72.2173
k141_73531	2126	7.09059	7.09059	9.71879
k141_92587	5450	8.83113	8.83113	15.3993
k141_82121	2932	12.1438	12.1438	15.3803
k141_18563	1557	24.9126	24.9126	104.577
k141_55763	2067	9.09338	9.09338	26.3404
k141_25630	2877	5.96846	5.96846	10.622
k141_102109	3292	7.56811	7.56811	15.689
k141_73535	2209	8.76931	8.76931	9.7383
k141_18564	2559	5.02989	5.02989	9.2142
k141_25632	1799	4.19345	4.19345	4.01172
k141_92593	2181	5.81388	5.81388	6.46086
k141_25636	1807	6.41642	6.41642	10.5621
k141_102116	1789	5.70165	5.70165	10.395
k141_55768	2557	8.88575	8.88575	22.3348
k141_73543	1638	6.13172	6.13172	5.65715
k141_82126	4589	15.6652	15.6652	23.4236
k141_92596	2152	5.56144	5.56144	9.40765
k141_102119	1543	4.92893	4.92893	4.21118
k141_55770	1607	6.2917	6.2917	8.29057
k141_18573	2929	7.93919	7.93919	16.4689
k141_73547	2344	5.96855	5.96855	5.88002
k141_7747	9734	10.5408	10.5408	15.6293
k141_73549	1563	6.52017	6.52017	9.21151
k141_102123	1734	8.03851	8.03851	7.20324
k141_55773	2722	8.5416	8.5416	10.0072
k141_102124	1847	5.79022	5.79022	8.61985
k141_7750	4031	7.95645	7.95645	8.49373
k141_25643	6515	16.0424	16.0426	33.2739
k141_102126	2286	6.31461	6.31461	8.22788
k141_18583	1690	9.06558	9.06558	10.4498
k141_110383	8771	12.7781	12.7781	27.2388
k141_25644	3397	10.7191	10.7191	17.2989
k141_73556	4357	9.80723	9.80723	12.7952
k141_18586	2040	5.62434	5.62434	8.38187
k141_55790	1870	8.50756	8.50756	7.41819
k141_82137	5900	13.633	13.633	22.818
k141_102129	3288	11.7106	11.7106	28.8771
k141_110386	4857	8.30996	8.30996	15.5329
k141_25650	2420	7.78722	7.78722	11.9041
k141_55797	1635	7.02626	7.02626	12.0296
k141_73561	5851	9.08683	9.08683	18.2764
k141_25652	1860	5.65497	5.65497	6.65446
k141_82146	2832	7.55295	7.55295	10.2339
k141_18598	3380	15.8616	15.8616	22.5751
k141_73565	1894	7.56078	7.56078	14.6767
k141_7762	10522	10.7842	10.7843	19.0445
k141_110395	3286	10.7765	10.7765	24.3606
k141_73571	1637	6.88702	6.88702	10.037
k141_82151	2516	7.06847	7.06847	8.01569
k141_110398	1657	10.9323	10.9323	9.83342
k141_25662	5682	7.75416	7.75416	8.85677
k141_73574	3275	13.3725	13.3725	13.9042
k141_82154	2159	6.01195	6.01195	11.213
k141_25665	1661	5.82594	5.82594	9.1028
k141_102148	3177	9.98348	9.98348	18.9865
k141_7777	2590	8.00328	8.00328	10.0615
k141_18608	2729	9.45405	9.45405	17.4327
k141_73576	1590	6.88958	6.88958	11.8341
k141_110405	2746	6.93837	6.93837	15.0405
k141_25666	2058	5.37054	5.37054	4.05506
k141_73577	2348	10.2079	10.2079	34.2412
k141_18610	2355	6.93787	6.93787	7.11724
k141_7779	3022	6.57765	6.57765	10.6998
k141_25670	1627	5.59309	5.59309	7.6358
k141_82164	1735	8.32745	8.32745	17.7103
k141_7780	3588	8.99884	8.99884	14.4318
k141_25671	1615	8.77133	8.77133	25.5058
k141_55803	20827	20.0109	20.0109	51.9375
k141_82167	1576	10.0428	10.0428	14.5954
k141_7783	1711	5.43626	5.43626	3.09611
k141_18618	1523	9.99417	9.99417	21.898
k141_25676	1987	5.53947	5.53947	6.93926
k141_73580	8524	8.59709	8.59709	17.2598
k141_73581	1594	7.11981	7.11981	8.01818
k141_110422	2995	10.0081	10.0081	22.1239
k141_55815	1769	13.1594	13.1594	35.7743
k141_82169	9787	11.9001	11.9001	20.5916
k141_73586	3972	8.17138	8.17138	10.1287
k141_55817	2284	6.82334	6.82334	10.1127
k141_18619	10342	12.2609	12.2609	91.0073
k141_7799	1508	5.45729	5.45729	11.3316
k141_63209	99421	15.0016	15.0016	31.5088
k141_25690	4519	28.6732	28.6732	88.3409
k141_82172	2051	5.48553	5.48553	3.48784
k141_18625	1808	5.43185	5.43185	5.37763
k141_73589	4127	8.39879	8.39879	33.9038
k141_63216	2436	6.25853	6.25853	9.31304
k141_102169	12048	8.51269	8.51269	14.5148
k141_25697	1771	9.55336	9.55336	11.2412
k141_18632	1694	6.91904	6.91904	9.27345
k141_63218	1983	6.53955	6.53955	9.21574
k141_73592	1835	5.16914	5.16914	5.24394
k141_25698	1586	6.19081	6.19081	8.82359
k141_102170	2691	6.45376	6.45376	11.1321
k141_110444	2660	13.3757	13.3757	34.493
k141_82183	1728	5.87326	5.87326	4.96428
k141_55818	13909	9.19805	9.19805	18.2627
k141_18634	1589	8.68172	8.68242	14.712
k141_63221	5217	8.67949	8.67949	14.5582
k141_18635	4002	6.09553	6.09553	9.00094
k141_25705	3816	10.3137	10.3137	18.7725
k141_102179	2201	8.74841	8.74841	18.2859
k141_82187	2426	5.74692	5.74692	5.32757
k141_63222	2516	7.28276	7.28276	10.1767
k141_7823	3954	9.53575	9.53575	13.5493
k141_110455	2013	8.15191	8.15244	14.2345
k141_82189	4478	8.71858	8.71858	13.1011
k141_73602	6900	8.68622	8.68637	16.8789
k141_25712	3430	5.1689	5.1689	5.98667
k141_102190	1739	7.32473	7.32473	6.98139
k141_110457	6248	11.2106	11.2106	21.5908
k141_25717	1649	4.55704	4.5577	3.54323
k141_102192	2544	8.36884	8.36926	11.5384
k141_102194	1694	8.18005	8.18005	11.6046
k141_63236	1553	8.37705	8.37705	21.9982
k141_7835	3055	9.39931	9.39966	37.5873
k141_18652	4246	8.07739	8.07739	15.0522
k141_110459	3010	10.1336	10.1336	14.8922
k141_82202	3661	8.86329	8.86357	13.6028
k141_110461	4571	7.28681	7.28681	8.40593
k141_63242	3002	8.02104	8.02139	17.1333
k141_55839	12328	10.6261	10.6261	18.3368
k141_92597	90199	21.3065	21.3065	53.7658
k141_25719	9383	17.1017	17.1017	67.4284
k141_18658	3200	6.71213	6.71213	8.56324
k141_102197	6959	9.67881	9.67881	17.9632
k141_63246	1516	6.91947	6.91947	5.62281
k141_25723	1715	6.95335	6.95335	17.9436
k141_82212	2035	9.41698	9.41698	24.3781
k141_7851	3015	8.81641	8.81641	12.3818
k141_25724	2044	8.04488	8.04488	12.6525
k141_55840	8212	29.3809	29.3809	392.511
k141_110477	2099	4.20062	4.20062	5.3268
k141_92609	2938	10.9552	10.9552	26.7223
k141_55841	4882	11.9503	11.9503	63.2077
k141_25731	5519	10.2297	10.2297	21.1748
k141_7863	4481	7.03764	7.03764	9.48376
k141_102200	11233	9.63963	9.63972	17.929
k141_25732	1605	8.87079	8.87079	34.0135
k141_92615	1578	8.13936	8.13936	10.0177
k141_7867	1545	6.44229	6.44229	7.37023
k141_55845	3100	7.98983	7.98983	13.416
k141_82234	2457	5.07195	5.07195	6.9341
k141_110482	8061	17.8117	17.8117	44.6049
k141_55849	1561	5.33806	5.33806	4.73029
k141_63267	6774	8.58514	8.58514	15.3889
k141_73606	34780	16.8612	16.8612	41.7795
k141_35223	121256	26.1571	26.1571	62.4135
k141_63269	1866	7.39802	7.39802	9.78266
k141_82240	2143	10.6553	10.6553	23.9445
k141_92622	5327	7.45297	7.45297	10.8589
k141_55852	5898	11.2147	11.2147	20.4415
k141_102212	2790	8.28295	8.28295	6.89107
k141_82246	2071	11.5664	11.5664	19.3268
k141_7884	2550	6.5625	6.5625	16.1186
k141_102213	3174	8.40212	8.40212	6.07578
k141_25753	3499	8.84652	8.84652	15.9406
k141_7886	1609	6.52365	6.52365	14.8917
k141_92630	1655	5.98538	5.98538	8.22973
k141_92631	1740	6.0088	6.0088	5.99984
k141_55857	6358	10.0203	10.0203	13.8282
k141_25758	1600	5.31103	5.31103	8.31102
k141_92632	1943	7.50251	7.50251	17.5905
k141_82252	1624	9.43216	9.43216	30.1302
k141_44829	248111	23.3292	23.3292	54.4026
k141_110483	18435	16.629	16.629	57.5711
k141_55863	1687	6.29928	6.29928	6.40129
k141_102225	1590	6.325	6.325	4.66707
k141_7887	7010	8.45	8.45	19.6246
k141_35228	14143	19.1767	19.1767	51.1018
k141_44832	1634	6.56873	6.56873	7.13415
k141_92640	1737	5.36862	5.36862	3.79278
k141_102226	2786	16.9317	16.9317	32.4931
k141_25759	6991	15.807	15.807	35.6243
k141_82258	3907	6.40298	6.40298	8.65964
k141_63273	17606	13.2023	13.2023	30.4413
k141_55869	2743	8.55843	8.55843	27.0839
k141_102232	1521	7.9876	7.9876	11.1261
k141_25766	2181	7.41063	7.41063	10.5436
k141_35237	1598	4.33425	4.33425	3.72233
k141_92641	7116	7.38946	7.38946	17.5548
k141_25767	1585	5.34843	5.34913	5.06846
k141_73625	14875	17.6576	17.6576	32.8872
k141_55876	2237	8.10494	8.10494	13.6462
k141_63282	2070	7.53802	7.53802	8.53841
k141_92642	2286	7.12313	7.12313	10.7282
k141_110488	9917	11.5555	11.5555	21.4054
k141_25771	2513	6.27127	6.27127	12.6939
k141_102239	3149	6.56319	6.56319	11.9199
k141_102240	1619	5.04697	5.04765	8.76886
k141_63286	1746	6.91291	6.91291	14.5435
k141_92645	2547	5.78223	5.78223	6.15399
k141_44855	1793	25.168	25.168	67.5646
k141_82276	3240	7.38447	7.38447	10.8266
k141_35238	9215	8.5562	8.5562	16.5562
k141_44856	1694	9.29145	9.2921	8.45446
k141_55889	1673	8.30795	8.30795	8.20796
k141_63291	3712	8.96968	8.96968	11.1483
k141_7900	13687	13.0041	13.0041	31.4222
k141_102242	6489	7.32765	7.32765	8.84693
k141_92650	2936	7.82017	7.82017	14.798
k141_82283	2174	10.0346	10.0346	11.2761
k141_44859	3537	8.99852	8.99852	25.7119
k141_7901	1993	7.39609	7.39609	13.6215
k141_55899	1558	9.51847	9.51847	14.5626
k141_73642	3965	7.19948	7.19948	19.1314
k141_63294	5039	10.4778	10.4778	21.9526
k141_102247	3451	8.00454	8.00454	14.1742
k141_92656	1874	7.41357	7.41357	8.84849
k141_25783	10279	9.59937	9.59937	19.2611
k141_110489	17085	9.74497	9.74497	17.8342
k141_73646	1787	6.69823	6.69823	11.4848
k141_82288	3797	9.49822	9.49822	19.4266
k141_55900	4201	7.81313	7.81313	13.3852
k141_35255	1608	6.36694	6.36694	8.31614
k141_102249	1988	6.90696	6.90696	10.4546
k141_110490	2422	7.91329	7.91329	10.7846
k141_7910	2469	10.05	10.05	21.0077
k141_25786	1900	8.45714	8.45714	11.234
k141_35260	1552	6.46933	6.46933	8.65605
k141_82289	3502	12.7676	12.7676	17.6363
k141_73649	2543	4.91057	4.91057	10.7721
k141_44861	8730	10.5324	10.5324	20.2117
k141_63301	3443	6.81901	6.81901	8.81833
k141_92662	1549	17.6969	17.6969	81.9783
k141_35261	1600	5.08	5.08	7.51188
k141_25789	1784	6.96573	6.96573	21.2616
k141_55908	1881	5.03524	5.03524	6.8329
k141_110493	2147	8.44467	8.44467	8.25805
k141_25790	2583	9.17345	9.17345	11.9387
k141_55911	1564	8.79279	8.79349	5.45058
k141_44865	2413	7.72647	7.72647	23.1209
k141_7918	1931	6.83436	6.83436	10.6372
k141_25795	1507	5.57553	5.57553	7.77248
k141_35263	5413	11.1963	11.1963	18.7271
k141_92668	3140	10.9839	10.9839	17.3681
k141_82293	7112	7.69176	7.69176	16.1306
k141_63311	2381	8.27835	8.27835	11.7365
k141_44870	2938	6.61298	6.61298	9.44791
k141_73667	1999	4.1271	4.1271	4.50709
k141_25801	2456	7.16565	7.16565	19.0901
k141_35270	1818	5.96043	5.96043	5.48134
k141_92677	1519	7.54785	7.54785	18.4515
k141_63313	2980	7.51625	7.51625	12.8176
k141_25804	2642	8.66734	8.66734	15.7677
k141_35271	3883	50.3359	50.3359	132.878
k141_7934	2338	7.89854	7.89854	19.9267
k141_35272	1538	7.70317	7.70317	12.3299
k141_63317	1524	7.47962	7.47962	14.7712
k141_82309	1699	9.60297	9.60361	13.2886
k141_55930	2348	9.23021	9.23021	14.2574
k141_82310	1545	79.238	79.238	275.408
k141_7935	5440	13.1304	13.1304	26.3564
k141_92687	2353	5.09169	5.09169	7.0025
k141_110503	16372	15.2616	15.2616	35.2997
k141_25811	5211	10.6115	10.6115	15.5306
k141_44883	6622	9.67429	9.67429	15.975
k141_63319	5021	11.5438	11.5438	17.6416
k141_82313	2375	12.4449	12.4449	26.3207
k141_92691	2462	20.2487	20.2491	27.191
k141_35279	4028	7.41362	7.41362	14.8033
k141_63320	1700	10.2316	10.2316	11.6345
k141_55932	6738	14.1686	14.1686	37.6814
k141_110508	2468	4.85893	4.85893	5.35637
k141_102250	32987	10.3195	10.3195	19.2946
k141_92698	1607	7.74743	7.74743	13.1546
k141_63327	1938	4.31823	4.31823	3.72126
k141_73690	7546	10.0357	10.0357	17.4473
k141_110511	3173	7.96626	7.96626	15.6084
k141_7946	6512	16.0957	16.0957	41.0686
k141_110515	2463	8.6083	8.6083	26.9817
k141_63333	2748	41.1921	41.1921	544.569
k141_82318	9266	9.26667	9.26667	15.1728
k141_92706	3153	7.16217	7.16217	12.7524
k141_82322	1688	5.01691	5.01691	5.77725
k141_7954	3465	9.38703	9.38703	9.21007
k141_55937	14974	8.43207	8.43207	13.072
k141_110522	1745	12.0991	12.0991	27.0642
k141_92711	1871	5.51307	5.51307	6.11623
k141_73692	12402	11.0635	11.0635	18.3304
k141_63346	2550	6.47708	6.47708	12.0303
k141_82326	4070	9.36556	9.36556	20.4277
k141_7963	2168	8.42468	8.42468	17.2797
k141_55942	2072	11.6691	11.6691	23.1189
k141_73694	1819	9	9	25.1067
k141_92720	2118	7.24441	7.24441	19.6348
k141_82328	1703	6.09466	6.09466	9.20302
k141_35310	5200	9.2303	9.2303	16.9835
k141_110537	3373	6.85138	6.85138	11.9073
k141_73696	5932	9.65237	9.65237	17.4104
k141_82336	3317	5.37985	5.37985	5.83338
k141_92730	1924	6.93405	6.93405	10.5839
k141_73699	1742	6.62374	6.62374	10.6031
k141_63354	9524	10.0537	10.0538	14.0025
k141_92731	2193	10.5884	10.5884	70.4214
k141_35321	1534	11.1879	11.1879	23.3891
k141_110542	4634	8.73417	8.73417	14.3926
k141_7983	3234	10.6803	10.6803	32.0301
k141_82341	2685	7.75819	7.75819	19.4235
k141_92732	4375	10.1697	10.1697	15.0815
k141_63360	2061	7.63422	7.63422	9.229
k141_73708	1834	8.16924	8.16924	12.2738
k141_92733	1634	5.53167	5.53167	8.15878
k141_102252	37339	13.7484	13.7484	33.4859
k141_55966	2476	7.4123	7.4123	9.00628
k141_102254	2227	5.33799	5.33799	11.5245
k141_63366	2088	6.63519	6.63519	6.08316
k141_7988	3178	10.3639	10.3643	21.3782
k141_110550	2861	6.06271	6.06271	8.09717
k141_73710	3173	10.4711	10.4711	13.8085
k141_35331	3163	10.3332	10.3332	33.4713
k141_102255	2261	6.66556	6.66556	8.20183
k141_7989	2754	6.05876	6.05876	5.12334
k141_110553	1761	6.95903	6.95903	9.03808
k141_35333	2989	8.55935	8.55935	19.8264
k141_73715	2161	7.97563	7.97563	17.4964
k141_110556	1543	4.32448	4.32448	3.94208
k141_92743	5244	6.15194	6.15194	7.96445
k141_7993	2044	9.39493	9.39493	18.498
k141_82345	13057	18.8612	18.8612	41.854
k141_63370	6883	11.1528	11.1528	20.5187
k141_35337	3982	7.63048	7.63048	11.3153
k141_55980	5750	8.94375	8.94375	18.4559
k141_63371	2000	4.86973	4.86973	5.23939
k141_7996	2388	6.10009	6.10009	8.16966
k141_35340	1516	4.17496	4.17496	5.21697
k141_110558	6767	9.33807	9.33807	17.1065
k141_82350	2151	6.4088	6.4088	7.61181
k141_102278	1913	4.50766	4.50766	4.97315
k141_35344	1736	8.11286	8.11286	22.3904
k141_63376	2810	7.66767	7.66767	11.4887
k141_55984	1863	6.6223	6.6223	13.1009
k141_82351	3344	7.20194	7.20194	7.87556
k141_102281	2171	6.48046	6.48046	6.07728
k141_55989	2544	7.66541	7.66541	13.2599
k141_73719	13058	11.7901	11.7901	24.2195
k141_55990	2172	8.0183	8.0183	8.41677
k141_63383	5366	14.8508	14.8508	25.9382
k141_110567	6045	8.79695	8.79695	18.8404
k141_102294	1872	5.33508	5.33508	7.00499
k141_18659	160297	20.2447	20.2447	49.5786
k141_18660	2112	8.91947	8.91947	19.4631
k141_55994	2625	6.38424	6.38424	11.3426
k141_73726	3639	12.8619	12.8619	15.3983
k141_18661	1809	7.8264	7.8264	7.66471
k141_7997	20571	41.8272	41.8272	120.199
k141_56000	2098	6.43121	6.43121	7.74418
k141_73727	4122	9.44512	9.44512	17.948
k141_18666	2365	6.23341	6.23341	6.69581
k141_92753	23408	14.4518	14.4518	27.9787
k141_73730	1531	6.45474	6.45474	6.27707
k141_63400	2278	6.06062	6.06109	15.3596
k141_18669	1534	8.99277	8.99277	16.522
k141_8002	2061	5.88488	5.88488	7.27885
k141_92757	1544	5.9462	5.9462	7.86
k141_92760	1565	7.72367	7.72367	18.4645
k141_18673	2037	4.062	4.062	4.63512
k141_73732	6355	8.31007	8.31007	14.8168
k141_18675	2330	13.2133	13.2133	41.4409
k141_73733	2871	11.2076	11.2076	25.9793
k141_110585	9586	7.86318	7.86318	13.5247
k141_92764	2221	5.9662	5.9662	6.995
k141_8012	1830	7.61667	7.61667	9.97793
k141_63409	3069	6.09318	6.09318	8.03312
k141_82352	28153	15.7964	15.7964	41.1825
k141_18677	1776	6.5984	6.5984	5.53399
k141_8013	2729	7.88755	7.88755	11.8236
k141_73735	2281	6.87518	6.87518	15.0849
k141_8014	1754	5.16895	5.16895	4.82789
k141_82357	1958	18.172	18.172	67.2274
k141_73741	2397	6.66222	6.66222	17.1817
k141_110595	3463	8.05222	8.05222	14.8367
k141_82361	1503	8.23429	8.23429	9.76092
k141_92774	1860	6.53918	6.53918	6.94955
k141_73742	1790	8.34085	8.34146	15.4306
k141_63412	6093	10.7346	10.7348	19.4766
k141_92775	2357	6.84413	6.84413	6.38644
k141_8022	2490	7.86538	7.86538	12.5902
k141_18692	3023	10	10	19.7674
k141_82365	2227	8.55946	8.55946	10.0847
k141_110601	2291	6.40168	6.40168	13.3387
k141_8024	1616	7.76194	7.76194	7.40058
k141_63415	2615	8.75943	8.75943	18.0739
k141_92777	2742	9.03665	9.03665	17.1994
k141_110603	1564	5.19943	5.19943	5.45065
k141_18693	1623	8.87644	8.87644	14.9155
k141_8027	3729	7.41408	7.41408	6.93705
k141_102315	26743	19.0054	19.0054	40.9211
k141_92783	1575	8.05123	8.05123	9.77622
k141_63422	1529	8.86947	8.8702	11.9026
k141_92785	1809	5.78541	5.78541	9.68862
k141_110610	4098	13.7042	13.7042	25.238
k141_35348	46229	16.4185	16.4185	37.2188
k141_73752	9125	8.09682	8.09682	11.8149
k141_92788	2990	9.14225	9.14225	34.7449
k141_63425	2357	14.2923	14.2923	20.7082
k141_102322	2270	20.1693	20.1693	101.443
k141_18698	7768	9.40903	9.40903	22.2011
k141_73753	4124	9.18495	9.18495	19.9398
k141_63426	2949	8.40979	8.40979	8.32264
k141_25816	111957	40.637	40.637	116
k141_18701	1753	6.77667	6.77667	7.35834
k141_35356	2046	5.88133	5.88133	6.69028
k141_73755	2120	6.35685	6.35685	9.2037
k141_63428	2044	6.74076	6.74076	16.9781
k141_18703	1787	6.31949	6.31949	13.6357
k141_92794	3835	11.9058	11.9058	16.9285
k141_63431	2235	6.43501	6.43501	6.78725
k141_82373	12503	10.131	10.131	15.5877
k141_63434	1970	8.82912	8.82967	14.1909
k141_92800	2658	6.45175	6.45175	8.148
k141_35364	2976	11.1699	11.1699	18.5552
k141_92802	1618	7.08447	7.08447	13.4693
k141_63438	3072	8.38638	8.38638	11.2265
k141_92803	1732	7.87042	7.87042	14.2053
k141_82374	8251	10.8815	10.8815	22.2847
k141_63440	1626	4.50813	4.50813	3.25213
k141_44884	136004	21.7152	21.7152	51.1457
k141_35373	2371	7.88609	7.88609	10.119
k141_44887	3188	12.3278	12.3278	84.5145
k141_18720	2045	9.03747	9.03747	15.3792
k141_82375	7564	6.78689	6.78689	13.4143
k141_25819	22658	18.5897	18.5897	127.152
k141_35378	2005	4.58868	4.58868	6.72875
k141_8029	36531	18.9563	18.9563	41.4488
k141_82379	2967	15.8644	15.8644	194.557
k141_25826	1656	3.89708	3.89708	1.63924
k141_63450	2292	7.81793	7.81793	37.0216
k141_110612	26705	14.1857	14.1857	30.6008
k141_8031	2267	5.71753	5.71753	6.62335
k141_110613	1684	6.99413	6.99413	7.25304
k141_25827	2482	6.56046	6.56046	9.28216
k141_110614	1882	7.26328	7.26328	9.31716
k141_25831	2544	7.26399	7.26399	9.39868
k141_73781	9777	9.04924	9.04924	14.1491
k141_92815	6438	10.0167	10.0167	18.3055
k141_35383	7400	8.26041	8.26055	11.6198
k141_63460	2775	11.7615	11.7615	28.5179
k141_110616	4111	7.6309	7.6309	10.6246
k141_92817	2509	9.45697	9.45697	12.8835
k141_73785	1512	5.68282	5.68282	6.7972
k141_82393	1947	8.69505	8.6956	13.9802
k141_25835	2679	7.5777	7.5777	28.5913
k141_63461	2170	7.41683	7.41683	18.4254
k141_73786	1833	7.87285	7.87285	10.8542
k141_8045	3006	7.16247	7.16247	9.56523
k141_82396	1629	11.8235	11.8235	31.3619
k141_8047	2073	8.63807	8.63807	17.1843
k141_56014	73985	15.1946	15.1946	35.7099
k141_73793	1925	6.17127	6.17127	7.54681
k141_82399	1560	4.14894	4.14894	5.31628
k141_35389	3213	5.84101	5.84101	6.9
k141_8050	1651	7.77015	7.77015	12.2211
k141_56015	2904	8.25853	8.25853	12.5063
k141_82401	2695	5.43222	5.43222	5.9601
k141_63469	2531	5.56405	5.56405	7.49223
k141_8054	1736	6.24086	6.24086	9.60121
k141_110631	2600	7.81959	7.81959	19.4873
k141_56017	1561	9.76612	9.76612	29.9538
k141_35391	3533	33.9134	33.9137	177.126
k141_110633	1536	10.3961	10.3961	18.8532
k141_25848	3699	7.45252	7.45252	9.08543
k141_92837	2839	6.09148	6.09186	7.10647
k141_8059	1532	5.71997	5.71997	6.24964
k141_102323	49760	22.5617	22.5617	110.445
k141_63472	4300	7.88289	7.88289	15.1514
k141_110636	2514	5.38917	5.38917	7.61142
k141_110637	1620	9.88027	9.88027	24.6447
k141_56028	2424	6.31838	6.31838	9.83799
k141_102327	2783	9.40182	9.40182	17.5733
k141_35396	5174	9.08201	9.08201	30.2924
k141_92842	3059	8.98522	8.98522	16.9828
k141_56029	1611	5.03901	5.0397	14.7518
k141_110640	1802	17.4485	17.4485	35.5885
k141_35397	1770	8.51111	8.51111	9.536
k141_44888	38484	16.2478	16.2478	38.3934
k141_82414	2515	9.60677	9.60677	28.7685
k141_56035	1538	7.56052	7.56052	11.8586
k141_92847	1661	9.03971	9.03971	8.84486
k141_92848	2639	6.66613	6.66613	10.8455
k141_8066	7976	10.8937	10.8937	18.8339
k141_110641	4378	11.3969	11.3969	12.751
k141_25878	1721	8.07638	8.07638	12.6833
k141_92849	3514	6.19738	6.19738	10.5206
k141_35411	1859	5.90813	5.90813	7.84577
k141_18723	43127	15.9405	15.9405	32.901
k141_110642	5025	15.815	15.815	28.0054
k141_8072	3150	28.5837	28.5837	321.647
k141_56046	4341	9.41637	9.41637	16.2698
k141_63488	8150	9.10563	9.10563	21.8603
k141_25884	1563	6.49752	6.49752	9.16236
k141_63492	1820	5.30778	5.30778	11.3816
k141_73799	27673	12.0864	12.0864	23.3029
k141_18730	1749	10.0338	10.0344	27.0431
k141_92858	1890	7.69368	7.69368	11.1844
k141_82415	15482	10.5069	10.5069	15.791
k141_63493	1736	5.86003	5.86003	8.58481
k141_110653	1600	9.61793	9.61793	9.86354
k141_73804	2093	8.99691	8.99691	24.2348
k141_44894	15652	12.7494	12.7494	23.8843
k141_82420	2842	7.52452	7.52452	9.80437
k141_63496	2931	7.47033	7.47033	12.7422
k141_18738	1565	7.63463	7.63463	15.0425
k141_35419	5005	13.8247	13.8247	17.3721
k141_25888	6076	22.8444	22.8444	106.14
k141_73809	1961	5.40088	5.40088	6.99401
k141_63500	2442	5.67539	5.67539	9.58737
k141_56054	10202	9.18832	9.18832	19.2575
k141_18739	4040	11.0067	11.0067	22.3172
k141_8098	1817	6.04919	6.04919	8.0192
k141_35426	2093	6.43592	6.43592	6.95766
k141_110665	3019	5.93238	5.93238	9.82184
k141_44904	1740	6.24214	6.24214	11.9231
k141_8100	1715	8.25879	8.25879	9.79444
k141_102329	29323	16.7227	16.7227	33.1644
k141_56055	4414	9.93598	9.93598	17.3366
k141_73816	3305	6.93756	6.93756	11.3255
k141_73817	1548	7.81044	7.81044	10.9154
k141_18743	4630	9.36763	9.36763	25.7311
k141_102331	3326	8.31895	8.31895	14.722
k141_25901	2695	4.60943	4.60943	4.6288
k141_8108	1802	7.74637	7.74637	13.7678
k141_110672	2258	8.70731	8.70731	14.5545
k141_44910	3368	9.6473	9.64761	17.029
k141_63508	6347	8.69582	8.69582	13.5727
k141_102333	1873	7.5473	7.5473	17.5233
k141_56058	3345	9.33709	9.33709	21.5202
k141_8110	1968	8.82013	8.82013	20.8895
k141_56060	1814	8.55168	8.55168	18.7719
k141_25905	1998	8.69968	8.69968	26.2308
k141_35438	1611	7.03354	7.03354	9.20774
k141_82444	1857	8.77622	8.77622	11.3086
k141_73823	5450	6.7817	6.7817	14.1146
k141_8113	3450	6.86061	6.86061	9.2736
k141_8115	1806	9.22766	9.22766	16.3669
k141_102342	3308	82.1906	82.1906	2917.81
k141_25915	3072	10.3795	10.3795	15.0448
k141_73825	5343	11.0986	11.0986	17.5526
k141_44922	3450	8.64242	8.64273	9.0445
k141_8116	2796	7.36357	7.36357	14.6707
k141_63528	1830	7.45357	7.45357	13.7549
k141_8117	2090	10.3088	10.3088	19.2275
k141_73826	3059	6.70643	6.70643	12.9702
k141_82463	2682	7.97709	7.97709	22.3606
k141_8121	2700	6.48941	6.48941	13.8192
k141_73829	1792	7.42753	7.42753	13.7477
k141_110691	5693	8.38914	8.38932	17.6971
k141_25924	2014	7.875	7.875	13.4052
k141_82465	1852	7.30846	7.30846	9.61852
k141_8122	1853	7.87493	7.87493	22.0027
k141_110692	2320	7.71152	7.71152	11.0444
k141_25925	3312	7.17362	7.17362	8.55037
k141_35461	3972	9.56515	9.56515	16.4458
k141_63531	7601	13.3816	13.3816	39.8248
k141_92859	43643	14.6237	14.6237	32.7758
k141_110694	1572	5.58017	5.58017	6.94324
k141_63535	1548	6.55794	6.55794	12.377
k141_8128	2243	8.59771	8.59771	17.0456
k141_8129	3180	8.40594	8.40594	10.9226
k141_73841	1974	16.0159	16.0159	41.3268
k141_25926	7804	7.41847	7.41847	14.7356
k141_8131	1920	17.8508	17.8508	120.454
k141_73842	1921	12.8278	12.8278	20.6534
k141_110706	2320	8.90968	8.90968	15.8258
k141_35469	5466	10.51	10.5102	19.9432
k141_63549	1578	7.03711	7.03711	13.7636
k141_73845	1674	7.27428	7.27428	21.4021
k141_82467	14798	18.7396	18.7396	33.5155
k141_44927	19135	9.36776	9.36776	16.5455
k141_110710	2091	16.4034	16.4034	50.6706
k141_92872	3799	6.0803	6.0803	10.9935
k141_8139	1519	12.5478	12.5478	31.7537
k141_73847	1665	11.8871	11.8871	15.6906
k141_56073	29204	15.7355	15.7355	35.5293
k141_82469	2995	10.742	10.742	20.7452
k141_35482	2419	8.30454	8.30454	23.8152
k141_63556	1694	5.74223	5.74223	6.17198
k141_56074	2708	7.97107	7.97107	26.7226
k141_35483	1635	7.75892	7.75892	9.61306
k141_102349	25891	12.8183	12.8183	28.1572
k141_63561	1574	5.06742	5.06742	5.52884
k141_73856	4339	9.02817	9.02817	18.7598
k141_56082	1605	5.97732	5.97732	14.0331
k141_102352	2129	7.93936	7.93936	11.4716
k141_73857	2361	6.28268	6.28268	12.9187
k141_56084	2496	9.922	9.922	15.3494
k141_73861	1748	5.75469	5.75469	10.4632
k141_63564	6360	19.977	19.9771	81.0093
k141_35488	6417	16.4602	16.4602	39.3249
k141_56087	2248	10.2803	10.2803	20.7445
k141_73862	1940	9.90726	9.90726	22.5436
k141_82473	12467	14.9573	14.9573	22.4173
k141_102361	2344	5.92024	5.92024	12.9955
k141_56088	1794	4.56204	4.56204	7.14098
k141_73863	2092	122.119	122.119	481.729
k141_92888	12838	10.7837	10.7837	17.8985
k141_82480	1607	11.7962	11.7962	32.2516
k141_35494	3020	9.9669	9.96725	12.4842
k141_63570	1830	6.35357	6.35357	9.42934
k141_25927	29127	16.616	16.616	31.6613
k141_110727	15094	10.3304	10.3304	17.3324
k141_82483	1809	8.12417	8.12417	11.5104
k141_56101	1595	4.9737	4.9737	5.23478
k141_102372	1573	6.5903	6.5903	11.9341
k141_110729	1833	6.04456	6.04456	13.6491
k141_102376	1940	9.99441	9.99441	17.8211
k141_63577	3439	8.10642	8.10672	9.69334
k141_35500	5418	8.43204	8.43223	21.3778
k141_82490	3057	7.871	7.871	18.1121
k141_73882	2198	10.5996	10.5996	42.5971
k141_63579	2223	4.43657	4.43657	5.48929
k141_82492	1614	7.23156	7.23156	19.1924
k141_56113	3241	9.62601	9.62633	16.7603
k141_92910	2561	6.17918	6.17918	7.20112
k141_92911	3041	7.101	7.101	13.8666
k141_25947	3030	15.2292	15.2292	30.7795
k141_82498	2279	7.70597	7.70597	17.4925
k141_35513	2338	8.5585	8.5585	11.5361
k141_25950	3592	11.1116	11.1116	16.5276
k141_82502	1711	9.4401	9.4401	14.7106
k141_63590	3372	9.76071	9.76071	18.6784
k141_102385	7810	7.25287	7.25287	14.7299
k141_92916	3385	8.37434	8.37465	20.2863
k141_73886	10102	16.6762	16.6762	47.1709
k141_82503	2599	5.15353	5.15353	4.66025
k141_35515	6256	18.3881	18.3881	75.6911
k141_44938	39673	36.2522	36.2522	104.885
k141_82504	3410	33.7316	33.7316	79.5784
k141_102390	3862	10.2909	10.2909	24.8109
k141_92924	1774	7.58436	7.58436	18.3934
k141_73894	2619	5.32969	5.32969	6.66279
k141_82511	2887	5.56266	5.56266	4.7279
k141_92925	1885	8.65879	8.65937	13.5419
k141_35525	1536	7.80231	7.80231	11.2403
k141_110731	28532	18.9501	18.9501	39.963
k141_44940	7138	10.0004	10.0004	20.5083
k141_25959	8288	8.92947	8.92947	15.0956
k141_73899	2167	8.71988	8.71988	21.2761
k141_102401	4787	11.7186	11.7186	22.141
k141_92928	7471	8.27196	8.27196	15.4785
k141_35535	3966	8.10377	8.10404	13.4773
k141_110738	4473	10.8816	10.8816	22.5132
k141_73906	3503	9.05338	9.05338	12.1293
k141_102408	1992	5.64712	5.64712	7.32896
k141_44944	7994	12.7012	12.7012	29.8105
k141_25962	10441	9.88553	9.88553	17.9823
k141_110739	2333	6.51993	6.51993	6.84091
k141_92931	2808	6.63845	6.63845	8.93475
k141_35542	1776	5.3893	5.3893	8.56773
k141_82529	3332	6.83784	6.83784	12.5341
k141_25965	1807	7.77489	7.77489	15.1502
k141_8142	69344	16.6907	16.6907	36.302
k141_25966	1663	8.25182	8.25182	17.7136
k141_35546	1682	6.70822	6.70822	15.3706
k141_82534	1937	7.77057	7.77057	13.2319
k141_8147	1652	7.10253	7.10253	11.9309
k141_73908	7842	31.8911	31.8911	78.0499
k141_44958	1558	5.63778	5.63778	6.13877
k141_92942	2401	5.04887	5.04887	6.36382
k141_35551	2598	7.83047	7.83047	11.831
k141_110754	1869	6.20477	6.20477	11.2759
k141_35552	2319	6.11572	6.11572	8.44195
k141_82546	1692	7.3677	7.3677	14.5857
k141_8159	1658	8.62467	8.62467	23.3998
k141_25978	4518	10.0559	10.0559	19.7174
k141_82547	2039	8.49868	8.49921	9.0298
k141_35557	1817	5.62627	5.62627	9.70237
k141_8160	2027	5.2472	5.2472	7.21924
k141_44960	7091	9.63478	9.63478	17.9998
k141_73925	4806	35.7635	35.7635	159.123
k141_63604	35091	17.731	17.7311	38.8421
k141_25981	3108	65.5193	65.5193	379.574
k141_8164	2181	10.2437	10.2437	17.2977
k141_63605	1786	4.80134	4.80134	4.96294
k141_82553	3809	9.46078	9.46078	17.2321
k141_35567	3059	5.92781	5.92781	10.0246
k141_73930	3683	10.777	10.777	18.985
k141_82555	1606	9.94368	9.94368	20.7021
k141_63609	4174	11.2843	11.2843	31.5441
k141_25991	1553	4.68567	4.68639	5.76034
k141_44974	1693	10.2949	10.2949	15.1834
k141_35571	1545	4.65806	4.65806	3.63551
k141_92944	17525	39.4148	39.4148	69.294
k141_110756	15199	10.9247	10.9247	21.9312
k141_63612	2115	7.79898	7.79898	12.0538
k141_8176	2630	7.6125	7.6125	9.74772
k141_56114	63733	31.9019	31.9019	70.4512
k141_35575	2276	7.35654	7.35654	10.4912
k141_110758	2858	7.36928	7.36928	14.609
k141_25996	4048	18.2258	18.2258	42.8755
k141_73944	2656	14.1544	14.1544	46.3556
k141_82563	6505	10.5124	10.5124	16.0723
k141_8181	2110	5.92347	5.92347	3.65931
k141_35579	3063	8.9643	8.9643	18.9568
k141_56115	6858	10.4724	10.4724	18.191
k141_25998	4893	10.0226	10.0228	16.1146
k141_63627	3179	7.52988	7.52988	13.6726
k141_44988	4498	10.8356	10.8356	27.1972
k141_35585	2588	7.23052	7.23052	12.8412
k141_63628	1609	5.51131	5.51131	2.6931
k141_35587	1755	5.73333	5.73333	12.2379
k141_73948	6167	10.6457	10.6457	17.5024
k141_44992	1577	6.23266	6.23266	10.9569
k141_110774	2102	7.87859	7.87859	8.87964
k141_63629	1509	10.5556	10.5556	28.1616
k141_82576	1542	5.79598	5.79598	5.69092
k141_8194	2352	6.24523	6.24523	9.431
k141_56122	4692	8.22589	8.22589	10.1963
k141_26003	4279	31.8554	31.8554	96.1304
k141_44993	2515	6.9463	6.9463	12.3298
k141_35591	2084	9.78232	9.78232	15.8691
k141_92967	6837	8.73635	8.73635	20.6484
k141_56124	1597	8.80235	8.80235	21.889
k141_44996	1650	9.642	9.642	20.354
k141_110780	1553	13.0955	13.0955	20.065
k141_8200	1649	7.84189	7.84189	18.8153
k141_44999	2211	6.27705	6.27705	7.99651
k141_92974	1885	5.63458	5.63458	10.6207
k141_82590	2053	9.11035	9.11035	24.4652
k141_73964	1577	8.17449	8.17449	28.3897
k141_63642	1679	8.04447	8.04447	14.9849
k141_35592	8681	12.5212	12.5212	25.3393
k141_8203	5676	15.1138	15.1138	50.6423
k141_56137	2438	14.7308	14.7308	37.3268
k141_35593	2153	4.41638	4.41638	7.72568
k141_8207	1661	10.0503	10.0503	20.3167
k141_63648	3036	4.95981	4.95981	7.08406
k141_26008	11961	7.74896	7.74896	13.507
k141_73972	2572	11.2407	11.2407	15.5211
k141_8209	2007	5.23425	5.23425	4.25382
k141_35599	1545	6.88674	6.88674	10.6284
k141_82596	4768	15.3478	15.3478	26.191
k141_102419	56946	15.7203	15.7203	34.7835
k141_73976	1565	4.77173	4.77173	9.0221
k141_45014	1719	5.12619	5.12619	3.25066
k141_8213	2226	9.3001	9.3001	12.2198
k141_73979	2441	6.30467	6.30467	12.8348
k141_56149	3186	5.13966	5.13966	8.90835
k141_110797	7343	11.2576	11.2576	17.592
k141_102424	2826	7.19395	7.19395	11.476
k141_45019	2487	7.05135	7.05135	12.4606
k141_26017	4462	14.9907	14.9907	38.2909
k141_82601	4877	8.41781	8.41781	13.9843
k141_102429	1792	10.5305	10.5305	17.9981
k141_45024	2360	5.06652	5.06652	6.51122
k141_73989	1788	6.99634	6.99634	23.1228
k141_35602	10174	8.59587	8.59597	16.2058
k141_26018	4965	7.94268	7.94268	13.4079
k141_73991	1781	7.46107	7.46107	5.04376
k141_63669	3498	11.5439	11.5439	24.5941
k141_8226	2148	5.95796	5.95796	7.90613
k141_93006	3158	10.5924	10.5924	13.9462
k141_102435	2867	10.6713	10.6713	15.6471
k141_110812	3482	8.35504	8.35504	15.8705
k141_73998	1708	8.19127	8.19127	20.9651
k141_63672	3575	7.72847	7.72847	14.6351
k141_56154	12102	8.98686	8.98686	14.942
k141_82611	3667	10.526	10.526	22.5026
k141_45036	1903	5.18939	5.18939	4.51319
k141_56155	1665	5.72409	5.72409	10.2885
k141_26025	3269	7.65566	7.65566	8.85045
k141_82612	2169	6.39178	6.39178	7.69531
k141_45037	1740	5.72327	5.72327	5.28272
k141_35609	6244	12.3607	12.3607	26.9764
k141_8239	1883	5.74611	5.74611	8.43781
k141_26029	1954	6.61696	6.61696	4.38507
k141_110826	2002	6.50324	6.50324	9.84387
k141_82618	1981	6.91753	6.91753	9.19704
k141_45040	2767	5.81735	5.81735	9.12253
k141_35612	1758	8.53109	8.53109	10.93
k141_56159	2686	8.52011	8.52011	11.3693
k141_102451	2741	7.22848	7.22848	15.1832
k141_110830	1720	6.44331	6.44331	6.48781
k141_8243	1802	7.96005	7.96005	22.3618
k141_45042	1588	8.98818	8.98818	10.1509
k141_35613	3410	8.92853	8.92853	12.0069
k141_63688	2829	7.09892	7.09892	7.58131
k141_26033	4557	6.92693	6.92693	7.71411
k141_110833	3102	11.0346	11.0349	19.3384
k141_63689	2779	7.70065	7.70065	14.601
k141_74022	1729	5.15009	5.15009	4.29624
k141_35614	3884	9.09962	9.09962	15.2441
k141_110836	1900	5.62971	5.62971	7.99425
k141_102464	1781	11.4874	11.4874	22.5322
k141_82626	3469	9.61193	9.61223	14.1181
k141_8247	5269	9.14202	9.14202	20.6812
k141_45052	1665	9.61122	9.61122	14.1691
k141_74025	1735	7.3836	7.3836	11.9828
k141_8248	1501	9.05922	9.05922	9.64983
k141_102465	2563	7.31372	7.31372	7.1872
k141_35615	3836	9.51167	9.51167	30.904
k141_45053	1826	7.65036	7.65036	11.2256
k141_74026	1699	4.47127	4.47192	9.06985
k141_110840	3199	15.1102	15.1102	37.1605
k141_26036	7573	21.5323	21.5323	69.6242
k141_8250	3649	9.52501	9.52501	11.4844
k141_110841	3017	6.71573	6.71573	5.74436
k141_93015	19938	10.463	10.463	17.016
k141_102469	3245	7.91535	7.91535	17.5356
k141_63694	7051	11.1298	11.1298	24.7934
k141_82641	1532	5.86614	5.86614	8.86185
k141_45057	3035	6.82634	6.82634	11.6894
k141_8251	3193	8.1837	8.1837	12.8185
k141_102471	1529	5.46338	5.46338	14.6755
k141_45059	2479	7.54873	7.54873	8.77252
k141_93022	1997	7.27125	7.27125	20.8228
k141_35625	2798	6.91314	6.91314	9.67216
k141_45060	1910	6.46705	6.46705	18.5549
k141_63698	2979	9.45034	9.45034	16.4308
k141_8255	4364	8.5916	8.5916	17.6903
k141_74043	1776	7.56089	7.56089	15.3479
k141_35627	2727	13.9406	13.9406	24.4667
k141_45061	3707	7.18049	7.18049	9.10744
k141_102472	7223	7.80079	7.80079	12.1107
k141_26046	6114	34.104	34.104	92.4379
k141_74044	2692	10.2478	10.2478	16.6957
k141_45063	1736	9.61854	9.61917	16.0945
k141_102473	1738	7.71662	7.71662	16.7425
k141_35632	1613	5.5393	5.5393	8.56465
k141_45064	1884	8.48443	8.48443	15.7721
k141_102475	1620	22.1204	22.1204	110.211
k141_45065	1648	7.20961	7.20961	8.24594
k141_63700	7721	10.1477	10.1477	15.1694
k141_82654	7693	9.62588	9.62588	23.9417
k141_74049	2536	4.92121	4.92121	3.86379
k141_93045	1629	8.84381	8.84449	19.1827
k141_45068	2241	15.7308	15.7308	72.732
k141_26050	6256	10.3221	10.3221	18.5904
k141_35640	2508	18.6845	18.6845	58.7717
k141_26052	1609	5.41947	5.41947	6.36569
k141_82659	3002	8.82468	8.82468	11.6641
k141_63701	6746	12.8185	12.8185	18.2537
k141_45074	2134	8.02621	8.02621	15.1027
k141_74052	6604	10.8152	10.8152	24.2834
k141_45075	1976	35.0285	35.0285	149.507
k141_35644	4649	9.87953	9.87953	21.1478
k141_110879	3903	8.97709	8.97709	19.4914
k141_82667	1909	12.9221	12.9221	32.337
k141_74053	2936	9.53446	9.53446	22.1288
k141_26065	1701	7.52805	7.52805	6.83652
k141_35648	1806	7.29771	7.29771	15.0998
k141_8266	14875	11.6801	11.6801	23.2381
k141_45082	2673	7.78201	7.78201	17.6573
k141_56166	40967	13.8073	13.8073	31.2744
k141_26066	1547	8.09807	8.09807	23.7589
k141_102478	14993	10.3771	10.3771	20.0012
k141_56168	2021	6.938	6.938	13.209
k141_35651	1854	8.66021	8.66021	10.6273
k141_26068	1912	9.49149	9.49149	24.777
k141_8267	3622	10.8923	10.8923	32.8906
k141_82676	2012	5.53437	5.53437	5.23766
k141_93071	2054	9.52048	9.52048	16.3069
k141_74063	2076	6.53998	6.53998	5.03399
k141_26069	2326	5.54274	5.54274	10.4525
k141_110883	7802	8.43126	8.43126	13.1804
k141_8269	1890	5.90805	5.90805	6.01226
k141_45091	1795	6.12584	6.12584	4.85579
k141_56169	4529	8.94748	8.94748	9.64271
k141_93075	1712	8.48464	8.48464	20.6266
k141_63723	2601	7.93676	7.93676	14.2838
k141_82680	3405	10.22	10.22	12.9941
k141_26076	1978	10.0925	10.0925	19.2673
k141_8271	3446	6.99029	6.99029	11.7024
k141_102489	3250	9.01355	9.01355	15.5525
k141_74073	1999	5.7642	5.7642	5.37402
k141_35659	3794	9.12212	9.12212	13.4327
k141_110894	1687	8.80677	8.80677	16.9191
k141_56172	3782	9.16272	9.16272	10.6645
k141_26077	4407	8.06272	8.06272	28.9865
k141_102490	2925	7.65802	7.65802	8.84881
k141_8275	3320	9.1101	9.1101	17.1942
k141_45098	3037	6.27884	6.27884	8.66055
k141_102491	2276	8.9953	8.9953	13.3204
k141_102493	1878	13.5689	13.5689	27.7695
k141_26085	2026	8.18017	8.18017	18.3964
k141_82693	2450	7.55652	7.55652	12.7688
k141_56174	6069	5.77158	5.77158	5.70789
k141_93083	4941	7.19558	7.19558	12.0346
k141_45102	3874	7.87513	7.87513	18.165
k141_74085	2069	8.30954	8.30954	11.78
k141_26086	3579	6.58064	6.58064	6.52828
k141_8280	5703	9.87286	9.87304	13.8558
k141_74088	1686	5.29036	5.29036	8.4368
k141_102496	3488	7.90174	7.90174	16.3381
k141_93086	3246	9.7332	9.7332	19.9818
k141_63742	4771	8.13266	8.13266	11.1527
k141_26089	2396	6.4951	6.4951	9.20067
k141_82703	2067	9.36881	9.36881	24.5575
k141_93089	1729	7.28626	7.28626	9.97756
k141_56185	2603	11.1353	11.1358	24.181
k141_63746	1949	5.81212	5.81212	6.82345
k141_74094	2214	5.94622	5.94622	9.32671
k141_26091	2278	10.2975	10.2975	11.5866
k141_93091	2465	8.49028	8.49028	10.8541
k141_56188	2978	4.76733	4.76733	7.52623
k141_35662	17168	15.4709	15.4709	25.9792
k141_102501	5211	8.81328	8.81328	12.9327
k141_110914	5757	8.5247	8.5247	16.6476
k141_8286	7538	10.7033	10.7033	20.3828
k141_74098	2884	11.2615	11.2615	33.0051
k141_56189	2207	8.41274	8.41274	17.0355
k141_110916	1954	8.29213	8.29268	11.3408
k141_26095	3053	8.66448	8.66448	13.6779
k141_35665	1620	8.15442	8.15442	10.2137
k141_93094	2758	7.26457	7.26457	21.1022
k141_8290	2966	8.087	8.08736	14.4917
k141_102507	3206	7.44961	7.44961	12.7307
k141_110918	2867	7.31505	7.31505	11.2365
k141_63763	2118	7.64024	7.64024	4.98291
k141_74101	3352	12.059	12.059	17.9693
k141_8292	1696	3.73221	3.73221	3.91528
k141_45110	16655	10.6512	10.6512	17.5992
k141_56197	3360	7.00312	7.00312	11.5276
k141_26096	6498	24.7569	24.7569	101.383
k141_26099	2362	4.79837	4.79837	6.0336
k141_102518	2008	5.47147	5.47147	7.89392
k141_8297	3385	12.6624	12.6624	21.7968
k141_93107	1864	4.9119	4.9119	8.00213
k141_74107	4676	9.54065	9.54087	12.5335
k141_110930	2559	8.02242	8.02242	18.6925
k141_102519	1815	8.61862	8.61922	21.5232
k141_26104	2186	6.51326	6.51326	7.30155
k141_35677	7806	9.83673	9.83673	18.0841
k141_74110	1936	5.01232	5.01232	2.99593
k141_93113	1673	6.04859	6.04859	4.91358
k141_8303	1592	4.67545	4.67545	6.64968
k141_93114	1704	8.15637	8.15637	28.3574
k141_74113	1805	7.43927	7.43927	12.7639
k141_82704	26426	13.9617	13.9617	30.3127
k141_35681	1982	7.0333	7.0333	9.61061
k141_63765	14034	19.4301	19.4301	36.4061
k141_56199	13794	10.3646	10.3646	18.1488
k141_35683	3221	7.29795	7.29795	20.4703
k141_63769	1781	6.52483	6.52483	9.65813
k141_26115	1910	9.09716	9.09716	14.5494
k141_74122	2775	7.52229	7.52229	13.3471
k141_93118	7613	11.6489	11.6489	20.2714
k141_63771	2279	11.4993	11.4993	27.2689
k141_35690	1570	5.18662	5.18662	5.22873
k141_102548	2022	5.65598	5.65598	5.20603
k141_45114	22793	12.9656	12.9656	22.4148
k141_74126	1631	4.25118	4.25118	5.90176
k141_56212	5563	7.66488	7.66488	14.1781
k141_110934	17980	22.7643	22.7643	91.173
k141_93124	3219	6.57152	6.57152	10.4411
k141_102549	5462	10.2867	10.2867	13.6965
k141_74128	1804	5.80653	5.80653	5.48343
k141_110938	2810	5.75902	5.75902	7.33599
k141_82711	13166	17.3704	17.3704	39.8857
k141_93128	2338	7.8309	7.8309	15.8735
k141_45123	1686	7.01953	7.01953	8.27439
k141_74130	2664	5.79873	5.79873	9.89178
k141_102555	2910	12.4547	12.4547	27.0822
k141_45129	1546	8.03295	8.03295	11.1445
k141_26137	3590	8.37238	8.37238	17.8458
k141_56219	7035	8.60073	8.60087	18.3854
k141_35692	16140	10.3556	10.3556	22.1428
k141_74137	1501	5.58253	5.58253	4.81969
k141_102559	1734	8.20707	8.2077	5.16529
k141_93139	2360	6.84118	6.84118	9.61218
k141_74140	1876	16.7509	16.7509	36.8168
k141_102561	1524	6.97016	6.97016	7.77405
k141_56224	1671	5.01315	5.01315	4.68923
k141_82717	6363	9.62514	9.62514	16.7877
k141_102563	1886	8.04263	8.0432	13.5941
k141_93142	2043	9.01268	9.01268	21.7736
k141_110942	11321	8.78757	8.78757	14.6419
k141_56227	2906	10.898	10.898	20.5547
k141_45131	8495	17.7507	17.7509	27.5819
k141_35700	4642	8.80922	8.80922	16.5314
k141_26151	1915	6.10652	6.10652	13.7654
k141_102567	1837	6.14167	6.14167	9.40758
k141_45132	1949	11.0645	11.0645	15.762
k141_110945	2035	5.52414	5.52414	8.01173
k141_8307	34701	16.2004	16.2004	35.8654
k141_82724	4500	11.0211	11.0211	26.6088
k141_26153	2647	7.00641	7.00641	8.58249
k141_93145	5716	15.8	15.8	40.246
k141_35704	4497	6.81366	6.81366	12.9082
k141_74143	10208	8.92673	8.92673	15.3041
k141_8314	1898	9.10297	9.10297	12.4348
k141_56238	1779	8.1768	8.1768	16.5314
k141_45135	5596	37.4023	37.4023	81.7655
k141_56239	1725	5.82667	5.82667	8.76483
k141_26162	2582	9.10362	9.10362	25.8041
k141_82736	1756	9.39539	9.39539	14.8374
k141_35706	4252	10.6624	10.6624	20.4501
k141_102581	3445	5.48862	5.48862	5.18616
k141_93158	2257	9.07309	9.07309	30.0421
k141_26167	1546	5.25931	5.25931	6.3872
k141_82737	3825	8.02041	8.02041	20.9697
k141_8317	6607	8.78272	8.78272	17.2617
k141_74156	3269	6.90382	6.90382	8.32935
k141_110965	3386	6.161	6.161	8.84913
k141_102587	2930	7.1277	7.1277	13.2118
k141_35718	1608	5.70988	5.70988	8.64543
k141_8319	2079	7.02436	7.02436	7.02066
k141_45137	10037	10.3795	10.3795	18.9387
k141_82739	3725	8.15077	8.15105	16.7724
k141_93159	5280	9.91384	9.91384	14.6241
k141_102589	1646	5.1123	5.1123	7.00014
k141_56252	4396	11.6938	11.6938	18.6275
k141_110968	1652	6.25832	6.25832	8.48879
k141_35720	1925	6.85239	6.85239	11.1824
k141_8321	1928	12.2846	12.2846	18.3421
k141_26170	5786	9.09422	9.09439	11.5923
k141_45138	2370	5.21577	5.21577	5.5555
k141_82740	1885	6.29222	6.29222	10.9969
k141_74160	1685	8.20391	8.20391	15.5901
k141_26171	1709	13.3714	13.3714	34.7663
k141_110970	1894	6.48681	6.48681	15.7818
k141_8323	2072	7.31165	7.31165	9.21206
k141_8324	2460	6.62814	6.62814	12.3523
k141_26177	1783	4.485	4.485	9.57835
k141_35724	5109	9.91127	9.91127	14.5968
k141_8325	3085	5.66508	5.66508	3.11858
k141_74172	2218	6.51838	6.51838	8.96582
k141_45144	5241	10.5763	10.5763	23.2516
k141_45145	1604	7.18707	7.18707	7.59331
k141_93165	7664	10.0508	10.0508	18.1435
k141_26178	2850	8.92074	8.92074	11.7721
k141_110979	3853	7.1145	7.1145	10.3255
k141_56268	1556	8.30228	8.30228	11.31
k141_74177	1915	5.50935	5.50935	5.4961
k141_26179	1884	37.5779	37.5779	226.36
k141_56269	1617	9.0409	9.0409	17.3775
k141_45148	2168	7.05401	7.05401	11.2151
k141_74178	1970	10.6005	10.6005	20.1972
k141_26180	2714	16.2621	16.2621	30.6695
k141_26181	1874	5.07425	5.07425	6.7084
k141_102601	13072	12.1097	12.1097	22.3968
k141_82742	16604	13.4348	13.4348	39.1136
k141_63773	65005	19.3283	19.3283	46.9748
k141_102603	1501	6.58771	6.58771	9.22319
k141_93178	1698	3.69186	3.69186	5.13122
k141_45155	3192	8.60815	8.60815	11.6307
k141_93179	1676	6.65072	6.65072	23.556
k141_63777	2395	5.00134	5.00134	7.41845
k141_110981	12591	10.4324	10.4324	22.489
k141_8328	13685	10.2281	10.2281	19.8864
k141_93182	1624	3.80733	3.80733	1.56774
k141_74179	9217	9.29492	9.29492	18.455
k141_35745	2485	6.23041	6.23041	8.84394
k141_102609	3218	29.7712	29.7712	55.8386
k141_82743	6886	17.3266	17.3266	48.671
k141_35747	1725	6.97714	6.97714	8.63862
k141_110988	2915	7.28825	7.28825	13.4448
k141_26196	2627	9.52887	9.52887	12.0102
k141_45166	2969	5.96985	5.96985	9.04846
k141_102616	3055	9.08778	9.08778	16.6553
k141_63778	9465	11.2519	11.2519	23.1417
k141_102618	1583	7.44731	7.44731	9.95135
k141_82752	2687	5.65786	5.65786	5.03274
k141_110992	2470	6.01509	6.01509	9.59998
k141_74190	2296	6.6617	6.6617	13.8007
k141_63779	2094	6.22994	6.22994	10.1513
k141_8339	4899	10.8374	10.8374	17.5103
k141_35749	9322	8.0809	8.0809	13.7072
k141_110993	2913	8.55773	8.55773	20.8674
k141_45170	5964	8.55521	8.55521	15.2535
k141_8344	1572	9.56681	9.56681	31.5743
k141_35752	2103	7.15771	7.15771	10.1175
k141_45171	2664	8.52824	8.52824	18.1571
k141_63787	3303	10.3324	10.3324	17.0748
k141_74201	2400	9.72622	9.72622	16.6107
k141_102623	6045	9.84037	9.84037	23.4471
k141_45173	1917	5.67119	5.67119	4.13475
k141_82766	2730	9.09186	9.09186	15.6685
k141_8347	4097	9.15607	9.15607	17.3259
k141_35760	1705	4.35949	4.35949	3.65511
k141_93214	1749	6.54409	6.54409	10.3545
k141_102627	2007	7.81206	7.81206	11.9339
k141_93217	1540	5.91151	5.91151	3.87624
k141_63792	4329	8.45896	8.45896	14.5617
k141_102629	2122	7.41785	7.41785	12.6402
k141_111008	3983	10.7568	10.7568	15.455
k141_74212	2156	5.27817	5.27817	9.88272
k141_8353	3727	6.83729	6.83729	14.8365
k141_63795	1631	10.7934	10.7934	20.4586
k141_45179	6352	8.81345	8.81361	15.4367
k141_82775	3265	7.82408	7.82408	9.67038
k141_102633	2437	10.3091	10.3091	20.0518
k141_8354	2730	8.89651	8.89651	9.70662
k141_26200	19693	15.5508	15.5508	37.6178
k141_45180	2207	5.54837	5.54837	6.25269
k141_102635	1749	24.5041	24.5041	66.0235
k141_82778	2685	7.73846	7.73846	14.9376
k141_111011	6272	10.7823	10.7823	18.5792
k141_45183	1603	9.45699	9.45699	24.0222
k141_74215	6251	15.4611	15.4611	20.1658
k141_8360	2387	6.87349	6.87349	15.2465
k141_63800	4564	15.7977	15.7977	36.0965
k141_45184	3312	9.33112	9.33112	20.7644
k141_111013	4179	6.55398	6.55398	6.77246
k141_45185	1840	6.6432	6.6432	8.37054
k141_93230	7754	8.16399	8.16399	15.7531
k141_26208	5285	8.526	8.526	15.7223
k141_63805	2563	11.499	11.499	34.1671
k141_74221	1910	9.2858	9.2858	21.4709
k141_82783	5984	9.60319	9.60319	16.2635
k141_8369	1785	7.27706	7.27706	6.36445
k141_111018	1573	4.19958	4.19958	5.73091
k141_63806	2438	7.63724	7.63724	11.9725
k141_26211	3134	6.6126	6.6126	9.47913
k141_102644	7470	10.5937	10.5937	22.5213
k141_45198	1550	7.24071	7.24071	10.33
k141_26217	1578	5.2563	5.2563	11.7338
k141_74232	3191	8.46268	8.46268	27.1047
k141_8372	8388	14.1255	14.1255	30.7973
k141_82786	11118	11.2948	11.2948	21.2062
k141_26222	2829	9.20754	9.20754	17.1617
k141_8374	2345	8.18816	8.18816	13.5465
k141_93244	7975	14.681	14.681	31.5972
k141_102658	2271	6.31212	6.31212	10.9591
k141_111039	4092	8.8072	8.8072	20.0407
k141_8377	1692	13.703	13.703	38.0491
k141_45203	8193	12.1237	12.1237	23.7713
k141_63822	3293	8.03277	8.03277	12.8567
k141_82794	3110	9.04291	9.04291	8.01881
k141_8378	2973	8.34927	8.34927	14.262
k141_26228	5523	9.55183	9.55183	21.0858
k141_102664	3301	8.27483	8.27483	10.1365
k141_45212	1851	6.55791	6.55791	8.29504
k141_111045	4206	9.06854	9.06854	14.895
k141_45213	2023	8.16551	8.16551	9.09438
k141_93252	8474	11.5316	11.5316	22.0561
k141_8385	2552	5.90133	5.90133	8.39219
k141_26233	2383	9.55262	9.55262	19.1208
k141_111049	1643	6.92431	6.92431	15.4103
k141_102668	1571	6.01548	6.01548	7.1786
k141_63834	1522	20.4329	20.4329	43.4624
k141_111050	2056	10.0084	10.0084	15.1359
k141_26235	1737	6.65532	6.65532	6.93348
k141_8386	3676	8.87578	8.87578	16.6366
k141_74234	21145	12.985	12.985	27.3556
k141_45215	4901	7.24184	7.24184	11.8569
k141_93257	2293	9.36958	9.36958	21.699
k141_102669	4587	9.50552	9.50552	27.4421
k141_45216	1757	4.66148	4.66148	6.78445
k141_93258	2713	5.95045	5.95045	7.60691
k141_45217	3183	6.99341	6.99341	9.21452
k141_82798	14842	14.5484	14.5484	28.9335
k141_82799	2115	10.5481	10.5481	15.8589
k141_8405	1513	3.78283	3.78283	6.11584
k141_63838	9743	7.6708	7.6708	10.3334
k141_45225	1589	9.10841	9.10841	16.08
k141_93268	3436	25.4139	25.4139	76.5805
k141_26244	8045	27.192	27.192	1148.32
k141_82802	3125	8.54723	8.54723	13.5539
k141_102684	3121	11.6742	11.6742	18.8662
k141_8412	1834	9.30404	9.30404	14.2556
k141_26246	1690	11.1422	11.1422	19.3045
k141_102685	1932	6.80584	6.80584	17.9185
k141_45230	3001	7.81761	7.81761	15.7297
k141_111064	8040	10.2593	10.2593	22.3793
k141_63839	8074	10.8747	10.8747	27.2857
k141_74261	1998	10.2213	10.2213	25.9807
k141_93278	1653	7.66667	7.66667	15.6152
k141_45233	1515	5.63077	5.63077	7.88111
k141_82803	5132	7.09715	7.09715	14.482
k141_102687	3223	7.41002	7.41002	13.3891
k141_26247	5579	7.30153	7.30153	16.5737
k141_8423	1510	4.61029	4.61029	5.72882
k141_74264	2660	7.80239	7.80239	10.9941
k141_82810	1890	6.10805	6.10805	8.43918
k141_102694	2469	6.42605	6.42605	6.55862
k141_26254	2991	6.06512	6.06512	17.3109
k141_93284	4518	7.9027	7.9027	15.4013
k141_63856	3899	11.6981	11.6981	24.2578
k141_102698	2566	7.9524	7.9524	11.8333
k141_93288	2161	7.21581	7.21581	8.8481
k141_63860	4325	11.3677	11.3677	28.7445
k141_82815	5263	10.8257	10.8259	25.2684
k141_111086	2647	4.29075	4.29075	3.72873
k141_93291	1752	8.91885	8.91885	27.5699
k141_74273	7842	20.8766	20.8766	59.2916
k141_8427	11226	11.0451	11.0451	21.8329
k141_45248	8658	11.3543	11.3543	17.0893
k141_111088	2069	6.62845	6.62845	7.74144
k141_93295	2686	8.36909	8.36909	16.4911
k141_102706	3790	9.27225	9.27225	21.359
k141_74275	4664	14.7614	14.7614	164.39
k141_26255	13000	14.5481	14.5481	29.5372
k141_8433	2961	6.54927	6.54927	8.30102
k141_93297	2311	6.80472	6.80472	12.4988
k141_74278	1671	7.43853	7.43853	15.8701
k141_35762	92590	20.6654	20.6654	50.4412
k141_82827	3563	8.4269	8.4269	19.3521
k141_93302	1922	5.28217	5.28217	6.15409
k141_74279	2675	7.0697	7.0697	7.73516
k141_45257	5599	10.2178	10.2178	22.1098
k141_111101	3853	5.63354	5.63354	6.3571
k141_26264	1542	3.94684	3.94684	4.68016
k141_35763	5058	10.2698	10.2698	21.6418
k141_35764	1649	5.998	5.998	2.82442
k141_102710	11412	12.7184	12.7184	25.8335
k141_8449	1734	5.90278	5.90278	6.41254
k141_82836	4361	7.29352	7.29352	12.6572
k141_8450	2140	6.50251	6.50251	10.0822
k141_74290	2871	25.3962	25.3962	651.72
k141_35770	1580	5.66434	5.66503	7.97245
k141_93316	2853	5.58898	5.58934	9.53812
k141_26280	1910	7.33352	7.33352	10.1156
k141_82842	2129	5.06417	5.06417	5.92555
k141_63870	22736	40.4977	40.4977	99.3196
k141_82843	1926	6.30631	6.30631	7.09931
k141_93322	2006	9.8917	9.8917	15.8919
k141_35777	3814	20.3761	20.3761	43.0424
k141_45260	14917	11.5172	11.5172	19.5179
k141_26285	1958	8.87998	8.87998	24.9491
k141_63875	1749	6.62727	6.62727	9.2903
k141_45261	1699	8.43641	8.43641	11.6014
k141_26286	2272	9.87276	9.87276	15.3841
k141_35778	2751	10.5629	10.5629	20.4577
k141_82847	5341	12.586	12.5862	56.7035
k141_93327	3543	8.31683	8.31683	13.6623
k141_26288	2013	8.75953	8.76006	22.0289
k141_102724	9099	11.9683	11.9683	25.4027
k141_111102	23884	19.0083	19.0083	61.5936
k141_35784	2026	6.90991	6.90991	18.833
k141_63879	1976	12.6966	12.6966	28.5173
k141_102726	1691	5.26736	5.26736	5.68171
k141_26290	2069	8.71339	8.71339	16.7448
k141_82851	1535	10.3516	10.3516	66.2725
k141_45267	4277	9.20814	9.20814	21.5876
k141_63883	1653	8.2994	8.2994	12.5534
k141_82854	2680	4.56996	4.56996	4.32823
k141_74293	19063	11.3186	11.3186	28.5261
k141_93336	3377	14.418	14.418	24.2913
k141_26292	6091	10.5417	10.5417	25.7331
k141_93339	1603	5.46456	5.46456	4.1153
k141_111116	2132	8.22351	8.22351	17.3195
k141_35786	10145	10.7651	10.7651	23.942
k141_93343	2377	6.5137	6.5137	7.76116
k141_82866	2312	9.37512	9.37512	32.895
k141_45271	9367	9.36118	9.36118	17.9709
k141_63885	10072	13.2578	13.2578	34.0757
k141_111122	2520	8.44304	8.44304	16.9923
k141_93346	1891	7.75531	7.75531	14.4952
k141_102742	3330	6.92925	6.92925	10.6993
k141_45273	1622	6.41712	6.41712	7.28063
k141_8451	31537	10.6836	10.6836	22.3877
k141_74296	9369	10.8126	10.8126	20.4266
k141_35789	6446	8.49492	8.49492	13.1149
k141_26294	9675	11.3888	11.3888	20.0759
k141_45276	2512	6.47756	6.47756	7.22292
k141_74299	1621	6.13256	6.13256	8.60357
k141_45277	2020	7.13476	7.13476	18.655
k141_93358	1626	22.6328	22.6328	42.242
k141_35791	5434	17.2366	17.2368	62.2023
k141_26302	1838	5.04502	5.04502	5.6921
k141_82880	1541	5.14881	5.14881	5.04904
k141_8456	5563	14.298	14.298	30.0839
k141_111135	2496	9.67647	9.67647	29.5538
k141_45280	2110	5.64694	5.64694	5.20962
k141_63899	2102	7.77818	7.77818	10.5139
k141_8460	2397	10.4183	10.4183	20.7074
k141_63902	1969	9.19571	9.19571	21.8682
k141_26308	1781	4.75107	4.75107	5.30122
k141_45284	2078	9.01763	9.01763	11.3001
k141_102762	2280	11.3113	11.3113	23.912
k141_63905	1644	9.73159	9.73159	12.0518
k141_74312	2995	9.9645	9.9645	29.087
k141_35802	2311	14.9315	14.9315	42.0528
k141_8467	1598	6.28246	6.28246	7.65683
k141_93373	1692	8.13035	8.13035	10.9596
k141_45288	1726	5.57931	5.57931	4.90925
k141_102765	1585	7.89756	7.89756	10.1199
k141_111137	8704	11.8693	11.8693	22.0641
k141_45290	1573	5.28531	5.28531	7.25185
k141_63910	1509	5.9897	5.9897	10.1427
k141_74313	4685	10.8748	10.8748	22.8023
k141_93381	1694	6.49417	6.49417	29.4965
k141_45295	1993	12.2588	12.2588	26.4222
k141_35813	1827	7.22182	7.22182	15.1655
k141_102769	3298	8.61753	8.61753	31.0849
k141_45296	1805	10.4266	10.4266	13.5616
k141_111142	4216	24.1124	24.1124	86.9051
k141_26314	7534	10.6058	10.6058	20.284
k141_45298	2267	6.39773	6.39773	9.85398
k141_8484	1655	6.63787	6.63787	11.4971
k141_111147	1556	6.48649	6.48649	9.8514
k141_26318	2055	8.2084	8.2084	11.2522
k141_111150	2137	7.54605	7.54605	21.0223
k141_74324	3940	9.00053	9.00053	11.3613
k141_45307	1606	7.3489	7.3489	10.8211
k141_111151	4974	46.3736	46.3736	159.783
k141_63914	14788	12.0083	12.0083	22.5704
k141_45314	1744	8.70389	8.70389	12.6228
k141_35825	6799	21.4598	21.4598	59.2196
k141_63915	1537	6.32733	6.32733	9.98514
k141_26331	2560	8.09751	8.09751	11.795
k141_111152	3206	32.1309	32.1309	92.5507
k141_93405	2992	5.75334	5.75334	8.43226
k141_63919	1712	8.98656	8.98656	31.6558
k141_26333	3101	7.23924	7.23924	11.7644
k141_35832	1749	7.16573	7.16573	8.85677
k141_63921	1906	5.01538	5.01538	6.09953
k141_45324	2857	38.4644	38.4644	83.9188
k141_102787	11793	11.1495	11.1495	22.0672
k141_35835	2056	7.07608	7.07608	9.47717
k141_45327	2597	5.01635	5.01635	9.11335
k141_63926	1947	7.67668	7.67668	14.5283
k141_111157	6453	6.71902	6.71902	8.73258
k141_8486	20499	13.1796	13.1796	27.299
k141_93415	2544	15.4871	15.4871	81.1119
k141_74352	2056	7.01207	7.01207	12.6817
k141_63927	2147	13.1397	13.1397	23.6643
k141_102788	9005	8.14116	8.14116	13.9877
k141_74358	1616	7.1337	7.1337	11.0141
k141_26356	1610	9.81096	9.81096	23.2391
k141_102791	1534	5.71387	5.71387	6.77571
k141_45339	2194	8.05479	8.05479	8.83498
k141_63937	2007	5.51696	5.51696	7.1345
k141_74359	2370	10.4568	10.4568	21.4866
k141_8498	2274	8.52778	8.52778	14.2475
k141_93416	11750	14.7594	14.7594	37.3573
k141_102792	5350	10.2213	10.2213	22.5721
k141_63938	3985	7.71369	7.71369	11.8899
k141_35856	2256	6.15242	6.15242	7.99716
k141_45347	2001	6.45705	6.45705	9.60187
k141_93419	2021	10.031	10.031	12.0931
k141_26367	4141	9.83087	9.83087	15.7843
k141_93421	1674	12.4665	12.4665	46.9464
k141_102794	6370	8.9373	8.9373	16.325
k141_63948	1876	11.0585	11.0585	9.76061
k141_8510	3831	8.93942	8.93942	11.3974
k141_26372	2330	7.74404	7.74404	10.0428
k141_102797	1959	5.97347	5.97347	7.83997
k141_63954	1624	7.86228	7.86228	20.7656
k141_74362	12433	21.6304	21.6304	45.1054
k141_102799	1736	8.17907	8.17907	14.1029
k141_45357	2661	4.66866	4.66866	4.57623
k141_26377	1894	7.02294	7.02294	14.8141
k141_35871	3695	7.06996	7.06996	13.3243
k141_102800	2714	8.40289	8.40289	11.1701
k141_8518	1954	12.4224	12.4224	35.1392
k141_63960	1873	10.8984	10.8984	33.0465
k141_45365	2370	5.14144	5.14144	9.34363
k141_102802	1814	4.87921	4.87981	7.13646
k141_102803	1575	6.87368	6.87368	9.88438
k141_63965	1573	4.95221	4.95221	8.09613
k141_82882	70974	17.8808	17.8808	45.7757
k141_63967	1908	9.38851	9.38851	28.1567
k141_82884	1736	8.26608	8.26671	10.8758
k141_8523	7114	8.52025	8.52025	12.1361
k141_45367	4606	7.6645	7.6645	12.534
k141_102806	1675	12.943	12.943	36.7074
k141_35887	2421	4.93967	4.93967	7.13515
k141_8524	2009	10.546	10.546	22.3901
k141_45370	2033	8.13755	8.13755	12.6724
k141_82886	3874	11.2664	11.2664	25.567
k141_102807	4725	8.21464	8.21464	12.8729
k141_35888	4630	8.51607	8.51607	20.5656
k141_45371	1950	6.49278	6.49278	18.0222
k141_82887	1717	5.92342	5.92342	4.52287
k141_8525	4843	11.2342	11.2342	21.2153
k141_45376	1535	5.78845	5.78845	5.84322
k141_8528	2485	8.04882	8.04882	11.089
k141_82890	1511	7.50625	7.50625	14.306
k141_35891	3431	9.41695	9.41695	12.2932
k141_63984	1732	7.24905	7.24905	11.0791
k141_8529	1578	9.16877	9.16877	8.5945
k141_35892	1592	11.708	11.708	14.8787
k141_74373	19231	11.441	11.441	30.9096
k141_26391	15335	15.3925	15.3925	36.5709
k141_8532	2500	6.06766	6.06766	9.52588
k141_102818	3459	8.32971	8.32971	11.727
k141_35899	1967	5.61915	5.61915	7.90245
k141_45387	1602	14.7362	14.7362	20.5927
k141_26393	3982	11.53	11.53	21.0615
k141_102823	1598	6.47997	6.47997	5.71907
k141_35900	2744	5.33192	5.33192	4.75716
k141_63985	9580	10.1575	10.1575	15.1974
k141_8538	2603	7.51406	7.51406	12.6381
k141_45389	2175	6.24741	6.24741	8.40169
k141_74385	1899	6.02344	6.02344	6.59852
k141_26394	4346	9.7419	9.7419	20.6332
k141_82906	4348	8.07813	8.07813	14.619
k141_102833	1765	7.06873	7.06873	10.3887
k141_82914	1548	6.39485	6.39485	10.8375
k141_102834	3495	7.06906	7.06906	10.3903
k141_45405	1846	9.57606	9.57665	18.3682
k141_82915	2094	8.01698	8.01698	24.5583
k141_74401	2146	7.41934	7.41934	8.13829
k141_63988	12389	14.0401	14.0401	34.3909
k141_45407	4694	17.0312	17.0312	33.4122
k141_35905	16888	12.9686	12.9686	23.1942
k141_45409	2699	35.3676	35.3676	85.7077
k141_35908	2047	5.35266	5.35266	5.23897
k141_8567	3692	11.0844	11.0844	20.18
k141_45417	1767	4.97774	4.97774	5.34108
k141_74414	1768	6.93449	6.93449	11.3984
k141_63993	10024	10.7807	10.7807	23.9226
k141_45419	3225	7.57854	7.57854	12.3305
k141_35911	5772	12.7225	12.7225	32.895
k141_63995	3166	9.52918	9.52918	18.871
k141_74417	3308	5.84864	5.84864	8.29896
k141_35913	1657	6.5992	6.5992	8.74758
k141_8574	7398	8.38714	8.38714	11.2883
k141_64001	2126	8.5749	8.5749	19.1144
k141_74420	2161	8.98757	8.98757	11.2521
k141_82947	3261	8.02829	8.02829	17.7727
k141_35916	1835	7.04095	7.04095	8.65923
k141_82949	1817	3.84103	3.84103	2.99694
k141_64007	1795	7.03587	7.03587	8.74271
k141_64008	1565	9.77738	9.77809	17.4952
k141_82955	1537	11.2841	11.2841	19.5786
k141_64010	3344	11.3225	11.3225	24.8661
k141_82956	1527	6.36601	6.36601	7.30342
k141_74432	2903	11.0538	11.0538	33.958
k141_74438	1563	6.39915	6.39915	8.81792
k141_8590	5569	6.88651	6.88651	12.431
k141_102837	38856	45.6265	45.6265	130.675
k141_35935	2680	7.39921	7.39921	12.4757
k141_82957	6630	16.9378	16.9378	384.438
k141_64021	2150	10.65	10.65	17.2463
k141_8593	4625	7.18056	7.18056	7.5539
k141_64023	1776	7.73739	7.73739	18.51
k141_82964	3328	10.7193	10.7193	30.8495
k141_74448	4515	6.37113	6.37113	10.0434
k141_26399	52059	27.8143	27.8143	75.532
k141_64025	5509	8.44505	8.44505	20.5106
k141_93465	72485	18.3683	18.3683	42.235
k141_102851	4213	7.70711	7.70711	10.5681
k141_82968	2310	5.92222	5.92222	5.63545
k141_35947	7259	8.93628	8.93628	16.3306
k141_8606	1765	11.0848	11.0848	17.3912
k141_64027	4071	9.18771	9.18771	14.8969
k141_82972	1837	7.15708	7.15708	9.21789
k141_45420	37351	14.8875	14.8875	34.5071
k141_35952	3554	8.47356	8.47356	21.0062
k141_102862	1754	8.39589	8.39589	12.0547
k141_35954	1663	6.30932	6.30932	8.95845
k141_35955	1523	6.48361	6.48361	7.5706
k141_64034	2282	4.69887	4.69887	4.17958
k141_26405	10371	8.76	8.76	14.0506
k141_102863	5788	13.335	13.335	40.7046
k141_45425	4732	10.0978	10.0978	19.3027
k141_74451	15761	11.4048	11.4048	25.9617
k141_35964	3592	13.2972	13.2972	22.8168
k141_102868	2568	9.98635	9.98635	15.4515
k141_82979	10306	10.6151	10.6151	17.8864
k141_64047	2550	8.07292	8.07292	17.9882
k141_45427	7247	8.83444	8.83444	14.1586
k141_64048	2797	7.04685	7.04685	12.5427
k141_82982	2187	7.21453	7.21453	13.2305
k141_93468	22158	19.3684	19.3684	50.2397
k141_35972	2024	10.5934	10.5934	26.6568
k141_26416	3787	6.77536	6.77536	10.6139
k141_45434	2380	10.5211	10.5211	16.815
k141_26419	1689	6.34633	6.34633	14.0497
k141_8614	21319	10.4508	10.4508	17.5167
k141_102872	9451	14.4035	14.4035	44.8071
k141_35975	4031	12.6498	12.6498	36.6514
k141_8616	1534	4.50795	4.50867	4.60583
k141_93473	3043	18.7667	18.7667	79.1431
k141_82985	7132	10.8293	10.8293	25.7701
k141_8617	1648	4.95461	4.95461	4.49891
k141_82986	1790	6.18598	6.18598	20.9336
k141_8618	1765	6.42167	6.42167	12.8933
k141_35978	1752	4.96067	4.96067	9.69426
k141_93474	4081	19.3948	19.3948	68.2755
k141_102874	4737	8.94245	8.94245	19.4193
k141_35986	2642	9.46188	9.46188	16.295
k141_8624	3204	10.128	10.128	18.6363
k141_74463	18653	15.7538	15.7538	57.5275
k141_102883	2182	9.79134	9.79134	18.4103
k141_45440	13818	8.86428	8.86428	16.4283
k141_8627	3127	10.7645	10.7645	34.9972
k141_93476	7665	11.7285	11.7285	17.2672
k141_35993	1829	7.56105	7.56105	10.9948
k141_64053	21705	27.3293	27.3293	66.7247
k141_102890	1556	6.85917	6.85917	10.2606
k141_74474	1760	8.48261	8.48261	12.522
k141_74475	2244	8.74976	8.74976	20.3348
k141_93480	4064	10.5606	10.5606	28.1422
k141_102893	2004	7.59115	7.59115	26.2685
k141_74476	2772	11.4989	11.4989	24.521
k141_64060	2306	5.42301	5.42301	6.37975
k141_8638	2337	5.61728	5.61728	5.72583
k141_74479	1559	4.74308	4.74308	5.10722
k141_93487	1529	4.46628	4.46628	5.20259
k141_102898	2222	7.06033	7.06033	11.4416
k141_64063	3161	8.74726	8.74726	11.0089
k141_36010	3613	8.35749	8.35749	16.4036
k141_93490	2881	6.46759	6.46759	15.9868
k141_102903	2144	6.60983	6.60983	9.87778
k141_102904	2217	5.77358	5.77358	11.4889
k141_64069	3077	9.49402	9.49402	13.7454
k141_8649	1984	9.66358	9.66358	13.2587
k141_93496	2637	8.77201	8.77201	16.7858
k141_36015	4533	11.198	11.198	18.4624
k141_64072	1715	7.81086	7.81086	9.20076
k141_8651	1595	4.84498	4.84567	3.84808
k141_45442	20578	11.1542	11.1542	17.6804
k141_93500	2071	14.975	14.975	44.9722
k141_8653	3082	8.22749	8.22749	23.9399
k141_102911	2757	7.43383	7.43383	9.20195
k141_93503	2074	6.51767	6.51767	6.17179
k141_36020	4296	8.4766	8.4766	17.995
k141_93504	2211	5.70597	5.70597	7.00476
k141_64079	3781	12.9383	12.9383	25.7631
k141_36023	1846	7.59375	7.59375	13.2641
k141_102919	3696	7.07727	7.07727	9.06198
k141_8657	3565	9.26823	9.26823	18.4546
k141_93508	2477	13.4504	13.4504	62.8384
k141_8658	1663	6.98149	6.98149	12.2893
k141_102924	1745	10.4226	10.4226	22.726
k141_82991	42844	14.2188	14.2188	30.6279
k141_36031	2105	5.98517	5.98517	8.44242
k141_93512	1602	6.21625	6.21625	5.96012
k141_102926	1877	6.04864	6.04864	5.79254
k141_45462	5237	7.59446	7.59446	14.5436
k141_8665	1612	5.81806	5.81806	5.12636
k141_36036	2003	6.62763	6.62763	18.2554
k141_93518	1946	6.98719	6.98719	10.4171
k141_82999	1547	9.62205	9.62205	12.5417
k141_8666	1851	5.20517	5.20517	6.30553
k141_64095	3388	11.2971	11.2971	23.5768
k141_8667	2130	5.33131	5.33131	8.54502
k141_8668	1680	6.45752	6.45752	4.52436
k141_64099	1656	8.88247	8.88247	16.0347
k141_36043	4151	9.33092	9.33092	14.211
k141_64101	2923	7.0458	7.0458	10.8337
k141_93529	3091	7.68344	7.68344	16.7449
k141_83008	2972	10.1616	10.1619	16.4797
k141_8675	2711	6.72862	6.72862	8.79702
k141_102929	15507	11.5209	11.5209	22.8637
k141_36050	3444	32.7532	32.7532	788.479
k141_93532	3826	12.0566	12.0566	21.2403
k141_83018	2002	18.5913	18.5913	23.3926
k141_64105	7130	8.19083	8.19083	13.1593
k141_93537	2308	4.65709	4.65709	3.32511
k141_8683	1790	6.27683	6.27683	6.9837
k141_45466	18863	12.3273	12.3273	26.4528
k141_36058	2450	7.97261	7.97261	10.9095
k141_64106	2233	8.65242	8.65242	7.00497
k141_93540	2331	6.07061	6.07061	17.5722
k141_83025	3288	9.06055	9.06087	17.785
k141_64115	1651	9.86009	9.86009	13.4324
k141_36067	3623	8.36251	8.36251	14.545
k141_83033	1607	7.54701	7.54701	16.6161
k141_93550	2827	11.7441	11.7445	11.8165
k141_36072	2378	22.3362	22.3362	318.687
k141_64121	2693	10.2151	10.2151	20.9005
k141_8693	8245	13.0863	13.0863	29.9604
k141_93557	1789	5.44966	5.44966	6.21951
k141_102931	23869	15.1685	15.1685	30.569
k141_93558	1918	7.84898	7.84898	11.6201
k141_45468	19252	20.1902	20.1902	40.5431
k141_64125	3424	8.4438	8.4438	12.3269
k141_36076	6979	18.3349	18.335	60.2354
k141_83044	2361	5.36273	5.36273	6.9353
k141_93561	1964	9.57718	9.57718	18.5246
k141_45474	2052	7.40957	7.40957	13.4864
k141_36082	2967	10.7455	10.7455	15.0692
k141_64134	2067	10.519	10.519	22.5963
k141_102942	1711	9.59833	9.59833	31.8417
k141_111170	237485	22.1099	22.1099	48.915
k141_102944	1931	5.59068	5.59068	9.31498
k141_45480	1761	7.14029	7.14029	10.3468
k141_93568	4665	8.0598	8.0598	11.094
k141_111174	1787	7.58094	7.58094	10.9001
k141_102953	1543	5.29002	5.29002	2.91869
k141_26421	108796	20.5075	20.5075	48.437
k141_93571	1953	10.8203	10.8203	10.536
k141_45482	3850	14.717	14.717	43.0913
k141_83047	13796	40.1711	40.1711	137.129
k141_111175	3831	7.86661	7.86661	12.7428
k141_36084	9237	15.8591	15.8591	49.1012
k141_102954	1814	9.39964	9.39964	13.7481
k141_64151	2949	10.8457	10.8457	20.1232
k141_93572	2203	8.56308	8.56308	17.1487
k141_45485	1775	4.60492	4.60492	4.71815
k141_93573	1635	7.3468	7.3468	11.5501
k141_83050	1709	6.89416	6.89416	8.74168
k141_45487	1616	6.74693	6.74693	12.2765
k141_111180	2940	7.77419	7.77419	20.3815
k141_64158	3404	8.26552	8.26583	16.8764
k141_102961	2085	4.44548	4.44548	11.5015
k141_8709	16447	13.1738	13.1738	32.4439
k141_93580	2378	6.10233	6.10233	7.52163
k141_64160	1710	9.22372	9.22436	21.1736
k141_45495	2275	6.63341	6.63341	7.62592
k141_74484	92780	43.2233	43.2233	112.279
k141_102963	3226	7.67068	7.67068	10.3726
k141_111191	1500	9.57556	9.57556	26.2977
k141_8710	3724	10.6234	10.6234	17.5473
k141_83064	2222	5.67133	5.67133	5.16039
k141_26424	12818	11.941	11.941	23.8007
k141_74487	1784	3.88189	3.88189	2.92847
k141_45496	5451	11.6772	11.6772	34.1271
k141_74490	1978	4.87746	4.87746	8.00565
k141_93591	1578	6.55112	6.55112	7.83545
k141_83071	4000	11.8138	11.8138	20.96
k141_111193	5314	10.7922	10.7922	25.0123
k141_26433	1543	7.27638	7.27638	10.7489
k141_36104	8974	10.9542	10.9542	20.1587
k141_8716	8257	10.3945	10.3945	23.4383
k141_83073	2374	5.66727	5.66727	6.7376
k141_45502	2828	6.08252	6.08252	7.94723
k141_74498	1727	7.51173	7.51173	5.75377
k141_36108	1597	10.2709	10.2716	16.5521
k141_8720	1544	5.18795	5.18795	6.75715
k141_26434	6960	9.9536	9.9536	20.794
k141_36111	1600	19.1276	19.1276	27.1189
k141_26435	2400	34.2271	34.2271	2728.63
k141_36112	2132	6.02321	6.02321	8.61632
k141_83079	4487	8.12889	8.12889	14.177
k141_64165	20048	10.1943	10.1943	20.7694
k141_8729	1919	5.57886	5.57886	6.01426
k141_111207	2166	6.70982	6.70982	6.43043
k141_74509	2494	7.06442	7.06442	11.7461
k141_64167	1550	6.97214	6.97214	10.4904
k141_102969	20293	13.1336	13.1336	28.0756
k141_111210	3747	10.8071	10.8071	26.2048
k141_26436	8500	15.5757	15.5757	72.9733
k141_64168	2990	8.42887	8.42922	15.0108
k141_102972	1623	4.90563	4.90631	6.54966
k141_36124	2900	10.9389	10.9389	26.3308
k141_111211	1975	5.80329	5.80329	8.82801
k141_83092	1781	6.08829	6.08829	7.61182
k141_45506	13941	14.8147	14.8147	27.5322
k141_102973	2321	5.58683	5.58683	3.3062
k141_8734	10030	13.2306	13.2306	29.1314
k141_36127	2670	10.2187	10.2187	25.1451
k141_64175	2096	11.7939	11.7939	26.9068
k141_83101	2697	10.4876	10.4876	17.8345
k141_111220	4290	10.0454	10.0454	14.3803
k141_74528	3436	6.93488	6.93488	13.2091
k141_36131	2919	6.22788	6.22788	16.2281
k141_111226	1582	5.32123	5.32123	8.35797
k141_64180	2794	8.19781	8.19781	13.1266
k141_45508	12217	49.8099	49.8099	119.693
k141_26439	17182	12.1032	12.1032	27.2607
k141_102978	11451	9.55429	9.55429	17.9416
k141_64187	2159	9.9333	9.9333	30.5076
k141_8750	3760	10.0482	10.0482	17.2115
k141_74546	2668	7.08896	7.08896	15.1211
k141_36134	11969	23.7328	23.7328	59.2091
k141_26442	2573	7.51465	7.51465	13.3358
k141_111241	3984	10.4358	10.4358	17.7476
k141_83107	16235	41.3082	41.3082	105.254
k141_36136	1708	3.47946	3.47946	2.11616
k141_45524	2020	4.61016	4.61016	5.46002
k141_26444	2861	7.90557	7.90557	18.1041
k141_111243	2506	9.00891	9.00934	11.9439
k141_83108	2185	6.5145	6.5145	9.22531
k141_8751	6475	10.4365	10.4365	24.4714
k141_36140	1615	7.28669	7.28669	9.15547
k141_8752	1658	8.84881	8.84881	18.1152
k141_36141	3138	7.15127	7.15127	20.0742
k141_26445	6151	9.33294	9.33294	16.7561
k141_36142	1630	7.67095	7.67095	9.33923
k141_45526	7022	9.45431	9.45431	22.1769
k141_26449	1720	5.72484	5.72484	8.52717
k141_8753	7873	10.824	10.824	23.0327
k141_102993	8984	11.9257	11.9257	20.6522
k141_36145	5377	13.9459	13.9459	22.5411
k141_26453	2972	9.72573	9.72573	17.3464
k141_26457	1549	8.49464	8.49464	7.97841
k141_45539	2681	8.8064	8.8064	23.1994
k141_103002	1752	7.74782	7.74782	10.8183
k141_74569	10153	9.42567	9.42567	19.951
k141_8766	1639	4.83277	4.83277	5.81409
k141_45543	1646	3.11364	3.11364	1.80113
k141_83136	1536	9.57576	9.57576	13.9571
k141_26461	3657	7.47534	7.47534	11.3937
k141_64198	22009	14.1619	14.1619	28.3297
k141_8768	2800	7.81547	7.81547	12.6618
k141_103003	3905	7.28549	7.28549	13.2485
k141_83137	3302	6.4026	6.4026	8.81191
k141_74574	2358	6.20018	6.20018	9.56754
k141_64200	2101	6.60379	6.60379	12.5296
k141_36151	12080	16.2329	16.2329	37.8902
k141_83138	2204	6.96981	6.96981	10.2962
k141_8769	3634	8.61797	8.61797	12.9661
k141_26465	3726	7.67785	7.67785	18.4531
k141_45548	3718	6.52887	6.52887	9.58152
k141_8771	1860	9.40819	9.40877	11.5433
k141_103010	2353	10.5883	10.5883	20.9153
k141_74579	3900	8.08587	8.08587	12.4819
k141_45551	2719	19.7626	19.7626	70.0914
k141_83140	3812	8.72665	8.72692	17.7004
k141_36156	2570	5.44504	5.44504	7.52771
k141_45552	2039	12.837	12.837	28.913
k141_103014	1762	4.15881	4.15943	3.90316
k141_64211	1783	5.42988	5.42988	6.05277
k141_36157	1850	12.4906	12.4906	21.0835
k141_8776	3874	10.7634	10.7634	18.8962
k141_45556	1937	8.27812	8.27812	11.324
k141_103015	2106	6.27045	6.27045	11.4384
k141_26470	6898	7.51986	7.51986	9.61033
k141_8777	1827	7.39058	7.39058	12.7774
k141_26472	2252	9.35157	9.35157	19.2351
k141_103019	1734	6.20328	6.20328	6.03192
k141_83147	3246	6.11693	6.11693	7.70391
k141_83148	2231	5.43248	5.43248	9.71954
k141_45564	2687	12.1021	12.1025	78.1976
k141_26473	3164	7.25348	7.25348	13.2852
k141_36165	2201	9.6548	9.6548	9.92467
k141_103024	1975	7.12274	7.12274	13.6812
k141_83152	2049	8.63138	8.63138	9.84927
k141_36167	1541	6.54925	6.54925	24.7585
k141_26475	1809	5.27004	5.27004	6.68714
k141_103027	3719	7.70132	7.70132	7.45903
k141_36170	2137	6.00705	6.00705	6.90123
k141_103028	1601	4.47071	4.47071	3.8866
k141_45573	3008	5.23198	5.23198	9.90248
k141_74610	2377	17.8949	17.8949	96.6943
k141_45577	4843	8.94417	8.94417	18.0843
k141_26491	1584	4.70921	4.70921	5.79742
k141_64232	8596	11.0134	11.0134	24.09
k141_74611	3377	7.12829	7.12829	17.0443
k141_36176	5569	9.51781	9.51781	19.536
k141_103038	1998	5.79329	5.79329	4.93617
k141_83165	6705	33.9059	33.9059	99.1579
k141_64235	1947	8.59265	8.59265	16.8707
k141_111248	54932	24.2958	24.2958	56.0252
k141_64238	1541	8.35442	8.35514	20.9458
k141_36182	3000	7.84737	7.84737	18.9256
k141_83170	3581	7.69338	7.69338	7.54257
k141_111252	1674	6.0748	6.0748	12.7914
k141_103043	2706	9.54343	9.54343	19.5751
k141_74615	4941	13.4089	13.4089	38.0542
k141_103044	2008	6.7056	6.7056	16.784
k141_64240	3556	9.99325	9.99325	14.8555
k141_111255	2469	10.4381	10.4381	21.9599
k141_74620	1658	7.52056	7.52056	19.4164
k141_26506	3075	8.22872	8.22872	7.56152
k141_103045	4534	7.08098	7.08098	11.6264
k141_36191	3344	7.16406	7.16406	11.2775
k141_64245	2622	5.34385	5.34385	4.72508
k141_74623	2621	6.50384	6.50384	9.32952
k141_103048	1739	4.54814	4.54814	6.5274
k141_83181	2495	7.83326	7.83326	7.40604
k141_36194	1863	9.80385	9.80385	7.99074
k141_103050	2310	6.44722	6.44722	12.1555
k141_74627	1612	6.79001	6.79001	8.77101
k141_83182	4731	8.37306	8.37306	18.0504
k141_64247	6098	10.698	10.698	21.0282
k141_64248	1733	9.98926	9.98926	14.6401
k141_74631	2455	10.6733	10.6733	14.4302
k141_26513	10085	10.7622	10.7622	45.0647
k141_83188	2030	8.19255	8.19308	12.2165
k141_111265	9752	11.7825	11.7826	24.7079
k141_26514	2048	8.38883	8.38883	13.5662
k141_111268	2249	10.6727	10.6727	20.2117
k141_74636	2910	10.679	10.679	16.4529
k141_83196	1591	5.18459	5.18459	4.52564
k141_103053	11670	18.5356	18.5356	43.3889
k141_83199	2042	7.39693	7.39693	16.8264
k141_111276	2622	7.73301	7.73301	14.2046
k141_103057	2206	6.54912	6.54912	6.41317
k141_83200	2186	5.05845	5.05845	6.48643
k141_26516	9657	8.84033	8.84033	14.5705
k141_74647	3217	8.7372	8.7372	12.3986
k141_83201	2734	7.63816	7.63816	10.577
k141_64250	18023	14.5086	14.5086	25.3068
k141_36201	20295	13.4919	13.4919	26.7445
k141_103061	5344	9.07701	9.07701	21.609
k141_111286	1698	9.87597	9.87597	16.6881
k141_64251	2493	8.30772	8.30772	15.623
k141_36204	1729	7.79607	7.79607	13.1307
k141_103064	2119	8.2321	8.2326	16.5353
k141_45578	48467	15.831	15.831	39.6798
k141_74659	2056	8.62015	8.62015	18.6348
k141_36207	1565	6.45018	6.45018	8.39479
k141_83203	12024	12.0825	12.0825	29.6526
k141_103072	2154	4.71008	4.71008	6.22796
k141_45579	5721	9.48717	9.48717	18.876
k141_36211	1732	7.40455	7.40455	10.0008
k141_111292	8089	10.8782	10.8782	25.8005
k141_83208	1676	9.02818	9.02818	16.3041
k141_45580	1762	4.65819	4.65881	6.03122
k141_8780	69914	28.5327	28.5327	66.201
k141_74663	7621	10.8916	10.8916	20.9296
k141_103078	2222	5.57722	5.57722	3.97085
k141_64252	13899	11.4797	11.4797	21.825
k141_103080	2049	5.10742	5.10742	12.4354
k141_74666	2657	7.36179	7.36179	11.2709
k141_8795	2104	6.6607	6.6607	6.02256
k141_64264	2425	7.27692	7.27692	10.984
k141_111309	3813	7.28883	7.28883	10.3829
k141_45597	3559	8.90965	8.90965	15.959
k141_45600	1535	7.88159	7.88159	24.7649
k141_64268	2140	4.46181	4.46181	6.01836
k141_8798	6362	9.85705	9.85705	19.3104
k141_103081	17348	9.53245	9.53245	20.0847
k141_83209	24839	15.1263	15.1263	45.0295
k141_83210	2217	8.96565	8.96565	7.709
k141_64278	2136	6.27946	6.27946	9.59884
k141_83211	2377	9.01437	9.01437	13.2936
k141_45601	15954	11.6431	11.6431	20.0044
k141_8818	2042	7.91491	7.91491	12.4005
k141_83223	2383	9.95477	9.95477	17.459
k141_103094	6136	8.86853	8.86853	12.9703
k141_111316	23228	10.9806	10.9806	19.959
k141_45610	4464	9.41029	9.41052	21.0764
k141_103097	1861	5.60842	5.60842	11.2232
k141_83230	1899	6.22985	6.22985	9.39454
k141_103098	2553	7.56013	7.56013	14.1591
k141_8833	4574	14.4677	14.4677	26.5087
k141_45611	6945	9.9585	9.9585	16.8256
k141_83238	1892	8.03559	8.03559	12.1285
k141_8838	2489	8.00214	8.00214	11.553
k141_45616	1609	4.56957	4.57025	4.02436
k141_8839	1861	10.27	10.27	16.3903
k141_103109	5755	9.46048	9.46048	12.0219
k141_83249	1978	6.61707	6.61707	15.6278
k141_103110	1803	6.30248	6.30248	9.31883
k141_8842	1544	4.83859	4.83931	6.61724
k141_83250	1546	8.52364	8.52364	18.8489
k141_36220	51815	17.9478	17.9478	41.491
k141_64281	32647	13.3706	13.3706	24.1897
k141_83253	3188	8.4898	8.4898	18.2823
k141_8843	6562	9.67576	9.67576	13.0019
k141_36227	3548	11.4629	11.4629	16.3432
k141_83258	1705	7.41029	7.41029	9.23697
k141_8844	3517	10.8759	10.8759	21.6251
k141_64282	10011	9.1006	9.1006	16.4993
k141_8851	1931	6.96519	6.96519	14.5527
k141_83265	3261	8.84121	8.84121	15.2611
k141_36236	4054	10.2787	10.2787	18.4758
k141_36238	2907	7.33188	7.33188	12.24
k141_36239	2443	7.7488	7.7488	14.1218
k141_36240	1624	6.64586	6.64586	12.8996
k141_83284	1720	8.80191	8.80255	6.42753
k141_64300	2930	7.23201	7.23201	18.7735
k141_36242	6173	11.6978	11.6978	23.7036
k141_83294	4907	9.82909	9.82909	23.2737
k141_8867	13569	11.1318	11.1318	27.0475
k141_83295	4117	8.22612	8.22612	15.6178
k141_64309	4754	9.11186	9.11186	20.6699
k141_8873	1956	4.88206	4.88206	4.00875
k141_26525	111230	22.5883	22.5883	537.277
k141_64310	2024	6.44504	6.44504	8.54824
k141_83297	1846	7.49351	7.49351	11.3911
k141_103126	37336	14.2021	14.2021	27.5763
k141_83299	1766	10.0563	10.0563	11.1021
k141_64311	3602	13.8673	13.8673	37.5395
k141_26527	2767	8.58693	8.58693	15.8608
k141_26528	2525	11.0691	11.0691	29.4889
k141_103134	2588	10.8257	10.8257	15.6731
k141_74672	101269	14.2092	14.2092	33.3111
k141_26536	2543	6.29252	6.29252	6.47217
k141_36269	3445	7.12959	7.12959	10.2433
k141_83306	2991	14.0764	14.0764	469.1
k141_64314	2937	9.32687	9.32687	17.2531
k141_64317	1683	7.31376	7.31376	8.84734
k141_103139	2288	9.72872	9.72872	15.2852
k141_83308	1655	16.5635	16.5635	24.023
k141_36273	2056	6.47009	6.47009	9.65091
k141_64320	1897	12.9462	12.9462	26.973
k141_64323	1572	11.7736	11.7736	16.8932
k141_26554	1783	6.34293	6.34293	9.18379
k141_83310	5396	8.57873	8.57873	15.988
k141_36290	2853	8.57862	8.57862	10.3517
k141_103158	4702	7.9297	7.9297	12.3518
k141_64343	1647	4.46961	4.46961	6.14363
k141_26555	7519	11.8225	11.8225	28.4308
k141_83315	4402	8.73283	8.73283	12.8464
k141_36291	1785	6.20245	6.20245	6.8874
k141_83319	1731	10.5199	10.5199	29.1156
k141_74683	17464	11.1901	11.1901	20.3899
k141_83322	1719	4.65073	4.65073	3.72742
k141_64360	1893	6.44119	6.44119	10.6818
k141_36304	1583	6.96022	6.96022	14.9697
k141_64362	2100	13.081	13.081	42.8609
k141_36305	3398	10.2094	10.2094	12.9016
k141_74696	1518	6.54313	6.54313	10.339
k141_36313	1622	7.66236	7.66236	7.7425
k141_36314	1570	7.67676	7.67676	18.7376
k141_83340	1897	6.91013	6.91013	11.6201
k141_74710	1905	12.8786	12.8786	36.6803
k141_83342	2695	9.05305	9.05305	10.6626
k141_8876	52245	15.3971	15.3971	32.3392
k141_83346	1797	7.29751	7.29751	10.0147
k141_36317	7781	9.78024	9.78024	19.8899
k141_74716	1853	7.39988	7.39988	8.06396
k141_8882	1738	9.38539	9.38602	23.2832
k141_36318	2629	13.9871	13.9871	38.5776
k141_83356	2365	6.72867	6.72867	8.28541
k141_64369	20972	37.689	37.689	80.161
k141_8893	3908	13.7272	13.7272	31.5146
k141_36323	3889	6.45921	6.45921	7.84977
k141_83361	1712	5.25288	5.25288	4.02376
k141_74726	4213	7.66896	7.66896	17.938
k141_8895	2445	7.66667	7.66667	15.2162
k141_64374	4572	7.04274	7.04274	10.3331
k141_8896	3348	7.13602	7.13602	10.085
k141_74728	4058	7.83086	7.83086	18.0302
k141_36327	5490	12.0135	12.0137	23.1331
k141_8901	1780	7.14294	7.14294	13.9311
k141_93597	320440	44.4335	44.4335	116.689
k141_64377	4637	8.62336	8.62336	15.3564
k141_36328	4534	11.5509	11.5509	25.6688
k141_64379	2029	5.23842	5.23842	4.46815
k141_74738	1634	6.21833	6.21833	3.66638
k141_8905	9907	19.0518	19.0518	44.1568
k141_74743	7390	10.1793	10.1793	18.8064
k141_64390	2053	5.42827	5.42827	5.79603
k141_36329	10936	12.0339	12.0339	23.2722
k141_64391	3135	7.19229	7.19229	9.96835
k141_36331	2061	7.05599	7.05599	10.5786
k141_93613	7893	8.46519	8.46519	15.8808
k141_64398	1806	6.06703	6.06703	10.1496
k141_93617	3842	13.1162	13.1162	22.0632
k141_8910	8583	11.3521	11.3521	20.6397
k141_74759	1868	7.13679	7.13679	12.2557
k141_36332	9241	10.1081	10.1081	16.7774
k141_26558	73941	32.9171	32.9171	81.2869
k141_8918	1586	6.31824	6.31824	5.00595
k141_64406	3254	9.88628	9.88628	16.5713
k141_26561	4839	10.9162	10.9162	23.6834
k141_74770	2615	10.8081	10.8081	27.4252
k141_64408	3812	5.29656	5.29656	5.35367
k141_26562	1708	4.64891	4.64891	6.08666
k141_93627	5316	13.2509	13.2509	32.0012
k141_8927	2349	11.332	11.332	22.2862
k141_74771	2711	10.1902	10.1902	17.2619
k141_83366	43951	42.3335	42.3335	129.731
k141_36335	11595	9.35998	9.35998	16.2448
k141_93633	1656	4.97477	4.97543	5.89642
k141_45620	148663	20.867	20.867	49.1207
k141_8935	2667	49.3425	49.3425	120.535
k141_83368	5547	7.62127	7.62127	12.7445
k141_45621	1804	5.66022	5.66022	7.43079
k141_74782	1524	5.25036	5.25109	5.22385
k141_93637	1883	8.10791	8.10791	14.9921
k141_8936	1652	10.729	10.7297	27.5339
k141_36337	5481	14.3875	14.3875	61.2712
k141_64418	4278	18.93	18.93	42.4614
k141_83373	1503	4.89061	4.89061	6.69217
k141_74787	2325	7.09379	7.09379	16.1752
k141_36340	1592	6.70874	6.70874	12.3675
k141_83375	1819	5.74416	5.74416	9.95546
k141_45624	5350	8.20058	8.20058	12.4901
k141_8946	1653	8.06919	8.06919	10.8701
k141_74789	4134	8.21561	8.21561	12.1667
k141_8948	2206	6.77383	6.77383	5.85979
k141_83379	1892	8.32721	8.32721	14.5202
k141_64427	1605	4.97113	4.97113	4.24399
k141_36342	4963	7.31747	7.31747	11.196
k141_45629	2210	5.99563	5.99563	9.85967
k141_8950	1889	8.66533	8.66533	7.82005
k141_74792	2437	5.54613	5.54613	5.51483
k141_83383	2653	11.4654	11.4654	16.1257
k141_64429	3010	7.50105	7.50105	16.5711
k141_111322	191211	28.5216	28.5216	65.5967
k141_8951	3957	13.3084	13.3084	26.5479
k141_64430	2294	10.6614	10.6614	29.3588
k141_45630	5472	10.8548	10.8548	22.5298
k141_74800	1581	4.95528	4.95528	2.73506
k141_111323	4430	15.6371	15.6371	74.6502
k141_45632	2395	8.3314	8.3314	14.1896
k141_45633	1538	6.44524	6.44524	6.49519
k141_64439	1686	7.39974	7.39974	16.8185
k141_74804	1705	6.20965	6.20965	6.80928
k141_36351	4111	8.66675	8.66675	16.2394
k141_45638	1840	8.81657	8.81657	13.2961
k141_111330	2659	9.20088	9.20088	18.5722
k141_64444	1906	8.83713	8.8377	10.4095
k141_8952	11483	12.4695	12.4695	33.7682
k141_64445	1556	11.8279	11.8279	28.8969
k141_74806	3492	6.86505	6.86505	7.15905
k141_26565	35072	14.5112	14.5112	30.7446
k141_45639	3065	9.047	9.047	15.1631
k141_93656	16864	9.96889	9.96889	22.6078
k141_74807	1785	8.69786	8.69786	11.4753
k141_64449	1619	3.30633	3.30633	1.93199
k141_36352	6848	16.9609	16.9609	24.0139
k141_45643	3497	9.63818	9.63818	17.3002
k141_36357	2627	5.37707	5.37707	9.79967
k141_26573	3630	10.5532	10.5532	24.1459
k141_83384	24105	13.1464	13.1464	30.619
k141_8962	3836	8.18557	8.18557	12.6251
k141_74810	7984	11.5423	11.5423	34.0948
k141_36359	2839	8.63035	8.63035	19.2785
k141_111342	7330	9.85	9.85	16.9947
k141_93671	2614	7.36526	7.36526	9.40679
k141_64460	3699	8.06678	8.06678	12.6363
k141_111344	1972	5.91273	5.91273	4.66072
k141_83385	3611	7.34845	7.34845	14.2808
k141_74813	2667	7.0143	7.0143	12.7955
k141_8970	2125	7.05975	7.05975	5.82419
k141_45648	8464	26.6623	26.6623	118.257
k141_93675	3164	7.72794	7.72794	11.3277
k141_8973	1742	5.2858	5.2858	10.8793
k141_111348	5807	9.06664	9.06664	14.1881
k141_26589	2618	7.24959	7.24959	10.1087
k141_83389	6363	10.2403	10.2403	19.2992
k141_64464	6353	15.7148	15.7148	47.9095
k141_83390	4845	10.8756	10.8758	23.4334
k141_26594	1563	6.29795	6.29795	8.24897
k141_111352	4294	7.52703	7.52703	11.3398
k141_93684	1845	6.05782	6.05782	5.31894
k141_36365	15613	15.2318	15.2318	44.3277
k141_74830	2631	8.29907	8.29907	21.1104
k141_26596	4710	9.14825	9.14825	13.0709
k141_45655	10289	10.2482	10.2482	18.679
k141_83399	2348	7.32803	7.32803	21.1456
k141_8991	2924	7.00721	7.00721	17.578
k141_36373	1535	5.04693	5.04693	4.11993
k141_74834	2166	13.7044	13.7044	71.4447
k141_8996	1528	6.50726	6.50726	9.74026
k141_26597	5729	9.20004	9.20004	16.696
k141_64480	6276	9.52122	9.52122	19.4812
k141_74839	1882	9.85566	9.85566	12.7139
k141_83407	1532	6.15919	6.15919	10.4598
k141_36380	1513	6.07043	6.07043	7.92894
k141_45662	4415	11.4926	11.4926	27.0644
k141_93706	1701	7.45261	7.45261	8.53319
k141_45666	1510	5.62794	5.62794	4.98584
k141_36387	1881	6.3472	6.3472	10.1413
k141_83414	2281	4.98733	4.98733	7.04536
k141_64486	5487	10.9539	10.9539	26.7163
k141_111372	8136	14.5278	14.5278	32.5296
k141_26612	2148	6.63864	6.63864	9.2936
k141_36392	1820	5.42814	5.42814	6.51222
k141_111375	1903	8.2664	8.2664	15.4731
k141_93717	1560	7.25745	7.25745	8.9379
k141_64491	2264	6.16178	6.16178	6.59562
k141_26617	2281	10.3763	10.3763	40.645
k141_36406	2573	7.07842	7.07842	13.8675
k141_64498	3058	5.37001	5.37001	6.40178
k141_36408	1756	6.87422	6.87422	6.94864
k141_111390	2432	9.70333	9.70333	20.213
k141_93730	2163	7.48982	7.48982	12.0433
k141_83421	12155	10.1507	10.1507	18.8073
k141_83425	1579	9.24353	9.24353	12.2949
k141_26633	1905	6.77379	6.77379	10.2527
k141_93736	1979	10.3379	10.3379	18.1524
k141_36417	1806	7.2808	7.2808	9.57984
k141_93737	1635	6.19259	6.19259	8.04377
k141_26638	2051	7.04471	7.04471	16.2532
k141_93738	3905	18.0186	18.0186	82.9881
k141_36421	1594	8.98546	8.98546	19.3491
k141_93740	2644	7.26945	7.26945	15.5327
k141_111399	8396	8.75358	8.75358	14.3796
k141_74844	35837	15.99	15.99	38.6298
k141_26655	1644	4.16533	4.16533	3.65181
k141_36430	3217	9.38311	9.38311	19.4695
k141_93747	1974	7.67544	7.67544	12.6044
k141_111408	1723	5.50032	5.50032	3.927
k141_26657	2976	8.16313	8.16313	11.3671
k141_74848	3354	6.39669	6.39669	6.98996
k141_83428	20202	10.6831	10.6831	20.7615
k141_111411	1591	9.41568	9.41568	10.3514
k141_36434	2773	11.188	11.1883	19.9562
k141_26659	2080	4.93523	4.93523	8.07408
k141_26660	1609	6.73955	6.73955	11.0925
k141_111414	1625	7.27322	7.27322	9.65328
k141_36435	3172	8.43216	8.43216	12.3665
k141_26662	1962	5.7511	5.7511	8.13509
k141_74854	3622	7.43462	7.43462	10.0407
k141_36438	1872	6.58653	6.58653	11.722
k141_83433	2823	10.703	10.703	25.4844
k141_93763	1848	5.65842	5.65842	12.6375
k141_64506	29134	14.7247	14.7247	34.8947
k141_45668	46518	21.0811	21.0811	52.7561
k141_83434	2412	6.00354	6.00354	5.8549
k141_36446	1679	10.1249	10.1249	24.9759
k141_111423	2961	11.9755	11.9755	31.6504
k141_74857	4941	10.1363	10.1363	24.1052
k141_83441	2287	8.75433	8.75433	22.4944
k141_36447	3542	10.4732	10.4732	16.9662
k141_111427	2496	5.82523	5.82523	10.0019
k141_83442	1876	7.21263	7.21263	16.5107
k141_36449	1713	4.10237	4.10237	2.60924
k141_45669	9275	9.6777	9.6777	17.9392
k141_45671	1626	6.57385	6.57385	15.0975
k141_83450	1860	5.69766	5.69766	5.72885
k141_26684	2254	9.69059	9.69059	18.4574
k141_111435	4747	8.74657	8.74657	17.2796
k141_83451	2316	8.92244	8.92244	15.4305
k141_45674	2280	8.79577	8.79624	14.3699
k141_111441	1603	7.40537	7.40537	13.3032
k141_83457	2055	12.1885	12.1885	29.091
k141_26698	2211	10.623	10.623	21.5165
k141_64518	20136	17.1558	17.1558	39.2995
k141_26703	1703	7.80489	7.80489	5.76283
k141_64520	3579	8.89122	8.89122	13.7465
k141_26705	1537	6.78659	6.78659	13.5994
k141_64521	3483	6.44884	6.44884	9.96354
k141_26709	4340	7.0327	7.0327	13.073
k141_64524	2067	6.18623	6.18623	8.21215
k141_45707	1542	4.98276	4.98276	7.20314
k141_83482	3304	10.4803	10.4803	21.2658
k141_26713	2105	5.44246	5.44246	7.11886
k141_45710	2201	9.80595	9.80595	17.4082
k141_83485	1538	12.1383	12.1383	36.2577
k141_26716	4262	8.48079	8.48079	17.884
k141_45719	2505	11.1783	11.1788	36.1611
k141_64540	2277	5.31171	5.31171	4.47707
k141_111443	30028	16.5584	16.5584	35.0214
k141_45722	1599	6.88337	6.88337	8.21912
k141_26720	5080	8.63753	8.63773	15.6624
k141_64545	2686	6.26735	6.26735	8.67563
k141_83490	12980	17.3432	17.3432	38.6087
k141_74859	48778	19.9481	19.9481	46.3177
k141_64549	2591	9.06964	9.06964	17.0478
k141_45729	3636	8.6833	8.6833	11.9042
k141_74863	1875	5.80348	5.80348	10.2229
k141_74864	1507	4.99042	4.99042	8.25875
k141_83496	2796	5.78307	5.78307	6.39753
k141_64551	3503	6.9314	6.9314	8.75006
k141_74865	1619	6.31586	6.31586	17.9805
k141_83498	1646	5.52005	5.52005	4.71932
k141_64553	3707	8.73264	8.73292	20.9833
k141_45733	7088	9.05074	9.05074	21.9115
k141_83503	1595	5.01592	5.01592	3.82732
k141_111455	12276	11.234	11.234	28.0403
k141_26739	4697	11.1973	11.1973	22.4693
k141_74873	2204	8.65336	8.65336	16.632
k141_83504	2338	4.64488	4.64488	3.84961
k141_111456	2919	5.68364	5.68364	8.88446
k141_83506	1557	7.28358	7.28358	12.7083
k141_64554	5900	11.0024	11.0024	27.4165
k141_74880	1594	6.96191	6.96191	13.5517
k141_45735	7427	11.5309	11.5309	23.889
k141_83509	2119	4.45658	4.45658	3.52059
k141_111461	2019	7.31354	7.31354	9.77643
k141_83511	2428	7.18832	7.18832	6.45421
k141_26741	11808	14.1178	14.1178	56.2926
k141_64559	5055	9.56534	9.56534	23.2939
k141_26745	1717	4.01787	4.01787	4.31896
k141_83514	2971	13.1712	13.1712	37.7585
k141_26749	2405	7.45809	7.45809	9.23589
k141_74897	2050	9.06211	9.06211	13.2337
k141_64564	6364	11.4268	11.4268	27.5867
k141_111467	7324	11.335	11.335	24.4742
k141_45739	12390	14.3755	14.3755	41.9024
k141_83521	2639	10.3728	10.3728	30.4009
k141_74900	1552	7.96148	7.96148	22.4025
k141_64565	1775	5.864	5.864	7.22594
k141_26757	2461	6.58243	6.58243	7.60009
k141_45743	1783	4.98224	4.98224	4.06403
k141_26759	1701	4.62669	4.62734	4.41976
k141_45744	1742	3.04585	3.04585	1.96459
k141_83526	2682	9.73183	9.73183	10.514
k141_64568	4394	7.91942	7.91942	12.7712
k141_26760	2503	5.86315	5.86315	8.07645
k141_64571	3415	15.5479	15.5479	21.6908
k141_83528	4851	11.3176	11.3176	15.8214
k141_64572	1993	4.66902	4.66902	5.17484
k141_83529	2069	11.704	11.704	40.3293
k141_64575	1838	15.2494	15.2494	53.4821
k141_26768	3261	7.04114	7.04114	11.2684
k141_83530	3477	5.56838	5.56838	9.60748
k141_74901	16798	12.9816	12.9816	24.4373
k141_26773	2267	7.00425	7.00425	5.6006
k141_64581	1775	5.08862	5.08862	6.9441
k141_36452	97166	29.0843	29.0843	70.7777
k141_74905	1691	4.52628	4.52693	5.3105
k141_111492	6820	8.04992	8.04992	16.4107
k141_45748	18046	34.7067	34.7067	368.012
k141_36456	2116	6.89471	6.89471	10.5166
k141_64587	2269	12.6918	12.6918	46.9592
k141_74906	2897	12.3862	12.3862	62.3089
k141_83532	7669	11.8306	11.8306	24.2558
k141_36457	1711	6.63421	6.63421	4.51291
k141_45749	3080	7.74608	7.74608	14.6852
k141_111494	4643	7.54329	7.54329	8.58243
k141_64592	1680	7.04314	7.04314	9.25661
k141_36463	3064	10.1458	10.1458	24.3464
k141_74917	1666	9.43997	9.43997	19.3713
k141_9001	173783	42.8349	42.8349	119.094
k141_111504	2376	12.4955	12.496	31.4759
k141_64597	4567	9.88024	9.88024	29.306
k141_45764	1603	4.56641	4.56641	4.83528
k141_83550	2106	8.82209	8.82209	15.6399
k141_111510	1887	5.94934	5.94934	10.017
k141_64599	2110	5.29796	5.29796	4.64626
k141_45766	1673	5.70125	5.70125	5.62881
k141_74919	7144	8.57792	8.57792	10.8216
k141_26806	3346	11.5422	11.5422	29.7325
k141_36476	3391	10.9229	10.9229	20.8259
k141_64603	2791	9.39152	9.39152	14.8564
k141_36477	1617	7.14179	7.14179	15.6633
k141_111519	1803	4.51845	4.51845	6.45075
k141_26809	1575	43.5165	43.5165	110.789
k141_74921	3496	8.43036	8.43066	10.8448
k141_9008	8527	10.4253	10.4253	27.2532
k141_64610	1851	7.51088	7.51088	11.2736
k141_36483	2194	9.12622	9.12622	15.5435
k141_83572	1574	5.84691	5.84691	9.86545
k141_111525	1968	7.16227	7.16227	10.6038
k141_74927	1612	9.02189	9.02189	18.9345
k141_45777	7680	11.2584	11.2584	24.0773
k141_26818	3823	9.11271	9.11271	13.7281
k141_111527	2962	6.24431	6.24431	7.76134
k141_9021	2761	11.2895	11.2895	36.1941
k141_64619	1730	6.47658	6.47658	12.5723
k141_83573	5537	15.4945	15.4945	49.9244
k141_111530	1999	8.32288	8.32342	14.7385
k141_64622	1866	5.67016	5.67016	5.63344
k141_9022	3326	6.81014	6.81014	11.3462
k141_36486	9396	12.6709	12.6709	25.8161
k141_45781	3295	8.89634	8.89634	10.4181
k141_74937	2678	5.57911	5.57911	9.84659
k141_36489	3024	55.0522	55.0522	561.132
k141_83574	5858	10.5834	10.5834	19.6755
k141_45784	1983	13.9771	13.9771	18.7417
k141_111531	4958	7.6745	7.6745	11.2148
k141_74941	1761	5.01117	5.01117	6.08561
k141_9028	2492	21.6614	21.6614	234.894
k141_45785	2078	8.30913	8.30913	14.9599
k141_36493	2515	5.07484	5.07484	5.81799
k141_83578	3127	25.0709	25.0709	239.801
k141_83579	1944	6.11371	6.11371	9.66138
k141_111533	4211	8.26718	8.26718	17.4577
k141_9030	4047	9.07673	9.07673	15.7726
k141_64636	2774	5.42873	5.42873	9.92764
k141_74947	2477	10.7972	10.7972	18.1317
k141_9032	2425	8.24967	8.24967	15.2939
k141_111537	2049	5.61927	5.61927	5.29278
k141_64639	2594	5.08388	5.08388	5.02981
k141_111540	1956	6.66168	6.66168	6.90315
k141_36515	1713	6.90723	6.90723	16.6242
k141_9037	2485	7.26167	7.26167	7.94046
k141_36517	2362	9.77351	9.77351	51.7702
k141_83580	11916	10.135	10.135	13.5288
k141_36518	1723	4.13477	4.13541	3.44922
k141_36520	1844	5.82645	5.82645	9.12166
k141_111549	2603	11.1867	11.1867	18.9299
k141_83587	1647	7.14228	7.14228	7.80527
k141_111551	1542	6.66739	6.66739	18.6161
k141_83589	1573	5.41954	5.41954	3.56716
k141_9038	13687	13.9767	13.9767	29.7181
k141_36531	1828	5.28784	5.28784	6.63686
k141_83596	2596	10.0732	10.0732	17.7218
k141_111560	1693	5.14517	5.14582	4.38276
k141_9044	1771	5.21345	5.21345	6.27047
k141_74957	20947	29.5729	29.5729	62.178
k141_83599	2658	13.38	13.38	24.7119
k141_9053	2799	7.55568	7.55568	19.3928
k141_111573	1772	6.2164	6.2164	7.60711
k141_111574	2397	4.47931	4.47931	5.29774
k141_9062	2050	8.2879	8.2879	19.8048
k141_74966	7288	9.26688	9.26688	20.8196
k141_83610	4659	10.7997	10.7997	15.6501
k141_111576	1805	8.75952	8.75952	13.756
k141_74970	2449	5.5585	5.5585	6.47473
k141_111577	6020	8.37479	8.37479	17.5971
k141_9068	6860	8.4608	8.4608	14.8369
k141_74976	1655	6.89435	6.89435	9.27541
k141_36532	26598	18.9058	18.9058	40.3445
k141_26820	62149	25.4131	25.4131	64.7483
k141_83616	5893	8.44384	8.44384	10.8817
k141_111581	1888	6.94534	6.94534	7.68094
k141_83618	1656	6.69057	6.69057	21.0895
k141_111583	1886	5.64862	5.64862	6.99691
k141_64647	43685	13.2254	13.2254	26.3957
k141_83620	2103	7.61905	7.61905	15.2871
k141_111585	2355	15.2517	15.2517	33.9843
k141_83621	1668	5.09486	5.09486	5.97782
k141_26831	2820	6.98502	6.98502	9.1889
k141_64654	1807	4.87085	4.87085	5.29125
k141_111590	1517	9.92612	9.92612	28.2194
k141_36544	5530	8.55539	8.55539	17.0255
k141_83623	4923	7.66792	7.66792	12.641
k141_64658	1612	5.49521	5.49521	6.09135
k141_64662	1808	8.13993	8.13993	9.83076
k141_111600	2323	7.73079	7.73079	13.4895
k141_36545	6784	7.34986	7.34986	13.2637
k141_83631	3259	16.4362	16.4362	47.8105
k141_74980	19786	19.0313	19.0313	35.8937
k141_9076	18219	19.1174	19.1174	45.6809
k141_64664	4547	9.70753	9.70753	18.7744
k141_26838	9336	11.527	11.527	38.2978
k141_36551	1899	9.31332	9.31332	7.69582
k141_74985	1658	7.90385	7.90385	8.69215
k141_111601	7230	8.58263	8.58263	13.7399
k141_36552	3518	6.77494	6.77494	6.75542
k141_111602	1605	4.98763	4.98763	7.71649
k141_83641	5216	14.2941	14.2941	40.7923
k141_64674	2617	9.84962	9.84962	20.8372
k141_74993	2375	7.44989	7.44989	11.0579
k141_36554	4808	10.9113	10.9115	32.6593
k141_83643	2904	9.74619	9.74619	13.0257
k141_111612	2601	5.74215	5.74215	7.9988
k141_9086	7833	12.2148	12.2148	25.5428
k141_83645	2396	10.6941	10.6946	154.83
k141_111613	2024	8.02561	8.02561	8.3891
k141_83646	2315	8.9358	8.9358	17.9955
k141_75002	1597	7.05736	7.05736	7.92684
k141_111614	1684	8.21447	8.21447	29.3063
k141_36567	2807	6.28114	6.28114	8.35421
k141_83649	1806	6.62379	6.62379	10.3895
k141_111617	4307	8.61896	8.61896	15.4789
k141_75008	2156	7.85394	7.85394	11.0944
k141_64678	11407	13.8837	13.8837	40.9888
k141_111619	1848	6.16372	6.16372	11.5937
k141_9099	3188	8.94536	8.94536	13.8175
k141_36574	3591	8.99709	8.99709	15.8769
k141_83653	4616	8.24295	8.24295	11.3781
k141_111621	1548	5.99499	5.99499	11.8962
k141_9100	2690	6.21969	6.21969	10.8113
k141_111622	1643	6.15807	6.15807	14.7458
k141_36575	1909	8.86413	8.8647	23.2387
k141_64684	3045	14.6149	14.6149	81.2072
k141_36577	1651	6.35043	6.35043	9.3944
k141_45786	109109	17.8389	17.8389	44.6606
k141_111628	1665	5.75446	5.75446	6.27252
k141_64688	1595	5.18408	5.18477	5.50948
k141_75015	8740	10.4068	10.4069	15.19
k141_64691	1543	6.61307	6.61307	6.25464
k141_83665	2824	7.862	7.862	9.95368
k141_9107	4430	9.60374	9.60374	20.4282
k141_64692	1717	7.24123	7.24123	13.113
k141_45793	2682	5.44905	5.44905	9.33871
k141_64694	1917	6.22864	6.22864	8.54122
k141_26844	35047	19.7436	19.7437	47.2894
k141_75020	3207	7.99738	7.99738	14.8404
k141_111635	5371	9.67669	9.67669	21.3376
k141_83672	2118	76.4842	76.4842	317.012
k141_64699	1574	4.87219	4.87219	8.01311
k141_75021	4347	8.35764	8.35764	10.6517
k141_26847	5000	7.89546	7.89546	19.7426
k141_9114	5564	8.78223	8.78223	18.2546
k141_36579	15541	11.6196	11.6196	28.384
k141_83678	3920	10.6897	10.6897	22.6725
k141_9115	3976	10.9067	10.9067	37.1824
k141_36581	2108	8.30082	8.30082	6.77768
k141_83679	2386	20.5268	20.5268	103.187
k141_83681	1682	6.0842	6.0842	20.618
k141_26858	1724	5.23761	5.23761	6.18509
k141_111652	3342	11.2293	11.2293	45.3269
k141_36586	2050	8.50789	8.50789	18.4312
k141_9125	1511	10.8927	10.8935	20.1055
k141_111654	1915	7.38697	7.38697	10.1546
k141_9127	2551	7.33236	7.33236	13.3546
k141_36593	1519	8.06939	8.06939	8.69472
k141_64727	1597	5.70491	5.70491	4.54425
k141_83687	4325	12.0292	12.0292	21.5263
k141_26868	3916	8.67685	8.67685	9.36607
k141_64732	2355	7.25306	7.25306	11.9595
k141_83689	3165	8.63715	8.63715	13.8796
k141_9128	7024	10.0466	10.0466	17.6018
k141_111669	2109	7.57887	7.57887	10.5474
k141_26870	3882	7.75911	7.75911	15.275
k141_36597	5534	13.8921	13.8921	29.6168
k141_64736	3534	8.31708	8.31708	17.9823
k141_111671	2647	11.1874	11.1874	16.9392
k141_9134	2946	7.87303	7.87303	15.0358
k141_26875	2895	12.3297	12.3297	26.0295
k141_36602	3621	5.88678	5.88678	10.838
k141_83695	7242	12.2905	12.2905	23.3494
k141_9135	1995	5.69377	5.69377	5.95555
k141_64743	4470	10.2521	10.2521	20.5006
k141_26877	2802	6.37443	6.37443	9.35838
k141_9139	2780	10.7597	10.7597	18.0466
k141_36609	3206	10.1898	10.1898	16.2095
k141_83705	2006	13.6255	13.6255	27.3729
k141_26882	2200	6.05463	6.05463	5.41919
k141_9141	2941	7.05983	7.05983	12.9114
k141_64751	2609	7.77755	7.77755	13.4391
k141_83708	3826	9.30033	9.30033	11.3678
k141_36615	2887	8.80453	8.8049	11.5598
k141_36616	1651	5.73418	5.73418	9.91933
k141_26886	3812	9.83288	9.83288	13.1147
k141_64757	1788	6.91758	6.91758	6.68406
k141_83712	2825	5.92785	5.92822	6.4749
k141_9143	7039	9.15038	9.15038	17.798
k141_111679	15893	17.8999	17.8999	35.6901
k141_83715	2905	16.0443	16.0443	48.1126
k141_26889	3880	9.75147	9.75147	21.8674
k141_83719	1754	6.69451	6.69451	13.4475
k141_9149	4200	22.1081	22.1081	528.762
k141_64771	2753	7.10411	7.10411	6.75742
k141_45797	54190	16.2652	16.2652	33.049
k141_9151	2657	8.30794	8.30794	13.1806
k141_111683	5952	7.89504	7.89504	14.7267
k141_83720	3713	6.41005	6.41005	10.6181
k141_9154	2718	9.05958	9.05958	26.8577
k141_45813	1584	8.47559	8.47629	15.6118
k141_36624	19233	10.3028	10.3029	22.25
k141_36625	1587	4.23034	4.23034	3.91278
k141_64795	1598	5.35843	5.35843	13.4466
k141_83742	2333	8.11269	8.11269	17.4758
k141_111708	2497	8.86706	8.86706	20.8781
k141_9171	1958	7.93197	7.93197	10.1475
k141_9173	1526	5.54942	5.55015	5.58292
k141_45820	1744	7.86386	7.86386	15.9419
k141_26920	6256	9.217	9.217	19.5202
k141_36633	2285	8.95316	8.95316	8.72118
k141_9175	3576	11.2843	11.2843	26.1926
k141_64802	1984	7.43948	7.43948	16.0819
k141_45827	4209	9.10692	9.10692	12.5839
k141_36638	1837	7.09306	7.09306	10.0453
k141_111718	2987	7.88086	7.88086	13.4592
k141_64803	2737	9.16003	9.16003	14.4856
k141_64804	1841	4.16736	4.16795	3.23806
k141_36639	2525	9.14105	9.14105	11.7261
k141_111721	1658	3.98674	3.98674	2.89963
k141_9182	3550	5.95412	5.95412	6.13135
k141_64806	2173	4.63075	4.63075	3.235
k141_26933	5255	8.63683	8.63683	22.4327
k141_111724	1606	5.35989	5.35989	8.95353
k141_45834	3588	8.73415	8.73415	16.8319
k141_64809	1590	7.58681	7.58681	18.9527
k141_9187	1672	5.78252	5.78252	8.1098
k141_111725	1555	5.30605	5.30605	4.05579
k141_45835	2060	4.30471	4.30471	5.03961
k141_36646	3316	9.52337	9.52337	17.7496
k141_26934	2433	9.01358	9.01358	21.2369
k141_9188	1615	8.56997	8.56997	22.7918
k141_64811	1938	7.63367	7.63367	11.5697
k141_9189	1556	3.80797	3.80797	2.55669
k141_83772	5135	7.91093	7.91093	16.2523
k141_26935	2489	6.29671	6.29671	10.7169
k141_111729	2085	20.909	20.909	64.4633
k141_45838	2868	5.78072	5.78072	10.6497
k141_36652	1943	6.21194	6.21194	25.2899
k141_9194	1534	5.21243	5.21243	4.24984
k141_45841	1503	7.12639	7.12639	5.94329
k141_83779	3347	9.06131	9.06131	14.4674
k141_36656	2218	6.87766	6.87766	12.0967
k141_83780	1501	7.80163	7.80163	17.1162
k141_26942	4304	9.35821	9.35821	16.289
k141_45848	1763	9.89957	9.90019	22.0415
k141_36658	3070	6.24144	6.24144	6.89647
k141_64828	2142	6.08785	6.08785	6.97929
k141_26947	1957	4.99225	4.99225	4.36096
k141_9195	8165	9.00611	9.00611	15.2314
k141_64830	1764	8.18092	8.18092	13.2208
k141_9196	1548	8.50286	8.50286	10.8301
k141_111747	3379	7.71725	7.71725	16.7735
k141_9198	2563	6.84459	6.84459	11.7822
k141_64835	1738	8.08249	8.08249	30.3162
k141_9204	2029	9.48377	9.48377	9.90798
k141_111755	2950	8.53071	8.53071	15.103
k141_36664	10316	15.8314	15.8314	37.3397
k141_83781	14860	15.4622	15.4622	28.5992
k141_45863	4555	9.66288	9.66288	18.9266
k141_64845	2886	13.8414	13.8414	24.3235
k141_111764	1796	10.966	10.966	12.5861
k141_64850	1525	12.3804	12.3804	14.5386
k141_83784	7266	9.6654	9.6654	16.4074
k141_111765	2565	4.87453	4.87495	4.64962
k141_83786	2257	5.82439	5.82439	4.66145
k141_64853	4719	11.5279	11.5281	24.6158
k141_9205	16180	12.2629	12.2629	21.245
k141_111766	7263	11.7659	11.7659	22.7318
k141_64857	1572	9.21097	9.21097	8.92805
k141_9207	1893	8.09122	8.09122	13.4388
k141_26955	27022	10.58	10.58	21.3565
k141_111772	2754	10.0365	10.0365	16.8242
k141_9209	3587	8.74193	8.74193	19.4378
k141_111774	1837	5.15175	5.15175	2.74206
k141_26959	2807	10.2548	10.2552	14.5877
k141_64870	3790	8.09258	8.09258	22.73
k141_9216	2349	10.5166	10.5166	13.5895
k141_26960	1819	6.35351	6.35351	20.1568
k141_111777	3144	6.00768	6.00768	9.70767
k141_9218	1570	14.9634	14.9634	53.5154
k141_111778	1794	7.45377	7.45377	21.4677
k141_26964	1967	8.0831	8.0831	9.2227
k141_83828	1826	5.44809	5.44809	7.72806
k141_9228	1556	7.22617	7.22617	11.2143
k141_83829	1732	6.58786	6.58786	7.8402
k141_111782	5544	9.03133	9.03152	14.1953
k141_9229	1816	11.973	11.973	76.7277
k141_83830	1984	7.64504	7.64504	9.42492
k141_45868	34728	11.168	11.168	21.1566
k141_111783	2617	7.37373	7.37373	9.52934
k141_111784	2054	4.84401	4.84401	6.66878
k141_83836	1512	6.77313	6.77313	11.8008
k141_26982	4007	9.16023	9.16023	36.3461
k141_9239	2664	9.26372	9.26372	13.2314
k141_64874	18813	11.3515	11.3515	21.1194
k141_26988	2244	5.40067	5.40067	3.95069
k141_45882	1787	8.67379	8.67379	10.6184
k141_36665	50030	22.3063	22.3063	53.25
k141_111798	2164	6.50099	6.50099	7.84974
k141_9248	1692	7.97211	7.97211	18.449
k141_26989	3001	9.13399	9.13434	11.0103
k141_9250	1554	8.34544	8.34544	10.2034
k141_26990	1860	9.2345	9.2345	16.6278
k141_64880	3174	8.63393	8.63393	11.5177
k141_45890	1914	9.91156	9.91156	17.2945
k141_36673	2231	5.54877	5.54877	7.35245
k141_45892	1660	17.4874	17.4874	169.367
k141_9256	1582	36.4916	36.4916	92.5815
k141_111807	1526	5.76381	5.76381	4.63873
k141_36677	1586	6.76184	6.76184	14.4449
k141_64887	1779	7.18969	7.18969	17.3836
k141_45897	1584	3.68689	3.68689	3.50764
k141_111812	2748	15.1313	15.1313	31.6581
k141_36678	6067	10.4335	10.4335	22.8653
k141_9266	1739	42.2398	42.2398	154.972
k141_36680	1699	4.32021	4.32021	3.50723
k141_83858	13755	10.3538	10.3538	19.9477
k141_64897	3741	10.9103	10.9103	29.212
k141_9269	1752	5.87141	5.87141	12.6381
k141_36681	2488	6.41446	6.41446	11.3631
k141_45907	3871	8.37947	8.37947	14.6119
k141_83859	2709	9.58343	9.58343	19.4934
k141_111828	5139	9.57747	9.57747	17.2461
k141_83860	1606	3.96085	3.96085	2.31257
k141_9271	3462	6.29861	6.29861	9.35774
k141_45913	1865	7.67464	7.67464	10.5393
k141_64898	6201	7.89671	7.89671	11.728
k141_36683	6207	10.2206	10.2206	26.8857
k141_111831	2255	9.85701	9.85701	15.9914
k141_27007	16337	17.4994	17.4994	36.4671
k141_83862	3173	18.4942	18.4942	104.94
k141_9273	3142	8.58322	8.58322	18.8416
k141_64900	3671	7.53678	7.53678	9.83455
k141_45921	2936	5.62024	5.62024	4.95298
k141_111833	2788	8.02767	8.02767	20.5358
k141_9274	3245	9.99548	9.99548	20.744
k141_27009	4636	9.7617	9.7617	20.8797
k141_36691	3641	7.04325	7.04325	9.15948
k141_9276	2744	27.985	27.985	133.485
k141_45927	2692	7.38985	7.38985	9.71607
k141_36692	2648	5.26621	5.26621	4.2387
k141_9280	3566	12.8045	12.8045	27.8675
k141_83875	5454	8.38443	8.38443	18.2048
k141_111848	1752	6.17416	6.17416	4.96091
k141_83877	1983	8.16094	8.16094	21.5465
k141_27017	5926	9.85682	9.85682	25.9624
k141_45939	1767	6.55226	6.55226	13.3601
k141_36700	2666	6.0306	6.0306	13.1794
k141_9286	3961	5.80792	5.80792	8.90655
k141_45941	1865	6.08338	6.08338	9.96798
k141_27022	2252	11.7759	11.7759	33.3829
k141_64919	10079	15.1217	15.1217	57.8716
k141_27026	2263	4.87175	4.87175	8.12133
k141_45950	1839	5.59562	5.59562	6.95065
k141_36708	6309	10.2418	10.2418	16.4479
k141_9293	5190	7.63036	7.63036	13.3867
k141_45951	1780	10.0129	10.0129	11.9391
k141_111866	5205	9.84431	9.84431	21.159
k141_27034	2580	6.76173	6.76173	5.65368
k141_9295	2979	12.7851	12.7851	36.0715
k141_83900	4443	11.8733	11.8733	24.0207
k141_36716	2223	6.14182	6.14182	9.99051
k141_9296	2844	5.22606	5.22606	3.23634
k141_36717	1969	6.8862	6.8862	12.7521
k141_83901	2380	5.59148	5.59148	8.17896
k141_111877	4363	7.14432	7.14432	9.95353
k141_83906	1702	6.4768	6.4768	8.99748
k141_36722	2304	11.311	11.311	23.2121
k141_9302	2066	7.35804	7.35804	14.0461
k141_36723	1802	8.95339	8.95399	15.8308
k141_111883	1752	4.11423	4.11486	1.83688
k141_83912	2566	6.35058	6.35099	8.47292
k141_27044	10193	9.75555	9.75555	19.5223
k141_83913	3338	6.72585	6.72585	8.13811
k141_9315	1514	5.94868	5.94941	13.8691
k141_36735	1841	6.9042	6.9042	5.81686
k141_83915	1928	6.47357	6.47357	9.40755
k141_9317	1667	7.31114	7.31114	28.1419
k141_27046	5555	12.9867	12.9867	31.9207
k141_111893	3251	8.72557	8.72557	12.46
k141_27048	2347	5.58716	5.58716	7.64513
k141_83917	4754	11.2789	11.2789	31.5177
k141_111899	2205	7.73333	7.73333	17.9757
k141_83920	1593	8.85932	8.85932	7.22639
k141_9320	5564	8.24233	8.24233	11.5481
k141_83921	1936	5.67637	5.67637	5.17806
k141_64926	32161	15.3068	15.3068	39.2844
k141_36741	10588	15.607	15.607	33.0975
k141_9321	4133	6.67964	6.67964	8.79584
k141_111910	1589	4.07505	4.07505	3.79965
k141_9322	1712	5.27401	5.27401	11.7724
k141_64928	2314	14.756	14.756	87.52
k141_36742	2308	7.50139	7.50139	16.5134
k141_111913	2315	6.23557	6.23557	14.645
k141_83931	2826	11.0463	11.0463	15.7211
k141_36745	2272	4.92837	4.92837	5.96849
k141_83933	2690	7.10433	7.10433	12.2242
k141_9331	2372	6.71962	6.71962	8.23518
k141_64936	1588	5.61822	5.61822	5.96619
k141_111919	2508	5.27947	5.27947	5.96643
k141_45961	36973	60.1485	60.1485	159.459
k141_83937	1616	9.00955	9.00955	12.7044
k141_64937	2238	6.35967	6.35967	9.57778
k141_9333	5367	7.59728	7.59728	14.5045
k141_45964	3204	8.66765	8.66765	18.3426
k141_111925	3397	9.47398	9.47398	17.441
k141_64943	2231	9.59923	9.59923	22.873
k141_45965	1725	7.98603	7.98603	11.2171
k141_9337	2066	10.1477	10.1477	11.1358
k141_36759	3067	10.2653	10.2653	18.5076
k141_45969	2019	5.17817	5.17817	6.562
k141_111932	1860	7.08421	7.08421	8.72315
k141_45973	2096	8.25899	8.25899	16.6177
k141_27054	29518	36.7169	36.7169	168.701
k141_9348	1507	5.46647	5.46647	5.75349
k141_64957	2607	9.59381	9.59381	13.83
k141_45976	2055	8.86772	8.86772	14.2431
k141_9351	2511	7.42948	7.42948	12.7435
k141_36771	3838	9.98183	9.98183	19.0855
k141_111944	2327	9.93477	9.93477	23.1217
k141_27061	2005	9.8097	9.8097	14.8111
k141_36772	2084	6.96536	6.96536	8.80212
k141_64958	7868	8.56401	8.56401	17.4878
k141_45987	1966	7.75275	7.75275	8.78792
k141_27065	1731	4.36749	4.36749	4.16805
k141_83938	28556	12.0426	12.0426	25.189
k141_36776	8479	8.82195	8.82195	13.9104
k141_111951	7020	10.3948	10.3948	17.1995
k141_27071	2365	4.87449	4.87449	12.2067
k141_83941	2341	7.63761	7.63761	16.2658
k141_9361	10071	10.1713	10.1713	22.8248
k141_36779	1604	8.55502	8.55571	22.3407
k141_27076	1839	8.16637	8.16637	16.3236
k141_46003	2831	7.86013	7.86013	12.598
k141_64970	7580	9.76541	9.76541	15.6496
k141_36786	2078	5.09025	5.09025	3.97628
k141_27088	3136	8.6065	8.6065	9.30456
k141_111973	2248	8.87178	8.87178	17.634
k141_36794	5172	9.27658	9.27658	16.6012
k141_9362	12609	18.278	18.278	98.6593
k141_36795	1944	6.75418	6.75418	16.5223
k141_83958	3424	12.3051	12.3051	23.1588
k141_27094	2340	7.98676	7.98676	15.56
k141_64984	2806	10.3189	10.3189	25.2283
k141_36797	1540	9.29137	9.29137	19.0418
k141_9368	1648	5.56609	5.56609	5.29589
k141_27096	3194	5.27037	5.27037	5.90752
k141_111986	1715	7.46134	7.46134	13.9021
k141_9371	1656	7.02656	7.02656	11.2126
k141_111989	2235	7.07338	7.07338	9.66021
k141_46036	2300	6.63535	6.63535	12.0698
k141_36807	2334	7.99451	7.99451	20.2575
k141_83960	10162	16.068	16.068	35.7209
k141_9375	3036	4.77755	4.77789	4.21311
k141_36808	1959	9.68933	9.68933	33.0748
k141_64995	3775	8.46014	8.46014	17.0603
k141_46039	3579	6.97434	6.97434	7.52562
k141_36809	1736	5.31589	5.31589	8.04209
k141_64997	1845	8.47257	8.47316	21.0594
k141_46040	1783	8.5842	8.5842	8.91708
k141_111991	4610	8.97242	8.97242	10.3924
k141_64998	1792	6.35505	6.35505	11.4918
k141_9378	3506	9.26996	9.26996	22.8558
k141_111992	2450	8.32739	8.32739	8.80319
k141_111997	1871	9.6473	9.6473	22.2296
k141_36823	1599	6.79503	6.79503	4.67272
k141_83962	12103	14.4299	14.4299	24.1195
k141_112002	2125	11.441	11.441	38.501
k141_36824	4488	9.13347	9.13347	19.0661
k141_36827	1644	4.45984	4.45984	3.66856
k141_46045	8038	12.9291	12.9291	26.7453
k141_46051	2042	6.08192	6.08192	7.98321
k141_112012	3507	9.06345	9.06345	14.1612
k141_46056	2688	7.51497	7.51497	15.8455
k141_112013	2200	7.47854	7.47854	15.3347
k141_36841	1975	18.2521	18.2521	61.963
k141_65000	23751	10.5788	10.5788	20.7549
k141_36843	3931	6.8392	6.8392	7.78316
k141_112030	1746	7.79887	7.79887	27.262
k141_65007	1969	7.20616	7.20616	15.0461
k141_46058	13879	13.2733	13.2733	30.836
k141_65015	1941	7.44947	7.44947	20.0151
k141_36852	1601	5.30875	5.30944	9.4111
k141_112036	3527	8.20136	8.20136	12.8782
k141_46060	3271	10.3502	10.3502	20.6347
k141_36853	2671	9.12892	9.12892	9.86943
k141_112038	2132	9.88648	9.88648	15.3132
k141_83967	29329	9.75352	9.75352	22.0388
k141_36854	2283	5.43366	5.43366	9.02418
k141_65016	5223	6.83087	6.83087	7.79515
k141_112041	1820	7.49701	7.49701	6.66719
k141_65018	2648	6.25781	6.25781	16.406
k141_65020	1679	5.14519	5.14519	5.22762
k141_112043	4316	9.73716	9.73716	14.6909
k141_83977	2543	7.79858	7.79858	17.3877
k141_46062	10883	9.95779	9.95779	20.8506
k141_83979	1504	5.79616	5.79616	8.84825
k141_36857	8361	13.3998	13.3998	28.7616
k141_65027	1623	5.4019	5.4019	4.58701
k141_65028	1701	9.78788	9.78788	20.8265
k141_83983	2117	9.16675	9.16675	22.085
k141_112054	2197	11.5735	11.5735	27.2955
k141_46072	1962	7.20971	7.20971	6.46851
k141_65034	1669	6.52074	6.52074	10.4407
k141_46077	2264	10.9144	10.9144	23.235
k141_36859	8487	9.09428	9.09428	15.1251
k141_112060	2758	14.5406	14.5406	25.6523
k141_83994	2461	9.2566	9.2566	16.9379
k141_46082	1850	8.10235	8.10235	13.734
k141_112063	1782	7.05086	7.05086	8.51061
k141_36863	3688	8.96128	8.96128	17.3434
k141_83996	5054	8.02039	8.02039	13.7768
k141_46087	2948	8.96247	8.96247	10.2943
k141_36867	3180	5.67261	5.67261	8.62704
k141_65036	20450	61.3445	61.3445	169.126
k141_36876	2426	5.67091	5.67091	7.85598
k141_46100	4074	10.0436	10.0436	28.2827
k141_36878	1570	7.78451	7.78451	4.50884
k141_27099	95572	20.9568	20.9568	54.6872
k141_46102	2762	7.76225	7.76225	9.10969
k141_65045	1687	8.87638	8.87638	10.4964
k141_27102	3232	18.2722	18.2722	65.2129
k141_46109	2353	9.02497	9.02497	17.4894
k141_36891	4597	9.72678	9.72678	21.7777
k141_27107	2325	10.7163	10.7163	25.0517
k141_46112	3354	6.97191	6.97191	11.1988
k141_112099	8929	10.3766	10.3766	24.8765
k141_36892	4515	10.0044	10.0046	15.1706
k141_27114	1883	52.9007	52.9007	221.677
k141_36895	1612	4.5	4.50068	4.71558
k141_112101	2808	9.61475	9.61475	19.0586
k141_36897	1726	7.26904	7.26904	7.95669
k141_27121	2414	11.8167	11.8167	29.9286
k141_112107	2584	8.2309	8.23131	16.9637
k141_27123	3054	7.14807	7.14807	6.65387
k141_46115	20868	18.2746	18.2746	45.4993
k141_84001	42121	13.8742	13.8742	27.7292
k141_112116	4929	15.5754	15.5754	26.3114
k141_27132	2860	4.52952	4.52952	4.2964
k141_46116	1541	5.39468	5.39468	8.76
k141_27133	2311	7.30449	7.30449	14.3461
k141_84003	3719	8.24853	8.24881	26.7911
k141_84008	2509	8.0178	8.0178	18.9548
k141_84009	1538	5.39842	5.39842	4.73442
k141_27142	2086	5.53512	5.53512	4.82557
k141_46129	3266	9.52888	9.52888	30.5263
k141_84011	1875	8.03826	8.03884	16.6847
k141_46130	1783	7.54991	7.54991	12.2501
k141_27148	1551	6.25339	6.25339	4.41783
k141_84013	2029	4.23523	4.23576	4.32832
k141_27151	1598	4.33287	4.33356	4.45605
k141_65047	44770	19.9666	19.9666	44.675
k141_65048	1744	3.99937	3.99937	4.47773
k141_46137	4189	12.0149	12.0149	26.7913
k141_65049	1846	4.55425	4.55425	3.3127
k141_112131	12153	8.42448	8.42448	15.4278
k141_46138	2521	9.38423	9.38465	22.302
k141_84014	7573	9.59626	9.59626	17.1632
k141_27165	3672	6.2385	6.2385	10.8087
k141_46145	2646	8.86458	8.86458	16.9194
k141_65058	1897	20.2971	20.2971	85.1218
k141_27169	2252	5.95956	5.95956	4.87744
k141_27170	2183	5.86424	5.86424	5.88221
k141_112143	4833	9.09374	9.09374	23.5463
k141_46152	3731	7.15526	7.15526	8.73318
k141_112144	1691	5.84426	5.84426	6.61084
k141_65068	1779	7.41375	7.41375	14.8115
k141_46156	1619	4.99796	4.99796	4.05791
k141_65070	1935	6.34118	6.34118	9.10155
k141_112154	1908	6.49545	6.49545	10.578
k141_65071	3534	32.383	32.383	173.355
k141_84032	4639	8.87347	8.87347	20.1631
k141_46157	4979	14.7722	14.7722	40.242
k141_27171	11074	11.2192	11.2192	24.8218
k141_112158	2017	8.29084	8.29084	18.307
k141_46161	2168	4.59613	4.59613	7.17108
k141_46164	1977	6.15545	6.15545	9.79066
k141_84050	1736	4.51324	4.51324	4.64491
k141_27185	1794	5.70377	5.70377	3.80931
k141_65076	9089	10.4238	10.4238	23.6216
k141_112159	9250	17.8876	17.8876	43.2033
k141_84056	1575	7.17333	7.17333	26.3499
k141_65078	1807	5.89861	5.89861	14.9257
k141_65080	1743	5.36158	5.36158	6.70958
k141_84060	2440	5.90742	5.90742	7.05131
k141_112166	2393	7.62729	7.62729	9.61749
k141_46187	1624	10.3738	10.3738	25.6097
k141_65089	2660	14.555	14.555	31.1924
k141_65091	3005	11.4641	11.4644	17.0707
k141_27212	2026	7.52772	7.52772	8.64505
k141_46189	5092	9.18272	9.18272	23.3067
k141_112171	9584	8.27168	8.27168	16.1009
k141_65092	2751	5.40177	5.40177	8.74964
k141_84076	1812	72.148	72.1486	526.702
k141_46192	1740	6.25472	6.25472	17.9319
k141_112175	1552	9.37232	9.37232	9.54584
k141_65095	1591	7.89313	7.89313	11.4872
k141_36900	87475	22.7397	22.7397	65.3534
k141_84077	2610	10.0541	10.0541	17.8544
k141_46199	2063	6.16519	6.16519	10.3043
k141_36907	1808	7.05669	7.05669	12.3686
k141_84081	3237	4.75154	4.75154	5.60746
k141_84082	1723	6.21933	6.21933	8.05302
k141_65104	2916	7.42263	7.42263	14.0929
k141_36913	2176	4.75913	4.75913	3.44219
k141_84086	1935	5.64034	5.64034	14.5186
k141_27221	12453	17.9021	17.9021	56.0271
k141_65107	2644	8.95068	8.95068	14.2483
k141_46214	2795	8.0397	8.0397	11.0245
k141_84095	2681	9.33228	9.33228	18.8181
k141_65115	2070	7.11615	7.11615	5.89636
k141_46218	2656	6.19832	6.19832	16.1056
k141_27225	5498	8.99289	8.99308	18.034
k141_84096	2004	7.58954	7.58954	10.0274
k141_65116	1710	5.39679	5.39679	8.66924
k141_112180	17518	15.069	15.069	47.7979
k141_112182	1705	5.5672	5.5672	7.31516
k141_46219	4017	9.8526	9.8526	18.0241
k141_36915	11885	15.0201	15.0201	30.7237
k141_84102	1572	7.73699	7.73699	11.0131
k141_46220	5609	8.4226	8.4226	14.6914
k141_84106	2220	7.09952	7.09952	8.29272
k141_36923	1876	8.84589	8.84589	21.7792
k141_27241	1578	5.56092	5.56092	6.48889
k141_84107	2632	6.62248	6.62248	6.69299
k141_46224	3740	7.90808	7.90808	19.4253
k141_112187	10270	14.7854	14.7854	41.6301
k141_65127	8179	37.1729	37.1729	78.6119
k141_84108	1908	7.72696	7.72696	14.5026
k141_112188	1881	6.25708	6.25708	7.72287
k141_46228	2744	6.80532	6.80532	23.4241
k141_27248	3703	9.59302	9.59302	16.1566
k141_36926	8046	9.0808	9.0808	15.2475
k141_112200	1629	4.11832	4.11832	2.04079
k141_36936	2162	8.28678	8.28678	13.577
k141_112206	1515	6.71941	6.71941	8.58618
k141_46243	1548	4.74464	4.74464	2.76437
k141_27252	9011	8.90058	8.90058	20.4178
k141_46244	1813	9.88635	9.88635	15.4654
k141_36937	3838	8.37934	8.37934	16.2594
k141_46245	2587	13.2708	13.2708	68.2595
k141_36939	2028	9.30405	9.30405	29.2453
k141_112212	3606	10.3718	10.3718	16.8132
k141_46250	1811	4.28537	4.28537	2.47996
k141_27260	2156	10.4287	10.4287	31.62
k141_36941	2397	7.26213	7.26213	11.8097
k141_46251	2054	8.58718	8.58718	16.768
k141_84126	9840	9.58566	9.58566	19.3684
k141_112214	1889	7.91029	7.91029	22.3533
k141_46253	1558	5.04474	5.04474	10.2247
k141_84127	1573	6.30148	6.30148	10.0898
k141_112215	2316	7.76177	7.76177	11.4544
k141_84128	1544	4.92109	4.92109	6.94136
k141_65138	21094	16.7351	16.7351	37.1655
k141_112218	2175	4.66272	4.66272	7.90544
k141_84131	1971	5.63591	5.63591	7.19101
k141_27274	2147	7.78267	7.78267	8.89066
k141_36944	13636	15.895	15.895	33.6855
k141_46259	10661	13.2644	13.2644	32.1588
k141_36947	1679	5.845	5.845	7.48969
k141_65146	2039	5.3441	5.3441	4.84021
k141_27280	3190	12.2411	12.2411	20.3588
k141_112229	1781	5.61803	5.61803	10.6559
k141_46262	2414	8.44214	8.44214	10.5632
k141_65152	1754	5.91958	5.91958	8.36594
k141_46268	2415	5.51921	5.51921	4.80981
k141_27282	5126	8.97448	8.97468	22.2477
k141_27283	2050	10.0421	10.0421	15.221
k141_46269	3055	8.12668	8.12668	12.9784
k141_84151	6002	8.24436	8.24436	18.2849
k141_36952	8689	13.5334	13.5334	33.3543
k141_65154	5093	7.17661	7.17661	14.7542
k141_27288	2696	6.93362	6.93362	13.3696
k141_46278	2020	9.78128	9.78128	10.8355
k141_27289	1817	7.41512	7.41512	12.645
k141_65158	1580	8.16364	8.16434	15.7442
k141_84152	5155	9.13786	9.13786	12.248
k141_84156	1522	6.05612	6.05612	9.17037
k141_46281	2400	10.1404	10.1404	17.2573
k141_36956	5112	11.8452	11.8452	37.6774
k141_112234	12708	14.4024	14.4024	34.9406
k141_65160	5211	9.05928	9.05947	13.6022
k141_46283	1502	9.47337	9.47337	16.245
k141_65162	1900	11.7989	11.7989	29.8744
k141_27303	1601	12.4831	12.4831	32.9133
k141_36963	2420	5.09119	5.09119	7.18828
k141_84163	3603	6.50941	6.50941	9.78885
k141_112235	4772	10.4165	10.4167	14.7188
k141_112236	2008	9.43703	9.43703	7.66458
k141_36971	1573	7.38299	7.38299	8.52622
k141_46294	2400	5.76667	5.76667	6.54622
k141_84165	4644	8.70583	8.70583	12.5282
k141_27310	2431	6.51644	6.51644	14.6646
k141_27312	1534	7.89957	7.89957	7.19095
k141_84166	2951	14.0557	14.0557	23.0669
k141_112246	1869	8.03665	8.03723	14.399
k141_27314	2214	6.7718	6.7718	7.70699
k141_112250	1520	10.454	10.454	28.9319
k141_27315	1857	7.08084	7.08084	12.31
k141_46299	4405	12.9126	12.9126	23.6974
k141_36986	4201	8.45322	8.45322	11.5123
k141_36989	2200	8.23756	8.23756	19.4735
k141_27319	1595	9.31142	9.31142	18.2381
k141_27320	3531	8.33452	8.33452	11.1771
k141_84181	2109	7.38846	7.38846	9.45217
k141_36996	1997	9.11099	9.11099	11.3208
k141_84184	1867	5.40186	5.40186	3.90023
k141_37000	1565	6.69611	6.69611	11.9528
k141_65167	22293	18.5646	18.5646	38.9787
k141_84188	2124	7.06332	7.06332	8.37761
k141_37003	3665	6.93855	6.93855	5.96324
k141_112258	11622	10.9406	10.9406	23.8347
k141_84189	2041	14.6817	14.6817	19.4289
k141_65170	4821	10.2567	10.2567	20.8795
k141_27336	4909	8.84009	8.84009	21.0468
k141_65171	1644	10.162	10.162	15.1017
k141_84191	3876	9.7547	9.7547	20.0976
k141_84195	3602	9.85197	9.85197	21.2631
k141_65178	2640	6.94257	6.94257	18.52
k141_65180	3361	7.44161	7.44161	8.1993
k141_84198	4451	10.2516	10.2516	21.1387
k141_37032	1620	7.41973	7.41973	10.9912
k141_65182	6408	11.4393	11.4393	21.144
k141_37038	1968	7.82893	7.82893	8.91242
k141_37039	1515	10.3553	10.3553	19.3979
k141_84200	5478	7.74944	7.74944	11.492
k141_65185	2284	6.16589	6.16589	7.63681
k141_65186	1632	5.62146	5.62146	7.39399
k141_65191	2188	10.8494	10.8494	22.0623
k141_27380	4092	11.0013	11.0013	18.5838
k141_65196	2129	8.72259	8.72259	22.3726
k141_84214	2372	6.37894	6.37894	7.13143
k141_27387	2284	12.545	12.545	26.9063
k141_27388	3243	7.60168	7.60168	9.58179
k141_65203	1582	5.31075	5.31075	3.63015
k141_84226	1572	7.80098	7.80098	14.5873
k141_65204	1723	8.52575	8.52575	12.7775
k141_112273	34083	21.1762	21.1762	41.3563
k141_65210	4212	11.2949	11.2949	19.7256
k141_27397	4937	6.84437	6.84437	13.1503
k141_112277	3195	8.28703	8.28703	15.0983
k141_27408	1567	8.53211	8.53211	18.4651
k141_27412	4246	9.07568	9.07568	16.9528
k141_84228	21142	11.4847	11.4847	25.2716
k141_112293	5796	7.52444	7.52444	14.1628
k141_27413	5965	8.5687	8.5687	17.7499
k141_84232	3426	6.92949	6.92949	7.36511
k141_27416	2962	16.0868	16.0871	33.8667
k141_84236	1879	7.03412	7.03412	6.46234
k141_112309	1690	41.1169	41.1175	112.894
k141_84238	2380	13.7583	13.7583	86.4009
k141_65214	30646	12.9147	12.9147	25.8042
k141_27419	6757	7.98698	7.98698	13.1593
k141_46306	90145	19.3455	19.3455	42.2361
k141_27423	1773	6.6223	6.6223	7.29314
k141_84246	1996	8.77248	8.77248	7.66527
k141_37044	61501	27.2752	27.2752	79.9609
k141_46314	3154	8.38682	8.38682	14.7494
k141_112328	3569	11.0167	11.0167	17.5992
k141_65231	2420	18.2753	18.2753	50.2851
k141_37048	2784	8.65983	8.65983	17.9458
k141_37052	3023	6.63905	6.63905	10.0148
k141_112340	2355	4.48934	4.4898	7.14841
k141_65241	1554	5.81766	5.81766	5.10287
k141_112341	1855	8.32434	8.32493	13.2934
k141_27442	3188	5.7235	5.7235	8.11263
k141_46325	3836	8.60336	8.60336	14.1829
k141_46327	1683	6.07502	6.07502	6.73781
k141_37063	1915	9.55524	9.55524	12.0906
k141_65245	5428	9.35184	9.35184	22.2819
k141_37067	2120	4.87767	4.87767	8.76459
k141_65246	3483	11.4113	11.4113	37.6427
k141_46333	3690	8.44181	8.44209	9.68608
k141_84282	1599	5.43202	5.43202	17.1434
k141_37068	1763	4.56727	4.56727	4.57939
k141_84283	2346	7.14071	7.14071	7.782
k141_112356	2518	7.70186	7.70186	9.41596
k141_27449	7996	8.41117	8.41117	17.3077
k141_84284	1551	7.79443	7.79443	9.18619
k141_37070	2405	7.85721	7.85721	11.1021
k141_112360	2063	10.2896	10.2896	14.3177
k141_27450	2269	8.61539	8.61539	19.8467
k141_84286	3345	6.99249	6.99249	9.668
k141_46339	6694	9.93658	9.93658	17.978
k141_84287	1831	8.64723	8.64723	13.4952
k141_112368	2995	5.99402	5.99402	12.4132
k141_84289	2191	7.1367	7.1367	16.4155
k141_46342	1975	14.9156	14.9156	20.5652
k141_27461	1574	3.26966	3.26966	2.01439
k141_37074	10077	13.1372	13.1372	28.4199
k141_46343	1660	6.83245	6.83245	11.7075
k141_84291	2538	6.58459	6.58501	9.19115
k141_65273	1643	4.07301	4.07301	3.63611
k141_27465	2521	8.34627	8.34627	11.7978
k141_46346	1635	5.29091	5.29091	14.2064
k141_37079	3386	7.15544	7.15544	13.9176
k141_65278	1522	5.61808	5.61808	2.79785
k141_27474	1963	6.69112	6.69112	8.85269
k141_112370	11978	12.8455	12.8455	33.8223
k141_84296	9818	10.9148	10.9148	23.3169
k141_27482	2923	6.65849	6.65849	8.44862
k141_37083	7296	6.75259	6.75259	10.4613
k141_84301	1713	8.611	8.611	9.46447
k141_112382	2093	10.7679	10.7679	24.7673
k141_46370	2373	4.8502	4.8502	5.82233
k141_65297	1833	4.46465	4.46524	6.35598
k141_112386	1853	7.86905	7.86905	8.57568
k141_37091	2071	7.36491	7.36491	12.9631
k141_84307	2599	40.5272	40.5272	80.0687
k141_65303	1565	8.96113	8.96113	17.7177
k141_46375	2642	6.74358	6.74358	6.9567
k141_112391	2845	6.96475	6.96475	10.5671
k141_65305	2697	7.90067	7.90067	14.4933
k141_37095	2661	7.85225	7.85225	12.5801
k141_46377	1875	8.65217	8.65217	16.538
k141_84313	6119	10.6003	10.6003	27.541
k141_46384	2138	10.6922	10.6922	15.2168
k141_37103	2082	7.45031	7.45031	14.3636
k141_84316	1683	4.44684	4.44684	5.11677
k141_65319	5990	11.1217	11.1217	21.8107
k141_37108	2236	6.9209	6.9209	9.8375
k141_84325	1681	6.9373	6.9373	6.85487
k141_65323	1668	8.94664	8.94664	11.2635
k141_46391	3547	15.5949	15.5949	29.5188
k141_37112	6194	9.19424	9.19424	20.0391
k141_112422	1785	12.4177	12.4177	22.6351
k141_65327	1564	5.48161	5.48161	7.24775
k141_112424	3461	6.19481	6.19481	11.2276
k141_27488	34410	18.2661	18.2661	42.4249
k141_112431	1514	5.6415	5.6415	6.30496
k141_46401	5986	10.0516	10.0517	19.1994
k141_84348	1550	5.935	5.935	7.69626
k141_65339	3650	9.17914	9.17914	13.6812
k141_65343	2803	8.37392	8.37392	11.5909
k141_112436	3722	16.6431	16.6431	44.5832
k141_112437	3946	7.03109	7.03109	5.77975
k141_37114	18620	12.0146	12.0146	28.2741
k141_84352	10511	9.53161	9.53161	22.5773
k141_46407	8182	16.5228	16.5228	52.8183
k141_37116	1655	5.52425	5.52425	6.28013
k141_84353	1861	6.66686	6.66686	8.61525
k141_27514	1725	11.1676	11.1676	28.4076
k141_37118	2383	6.90058	6.90058	12.9399
k141_112442	3471	12.2433	12.2433	28.669
k141_65361	3565	9.5713	9.5713	19.4293
k141_46416	3174	8.75496	8.75496	20.3498
k141_65364	2899	6.40087	6.40087	8.27464
k141_84366	4429	7.30591	7.30591	8.03101
k141_37124	5211	10.6892	10.6892	15.2362
k141_112454	2284	4.80272	4.80272	6.03003
k141_27526	2498	7.85988	7.85988	15.6418
k141_37126	2760	6.82146	6.82146	12.7531
k141_27530	1642	7.84987	7.84987	6.87617
k141_112455	3801	10.7269	10.7269	20.7415
k141_27531	1917	5.70515	5.70515	6.08343
k141_37130	1814	7.47176	7.47176	15.2452
k141_27533	1565	7.54912	7.54912	11.187
k141_46420	8146	25.7676	25.7676	81.454
k141_65383	2027	7.14864	7.14864	15.8526
k141_112470	1789	9.69067	9.69067	9.84264
k141_37132	5451	6.23788	6.23788	7.78573
k141_27543	1606	4.69712	4.69712	4.18519
k141_46429	1752	12.0156	12.0156	19.2144
k141_27544	1753	6.5577	6.5577	9.50771
k141_112471	4879	8.37027	8.37027	14.7617
k141_84384	7915	11.9082	11.9082	21.3402
k141_37138	1961	8.11651	8.11651	18.1317
k141_65393	2779	9.5968	9.5968	19.0094
k141_27550	2445	7.00523	7.00523	11.7192
k141_37143	2214	8.73547	8.73547	40.5582
k141_37146	1824	6.42593	6.42593	7.48073
k141_65397	3031	6.59216	6.59216	9.02221
k141_65399	1806	7.52234	7.52234	12.1059
k141_37148	1999	7.4013	7.4013	6.27175
k141_112478	5287	11.0932	11.0932	15.4895
k141_46446	3705	11.3232	11.3232	21.3129
k141_37151	1951	6.29373	6.29373	6.14093
k141_27561	4123	7.86761	7.86761	7.9971
k141_112481	4289	13.9495	13.9495	36.4335
k141_46449	2374	5.35881	5.35881	7.8883
k141_46455	2140	7.62211	7.62211	8.08532
k141_84399	12480	8.92425	8.92425	17.149
k141_27577	5131	11.327	11.327	22.4716
k141_112484	13511	20.6966	20.6966	49.4483
k141_27585	2400	9.88756	9.88756	14.251
k141_112488	4755	33.6641	33.6641	88.4581
k141_37179	7906	10.7879	10.7879	24.9362
k141_65406	25238	22.1807	22.1807	46.6747
k141_46456	21516	31.2497	31.2497	124.791
k141_65410	3029	9.35116	9.35116	27.6325
k141_46462	2363	7.76548	7.76548	7.69674
k141_65411	2610	6.28333	6.28333	8.79529
k141_37192	9462	9.44706	9.44706	18.4066
k141_65422	7254	8.91864	8.91864	15.9066
k141_46468	9399	13.313	13.313	29.6182
k141_27590	23570	11.1237	11.1237	23.8001
k141_37200	2883	8.59568	8.59568	21.5393
k141_65428	3612	6.48671	6.48671	7.79739
k141_27592	3777	7.00358	7.00358	10.1734
k141_37209	2285	6.72365	6.72365	11.6085
k141_37211	3308	6.9411	6.9411	10.6674
k141_65435	3254	7.19137	7.19137	12.002
k141_37215	1854	6.61326	6.61326	3.30717
k141_65437	1942	8.83426	8.83426	16.2958
k141_46476	14754	15.2787	15.2787	34.4131
k141_37223	1757	7.08027	7.08027	3.98547
k141_37224	1705	6.74984	6.74984	14.781
k141_46479	1749	5.20388	5.20388	4.77812
k141_27599	11253	12.2741	12.2741	26.4431
k141_27602	1504	5.0229	5.02363	6.51827
k141_46483	3735	10.8499	10.8499	15.8642
k141_65454	2464	10.8423	10.8427	23.0916
k141_37233	2212	5.49952	5.49952	7.15939
k141_27609	2061	9.57666	9.57666	11.7785
k141_46484	3279	4.35347	4.35379	4.13344
k141_37234	1594	5.98269	5.98269	6.29423
k141_27617	3155	5.27521	5.27521	6.03513
k141_37243	3314	5.49178	5.49178	9.85476
k141_46500	1602	6.39669	6.39669	9.58893
k141_27628	2594	6.59329	6.59329	11.0855
k141_37244	10563	9.11169	9.11169	16.4522
k141_27629	3016	6.06106	6.06106	8.84619
k141_65480	6354	11.0401	11.0401	74.0134
k141_37245	4189	10.0485	10.0485	17.4667
k141_65484	1675	7.24	7.24	11.4463
k141_37260	2044	5.09979	5.09979	10.7576
k141_27632	13717	12.8162	12.8162	22.8325
k141_37262	2885	7.73492	7.73492	13.8702
k141_65501	1941	6.75321	6.75321	8.49439
k141_65503	2614	6.42979	6.42979	9.27969
k141_37267	3598	10.3698	10.3698	20.7946
k141_112489	92687	141.509	141.509	965.162
k141_37268	1550	17.3743	17.3743	55.7066
k141_112491	2972	125.479	125.479	1320.89
k141_27636	11876	9.15495	9.15495	20.2487
k141_65511	4016	9.75401	9.75401	29.8301
k141_27637	1517	10.5406	10.5406	40.947
k141_27639	1596	7.78077	7.78077	11.468
k141_112495	3777	15.1527	15.1527	40.8102
k141_37271	7100	8.9259	8.9259	16.0872
k141_65518	1920	7.23898	7.23898	16.8999
k141_27645	1993	9.61422	9.61422	23.4999
k141_37280	3454	7.2842	7.2842	10.9057
k141_27651	3667	6.64942	6.64942	9.78412
k141_27653	1867	10.2044	10.2044	23.0216
k141_65533	2971	11.6742	11.6742	21.6531
k141_37289	1566	11.4414	11.4414	20.1635
k141_27654	1955	18.3213	18.3213	47.2083
k141_112497	15693	67.8799	67.8799	223.243
k141_27655	2093	6.93721	6.93721	5.52129
k141_46504	57727	15.926	15.926	35.4744
k141_27662	1535	9.59495	9.59495	34.9536
k141_37304	3732	6.06365	6.06365	11.7698
k141_112514	1590	8.28403	8.28403	13.4405
k141_46514	4143	11.0706	11.0706	17.7129
k141_65540	12933	18.2444	18.2444	35.0221
k141_37311	5305	6.97808	6.97808	8.4429
k141_112524	1685	1454.96	1454.96	127813
k141_46517	3961	6.62792	6.62792	11.8389
k141_46525	2911	7.78884	7.78884	7.7717
k141_37321	1632	5.82591	5.82591	8.06565
k141_46531	1615	5.46007	5.46007	6.22534
k141_37325	1933	8.28211	8.28211	7.02194
k141_37328	2176	7.18509	7.18509	8.39877
k141_46536	1577	6.57533	6.57533	9.79151
k141_65546	15560	16.8939	16.8939	34.026
k141_37335	2522	6.27614	6.27614	6.62762
k141_37336	1747	6.96431	6.96431	7.01562
k141_46538	6200	10.3188	10.319	24.5426
k141_65551	2590	6.89385	6.89385	10.0062
k141_46541	2311	6.33596	6.33596	13.2549
k141_46542	1705	7.83344	7.83344	20.3808
k141_65558	1679	8.71746	8.71746	6.2578
k141_27703	34608	19.1504	19.1504	40.824
k141_37344	2449	5.26011	5.26011	5.45103
k141_65559	2322	8.50414	8.50414	17.6218
k141_27705	4126	9.01283	9.01283	14.6546
k141_37350	2076	8.4756	8.4756	13.642
k141_46545	5702	8.69939	8.69939	20.0199
k141_37351	2540	6.62469	6.62469	9.87033
k141_37352	1783	7.97857	7.97857	23.8134
k141_65567	4487	9.56837	9.56837	26.4954
k141_27716	2149	6.51826	6.51826	6.65818
k141_46547	7051	9.92769	9.92769	23.1708
k141_27719	1560	5.63192	5.63192	3.9815
k141_37361	2741	6.03474	6.03474	13.0744
k141_65573	4217	8.31743	8.31743	12.0691
k141_46555	1549	5.67691	5.67691	5.13159
k141_27720	4618	11.2433	11.2433	23.659
k141_65575	2222	7.03716	7.03716	15.7915
k141_37363	3174	6.33333	6.33333	9.94652
k141_37365	2369	5.72375	5.72375	6.01611
k141_46564	1748	18.5939	18.5939	30.3239
k141_27731	3549	7.7208	7.7208	12.1171
k141_46570	2598	5.49142	5.49142	4.15766
k141_37373	1960	6.01934	6.01934	5.49934
k141_65589	4043	9.66427	9.66427	15.9363
k141_65590	1628	6.33221	6.33221	10.9451
k141_46575	1699	5.00065	5.00065	5.44763
k141_27740	2733	11.6508	11.6508	25.7222
k141_37382	1651	8.66023	8.66023	10.5724
k141_46577	1637	7.71284	7.71284	9.79695
k141_65601	1591	5.17488	5.17488	5.06661
k141_37387	2738	7.77821	7.77821	17.1583
k141_46588	1658	6.60212	6.60212	7.98364
k141_37389	2509	7.13184	7.13184	13.4599
k141_27743	7472	8.03865	8.03865	12.1938
k141_46590	2063	7.8735	7.8735	28.4779
k141_65602	6098	8.52959	8.52976	19.2777
k141_46591	1545	6.5914	6.5914	10.2318
k141_46592	2209	5.4643	5.4643	6.80481
k141_37391	4317	10.8632	10.8632	15.125
k141_65609	1517	9.36723	9.36723	18.1577
k141_37394	1655	7.66113	7.66113	8.68039
k141_65621	1798	10.4126	10.4126	12.0275
k141_46602	4120	8.82922	8.82922	13.9306
k141_65624	2029	14.3699	14.3699	29.1822
k141_27762	7329	12.9284	12.9284	29.4002
k141_65625	2620	8.97935	8.97935	11.4063
k141_27764	1509	5.3429	5.3429	8.98541
k141_37403	8019	14.898	14.898	31.0514
k141_27769	1688	23.4623	23.4623	264.6
k141_46608	6886	9.34026	9.34041	12.7915
k141_65635	1635	6.33872	6.33872	12.0853
k141_46609	2692	8.60149	8.60149	26.2287
k141_37413	2377	7.35159	7.35159	7.76717
k141_27777	1706	16.322	16.322	19.6023
k141_65641	5254	10.7185	10.7185	13.3153
k141_65644	1504	9.3065	9.3065	23.4189
k141_27785	1912	6.00908	6.00908	7.6376
k141_46611	6937	7.77766	7.77766	12.9712
k141_27792	2569	6.99752	6.99752	7.7155
k141_46617	2363	6.32174	6.32174	5.80424
k141_37436	2889	9.51296	9.51296	24.4238
k141_37439	2302	8.72165	8.72165	14.0032
k141_46627	1791	7.37112	7.37112	5.65425
k141_27794	7267	16.9161	16.9161	41.4482
k141_37442	3918	8.37872	8.37872	16.9825
k141_37443	1521	5.09701	5.09701	3.63658
k141_27807	1677	6.22659	6.22659	6.11382
k141_46630	12184	11.9222	11.9222	20.609
k141_37455	1597	5.80166	5.80166	5.98346
k141_27823	1573	8.45608	8.45608	13.0598
k141_37458	6138	12.2153	12.2153	24.532
k141_27827	1519	8.70709	8.70709	21.3812
k141_37461	4292	8.78899	8.78899	10.9706
k141_37466	6854	10.9423	10.9423	27.5005
k141_46646	19264	13.7565	13.7565	30.7256
k141_37469	2624	7.25505	7.25505	11.6637
k141_27833	23542	9.52642	9.52642	16.0603
k141_37479	4974	8.29022	8.29042	17.2188
k141_46658	6178	8.2291	8.2291	14.8336
k141_46665	1675	6.72066	6.72066	13.7356
k141_46666	1886	5.96256	5.96256	10.8118
k141_46669	2032	7.21838	7.21838	8.61632
k141_37500	2326	4.39568	4.39568	5.73999
k141_46673	2796	8.4845	8.4845	17.1458
k141_37505	1928	5.85489	5.85489	11.8642
k141_37509	2897	8.14307	8.14307	9.27914
k141_46684	1810	8.81687	8.81687	13.0443
k141_27834	24908	18.6627	18.6627	54.4247
k141_37513	1962	5.00276	5.00276	4.5693
k141_46688	2121	6.98326	6.98326	4.29971
k141_46693	3449	21.5177	21.5177	249.645
k141_46694	3600	10.5386	10.5386	20.2835
k141_46695	1805	5.23323	5.23323	4.39174
k141_46700	18766	12.7612	12.7612	25.4648
k141_46701	1978	10.8961	10.8961	29.0566
k141_46723	1565	7.42686	7.42686	14.2223
k141_27839	47577	17.8728	17.8728	38.69
k141_27842	3879	9.93939	9.93939	15.8002
k141_46725	4703	7.07929	7.07929	13.7145
k141_46726	1778	3.9441	3.9441	4.77427
k141_27845	2530	6.9479	6.9479	9.24819
k141_46727	3741	9.19326	9.19326	12.5773
k141_27849	1979	5.54784	5.54784	12.1824
k141_46730	8843	11.8918	11.8918	22.0591
k141_46732	3882	10.0852	10.0852	12.7903
k141_27850	12604	7.35852	7.35852	11.9057
k141_46736	1722	8.54453	8.54453	28.7219
k141_46738	1974	10.4879	10.4879	16.125
k141_46746	1757	5.96889	5.96889	8.4399
k141_27864	5463	16.7135	16.7137	159.198
k141_46750	1567	5.80805	5.80805	7.42637
k141_27871	2474	10.8657	10.8657	21.8236
k141_46756	5462	6.90889	6.90889	12.0191
k141_27878	5366	11.2358	11.2358	19.9974
k141_27882	1576	3.65638	3.65638	2.8531
k141_46764	4163	8.88836	8.88836	14.7304
k141_27886	1987	6.67338	6.67338	12.8835
k141_27888	4667	9.32367	9.32367	16.4037
k141_46767	4880	9.87653	9.87653	29.2624
k141_27892	3619	8.48112	8.48112	8.54341
k141_27895	8386	10.6582	10.6582	22.6897
k141_46769	14789	11.5584	11.5584	24.1304
k141_27904	2115	5.45903	5.45903	5.60898
k141_46775	1632	7.75708	7.75708	11.0145
k141_27905	4781	8.39797	8.39797	14.7962
k141_27906	1759	5.26103	5.26103	6.00146
k141_46780	4223	8.41517	8.41517	16.5645
k141_27915	1641	4.77532	4.77599	2.57262
k141_27916	1798	13.872	13.872	33.4463
k141_27918	4454	7.8355	7.8355	22.8721
k141_46792	8035	11.7692	11.7692	24.052
k141_46795	3485	8.92084	8.92084	11.3398
k141_27925	3640	6.71948	6.71948	6.09078
k141_46801	3281	6.16417	6.16417	8.44336
k141_27929	1652	7.79893	7.79893	15.8836
k141_46810	4770	11.8556	11.8556	19.6177
k141_27933	12343	13.6418	13.6418	28.8012
k141_27937	1747	8.07326	8.07326	12.0742
k141_46826	2642	11.2757	11.2761	22.9113
k141_46831	2105	9.54322	9.54322	15.234
k141_27940	9429	9.42009	9.42009	25.5619
k141_27947	1504	4.28065	4.28139	3.33316
k141_27971	2240	9.8933	9.8933	17.0117
k141_46850	12044	13.8079	13.8079	24.9026
k141_46852	3821	6.90493	6.90493	9.27415
k141_46859	2048	10.9199	10.9199	20.9057
k141_27977	8955	16.3712	16.3713	33.8088
k141_46860	1510	5.23162	5.23235	5.71785
k141_46875	1537	4.95242	4.95242	4.44075
k141_46879	2676	8.38559	8.38559	22.1292
k141_46881	2365	6.57517	6.57517	10.4114
k141_46882	2146	16.4679	16.4679	23.8531
k141_28007	3636	9.38181	9.38181	17.3025
k141_28018	2081	6.18954	6.18954	5.3796
k141_46888	7216	11.2901	11.2901	26.8447
k141_46890	1965	5.75207	5.75207	10.1358
k141_46893	3328	13.3266	13.3266	22.038
k141_28030	3705	9.0391	9.0391	28.2586
k141_28034	2297	7.83745	7.83745	14.1699
k141_28035	1590	5.60139	5.60139	3.5422
k141_28038	4350	7.38571	7.38571	24.7717
k141_28046	10184	10.67	10.6701	19.4763
k141_28050	9056	53.6772	53.6772	513.766
k141_28051	3504	11.1929	11.1929	19.3261
k141_28053	2949	5.50768	5.50768	9.00771
k141_28061	2519	18.1912	18.1912	41.2687
k141_28072	7315	9.43824	9.43824	22.0955
k141_28077	3042	5.29357	5.29357	8.50216
k141_28079	1755	6.6891	6.6891	16.8975
k141_28084	1638	5.84005	5.84005	9.04634
k141_28085	1675	5.71279	5.71279	5.32429
k141_28086	5347	7.51761	7.51761	15.5635
k141_28088	3237	7.51409	7.51409	12.6399
k141_28089	2030	9.98191	9.98191	10.9778
k141_28098	2355	7.15918	7.15918	9.73196
k141_28106	3574	10.8843	10.8843	17.2596
k141_28122	4896	11.3154	11.3154	16.3744
k141_28127	1707	7.3237	7.3237	8.54672
k141_28128	2162	5.76541	5.76541	19.4658
k141_28131	2385	7.12304	7.12304	8.91109
k141_28133	2281	13.9625	13.9625	20.6586
k141_28136	6734	7.53645	7.53645	11.315
